timestamp,latitude,longitude,depth,magnitude,distance,erupting,rate_1d,maxmag_1d,rate_7d,maxmag_7d,rate_30d,maxmag_30d
1983-01-01 00:18:51,19.3052,-155.2292,6.11,1.92,14.2327,0,0,0.0,0,0.0,0,0.0
1983-01-01 00:43:33,19.3628,-155.17,3.05,2.14,13.8738,0,1,1.92,1,1.92,1,1.92
1983-01-01 00:50:44,19.3818,-155.2425,0.98,2.23,6.3863,0,2,2.14,2,2.14,2,2.14
1983-01-01 01:25:45,19.3442,-155.1575,8.63,2.25,16.0452,0,3,2.23,3,2.23,3,2.23
1983-01-01 01:58:30,19.3343,-155.0647,6.03,1.78,25.2329,0,4,2.25,4,2.25,4,2.25
1983-01-01 05:26:02,19.3493,-155.1777,8.05,1.63,13.9645,0,5,2.25,5,2.25,5,2.25
1983-01-01 06:15:16,19.3625,-155.182,2.73,2.05,12.7909,0,6,2.25,6,2.25,6,2.25
1983-01-01 09:37:21,19.3178,-155.2245,7.98,1.65,13.2163,0,7,2.25,7,2.25,7,2.25
1983-01-01 14:52:15,19.3488,-155.1878,8.5,2.16,13.1425,0,8,2.25,8,2.25,8,2.25
1983-01-01 15:42:44,19.3648,-155.188,3.06,2.6,12.1194,0,9,2.25,9,2.25,9,2.25
1983-01-01 15:51:16,19.3613,-155.1892,3.24,1.84,12.2188,0,10,2.6,10,2.6,10,2.6
1983-01-02 00:55:41,19.5113,-155.3947,6.7,1.53,15.1097,0,11,2.6,11,2.6,11,2.6
1983-01-02 02:12:54,19.364,-155.1883,2.54,1.63,12.1386,0,12,2.6,12,2.6,12,2.6
1983-01-02 06:46:18,19.3265,-155.1355,7.07,1.51,19.0521,0,13,2.6,13,2.6,13,2.6
1983-01-02 07:48:42,19.356,-155.1478,6.11,2.77,16.2918,0,14,2.6,14,2.6,14,2.6
1983-01-02 09:06:55,19.3402,-155.1633,6.52,1.56,15.7826,0,15,2.77,15,2.77,15,2.77
1983-01-02 10:07:03,19.2843,-155.367,4.72,2.2,17.3634,0,16,2.77,16,2.77,16,2.77
1983-01-02 10:38:09,19.3615,-155.1863,2.73,1.84,12.4634,0,17,2.77,17,2.77,17,2.77
1983-01-02 11:08:01,19.3688,-155.1763,2.32,2.84,12.981,0,18,2.77,18,2.77,18,2.77
1983-01-02 11:13:40,19.3688,-155.1728,2.71,1.7,13.3104,0,19,2.84,19,2.84,19,2.84
1983-01-02 11:48:45,19.359,-155.1655,1.65,2.84,14.4894,0,20,2.84,20,2.84,20,2.84
1983-01-02 12:18:50,19.3718,-155.1652,4.01,1.52,13.8972,0,21,2.84,21,2.84,21,2.84
1983-01-02 12:38:09,19.3695,-155.1693,3.5,1.53,13.6087,0,22,2.84,22,2.84,22,2.84
1983-01-02 12:58:09,19.3708,-155.1647,3.58,1.57,13.9895,0,23,2.84,23,2.84,23,2.84
1983-01-02 13:03:23,19.3715,-155.162,3.51,1.57,14.2193,0,24,2.84,24,2.84,24,2.84
1983-01-02 13:33:47,19.3708,-155.157,3.84,1.52,14.7335,0,25,2.84,25,2.84,25,2.84
1983-01-02 13:41:44,19.3683,-155.1537,3.57,1.53,15.1598,0,26,2.84,26,2.84,26,2.84
1983-01-02 13:42:19,19.3697,-155.1547,4.0,1.6,15.0032,0,27,2.84,27,2.84,27,2.84
1983-01-02 14:15:49,19.37,-155.1675,3.87,1.54,13.7572,0,28,2.84,28,2.84,28,2.84
1983-01-02 14:37:04,19.3712,-155.1515,3.61,1.87,15.2527,0,29,2.84,29,2.84,29,2.84
1983-01-02 14:38:25,19.3752,-155.1533,3.88,1.91,14.9192,0,30,2.84,30,2.84,30,2.84
1983-01-02 14:39:25,19.3737,-155.1498,3.77,1.6,15.3213,0,31,2.84,31,2.84,31,2.84
1983-01-02 14:40:55,19.3695,-155.149,3.9,1.7,15.566,0,32,2.84,32,2.84,32,2.84
1983-01-02 14:42:18,19.37,-155.146,3.37,1.95,15.839,0,33,2.84,33,2.84,33,2.84
1983-01-02 14:46:18,19.3692,-155.1625,3.37,1.53,14.2723,0,34,2.84,34,2.84,34,2.84
1983-01-02 15:24:21,19.3702,-155.1567,3.49,1.52,14.788,0,35,2.84,35,2.84,35,2.84
1983-01-02 15:31:18,19.372,-155.154,3.23,1.55,14.9761,0,36,2.84,36,2.84,36,2.84
1983-01-02 15:51:06,19.3802,-155.1453,2.45,1.51,15.5389,0,37,2.84,37,2.84,37,2.84
1983-01-02 15:53:31,19.3743,-155.1408,2.77,2.82,16.1896,0,38,2.84,38,2.84,38,2.84
1983-01-02 15:55:56,19.3762,-155.1397,3.04,1.51,16.2327,0,39,2.84,39,2.84,39,2.84
1983-01-02 15:56:50,19.3765,-155.1418,3.33,1.82,16.0129,0,40,2.84,40,2.84,40,2.84
1983-01-02 15:59:13,19.3745,-155.1413,2.78,1.95,16.1327,0,41,2.84,41,2.84,41,2.84
1983-01-02 16:08:02,19.379,-155.153,3.92,1.65,14.81,0,42,2.84,42,2.84,42,2.84
1983-01-02 16:14:44,19.3752,-155.1443,3.44,1.91,15.8097,0,43,2.84,43,2.84,43,2.84
1983-01-02 16:19:10,19.37,-155.1548,4.09,1.74,14.9808,0,44,2.84,44,2.84,44,2.84
1983-01-02 16:22:16,19.3697,-155.1593,2.67,1.65,14.5581,0,45,2.84,45,2.84,45,2.84
1983-01-02 16:27:26,19.362,-155.1423,2.53,1.88,16.5346,0,46,2.84,46,2.84,46,2.84
1983-01-02 16:28:52,19.3693,-155.143,3.27,1.75,16.1607,0,47,2.84,47,2.84,47,2.84
1983-01-02 16:51:34,19.3632,-155.154,3.01,1.66,15.3595,0,48,2.84,48,2.84,48,2.84
1983-01-02 16:56:33,19.3632,-155.144,4.46,2.01,16.318,0,49,2.84,49,2.84,49,2.84
1983-01-02 17:02:05,19.3775,-155.1457,4.84,1.53,15.5895,0,50,2.84,50,2.84,50,2.84
1983-01-02 17:04:49,19.3635,-155.153,3.4,2.5,15.441,0,51,2.84,51,2.84,51,2.84
1983-01-02 17:06:03,19.3795,-155.147,2.85,1.7,15.3917,0,52,2.84,52,2.84,52,2.84
1983-01-02 17:23:53,19.3757,-155.1485,3.42,1.78,15.375,0,53,2.84,53,2.84,53,2.84
1983-01-02 17:26:15,19.3697,-155.1538,3.57,1.75,15.0905,0,54,2.84,54,2.84,54,2.84
1983-01-02 17:28:37,19.3737,-155.1448,2.56,1.89,15.8149,0,55,2.84,55,2.84,55,2.84
1983-01-02 17:33:49,19.3678,-155.1435,1.76,1.9,16.172,0,56,2.84,56,2.84,56,2.84
1983-01-02 17:34:39,19.4075,-155.179,0.5,1.77,11.4255,0,57,2.84,57,2.84,57,2.84
1983-01-02 17:41:37,19.3565,-155.1122,2.22,1.61,19.6877,0,58,2.84,58,2.84,58,2.84
1983-01-02 18:10:04,19.369,-155.1738,3.34,1.58,13.2063,0,59,2.84,59,2.84,59,2.84
1983-01-02 18:16:38,19.3642,-155.1533,1.92,1.7,15.3802,0,60,2.84,60,2.84,60,2.84
1983-01-02 18:28:53,19.3795,-155.1523,3.23,1.53,14.8623,0,61,2.84,61,2.84,61,2.84
1983-01-02 19:05:43,19.379,-155.0907,2.39,2.54,21.1115,0,62,2.84,62,2.84,62,2.84
1983-01-02 19:14:56,19.3765,-155.169,3.55,1.59,13.3289,0,63,2.84,63,2.84,63,2.84
1983-01-02 19:17:56,19.3747,-155.143,2.9,1.58,15.9568,0,64,2.84,64,2.84,64,2.84
1983-01-02 19:18:17,19.3908,-155.1287,3.58,1.82,16.9386,0,65,2.84,65,2.84,65,2.84
1983-01-02 19:25:51,19.3738,-155.1135,2.08,2.62,18.9392,0,66,2.84,66,2.84,66,2.84
1983-01-02 19:41:16,19.378,-155.1442,2.67,1.51,15.7221,0,67,2.84,67,2.84,67,2.84
1983-01-02 19:46:41,19.3088,-155.116,3.35,1.66,21.8507,0,68,2.84,68,2.84,68,2.84
1983-01-02 19:48:51,19.3655,-155.1877,2.45,3.15,12.1064,0,69,2.84,69,2.84,69,2.84
1983-01-02 19:51:25,19.3642,-155.1552,0.95,1.53,15.1987,0,70,3.15,70,3.15,70,3.15
1983-01-02 20:25:20,19.3718,-155.142,2.32,1.52,16.1625,0,71,3.15,71,3.15,71,3.15
1983-01-02 20:31:05,19.3727,-155.1715,3.21,1.52,13.2515,0,72,3.15,72,3.15,72,3.15
1983-01-02 21:12:02,19.3313,-155.208,7.24,1.58,12.9676,0,73,3.15,73,3.15,73,3.15
1983-01-02 21:17:25,19.34,-155.059,8.39,2.69,25.5559,0,74,3.15,74,3.15,74,3.15
1983-01-02 21:38:55,19.3728,-155.17,3.32,1.52,13.391,0,75,3.15,75,3.15,75,3.15
1983-01-02 21:41:44,19.3337,-155.181,8.81,1.88,14.7604,0,76,3.15,76,3.15,76,3.15
1983-01-02 21:47:52,19.3725,-155.1745,2.33,1.52,12.9737,0,77,3.15,77,3.15,77,3.15
1983-01-02 21:48:46,19.371,-155.1498,3.31,1.52,15.427,0,78,3.15,78,3.15,78,3.15
1983-01-02 22:40:28,19.2822,-155.0998,3.47,1.65,24.9786,0,79,3.15,79,3.15,79,3.15
1983-01-02 22:53:06,19.382,-155.1577,2.47,1.6,14.2378,0,80,3.15,80,3.15,80,3.15
1983-01-02 22:57:03,19.3648,-155.1817,2.95,1.54,12.6901,0,81,3.15,81,3.15,81,3.15
1983-01-02 22:59:27,19.3218,-155.0715,6.99,1.7,25.1538,0,82,3.15,82,3.15,82,3.15
1983-01-02 23:30:59,19.3747,-155.1487,3.24,1.81,15.3921,0,83,3.15,83,3.15,83,3.15
1983-01-02 23:38:39,19.3892,-155.1217,4.15,1.8,17.6936,0,84,3.15,84,3.15,84,3.15
1983-01-02 23:39:40,19.3698,-155.1715,3.24,1.53,13.3855,0,85,3.15,85,3.15,85,3.15
1983-01-02 23:52:27,19.3718,-155.1568,3.98,1.64,14.7112,0,86,3.15,86,3.15,86,3.15
1983-01-02 23:56:00,19.3145,-155.2587,8.74,1.93,12.2087,0,87,3.15,87,3.15,87,3.15
1983-01-03 00:09:48,19.3737,-155.1782,3.62,1.99,12.5653,1,88,3.15,88,3.15,88,3.15
1983-01-03 00:24:43,19.3785,-155.1497,3.45,1.51,15.1561,1,89,3.15,89,3.15,89,3.15
1983-01-03 00:51:59,19.3745,-155.1387,2.72,1.63,16.3913,1,90,3.15,90,3.15,90,3.15
1983-01-03 00:54:47,19.379,-155.1322,4.09,1.62,16.8943,1,91,3.15,91,3.15,91,3.15
1983-01-03 00:58:09,19.3665,-155.1515,3.75,1.76,15.4503,1,92,3.15,92,3.15,92,3.15
1983-01-03 01:04:23,19.3668,-155.1812,4.08,1.6,12.6281,1,93,3.15,93,3.15,93,3.15
1983-01-03 01:24:33,19.3848,-155.1252,3.77,1.65,17.4407,1,94,3.15,94,3.15,94,3.15
1983-01-03 01:25:15,19.3788,-155.1282,4.75,1.8,17.3039,1,95,3.15,95,3.15,95,3.15
1983-01-03 01:41:43,19.3345,-155.154,8.5,1.72,16.9456,1,96,3.15,96,3.15,96,3.15
1983-01-03 01:50:11,19.381,-155.1255,4.06,1.9,17.5128,1,97,3.15,97,3.15,97,3.15
1983-01-03 02:26:53,19.3848,-155.1205,4.1,1.97,17.9206,1,98,3.15,98,3.15,98,3.15
1983-01-03 02:43:00,19.3638,-155.1802,2.76,1.54,12.8818,1,99,3.15,99,3.15,99,3.15
1983-01-03 02:53:00,19.3755,-155.1442,3.45,1.99,15.8089,1,100,3.15,100,3.15,100,3.15
1983-01-03 03:24:39,19.3787,-155.1468,3.23,1.63,15.4386,1,101,3.15,101,3.15,101,3.15
1983-01-03 03:26:51,19.3787,-155.1453,3.07,1.64,15.5885,1,102,3.15,102,3.15,102,3.15
1983-01-03 03:33:30,19.3848,-155.126,3.11,1.52,17.359,1,103,3.15,103,3.15,103,3.15
1983-01-03 04:00:50,19.3717,-155.1667,2.37,1.7,13.7572,1,104,3.15,104,3.15,104,3.15
1983-01-03 04:03:30,19.3907,-155.1162,2.34,1.64,18.2275,1,105,3.15,105,3.15,105,3.15
1983-01-03 04:05:05,19.38,-155.1297,3.55,1.7,17.1164,1,106,3.15,106,3.15,106,3.15
1983-01-03 04:26:44,19.3768,-155.163,2.93,1.54,13.9033,1,107,3.15,107,3.15,107,3.15
1983-01-03 04:37:32,19.3788,-155.1462,3.06,1.63,15.4952,1,108,3.15,108,3.15,108,3.15
1983-01-03 04:42:31,19.38,-155.1243,3.07,1.99,17.6629,1,109,3.15,109,3.15,109,3.15
1983-01-03 04:59:39,19.3737,-155.1432,2.98,1.82,15.9732,1,110,3.15,110,3.15,110,3.15
1983-01-03 05:02:15,19.3767,-155.1473,3.01,1.52,15.4582,1,111,3.15,111,3.15,111,3.15
1983-01-03 05:05:34,19.3772,-155.1482,2.72,1.51,15.351,1,112,3.15,112,3.15,112,3.15
1983-01-03 05:39:53,19.3123,-155.1215,9.55,3.29,21.1547,1,113,3.15,113,3.15,113,3.15
1983-01-03 05:44:15,19.3015,-155.1158,7.61,1.99,22.3413,1,114,3.29,114,3.29,114,3.29
1983-01-03 05:45:02,19.3717,-155.179,2.3,2.57,12.5844,1,115,3.29,115,3.29,115,3.29
1983-01-03 05:53:29,19.3848,-155.1343,3.96,1.72,16.5135,1,116,3.29,116,3.29,116,3.29
1983-01-03 05:59:41,19.4002,-155.1965,3.81,1.57,9.7692,1,117,3.29,117,3.29,117,3.29
1983-01-03 06:01:39,19.3763,-155.1437,3.22,2.63,15.8305,1,118,3.29,118,3.29,118,3.29
1983-01-03 06:03:35,19.3617,-155.183,2.88,1.58,12.7465,1,119,3.29,119,3.29,119,3.29
1983-01-03 06:10:13,19.3058,-155.2508,8.18,1.95,13.3607,1,120,3.29,120,3.29,120,3.29
1983-01-03 06:12:05,19.388,-155.1243,3.86,1.66,17.4541,1,121,3.29,121,3.29,121,3.29
1983-01-03 06:33:46,19.3775,-155.146,3.3,2.07,15.5596,1,122,3.29,122,3.29,122,3.29
1983-01-03 06:38:03,19.3757,-155.145,3.95,1.99,15.7223,1,123,3.29,123,3.29,123,3.29
1983-01-03 06:42:20,19.375,-155.1433,2.52,1.77,15.9162,1,124,3.29,124,3.29,124,3.29
1983-01-03 06:43:17,19.3798,-155.1475,3.05,1.81,15.3317,1,125,3.29,125,3.29,125,3.29
1983-01-03 06:44:45,19.373,-155.1582,3.89,1.57,14.5254,1,126,3.29,126,3.29,126,3.29
1983-01-03 06:53:23,19.3845,-155.151,3.4,1.61,14.8301,1,127,3.29,127,3.29,127,3.29
1983-01-03 06:54:56,19.3555,-155.111,7.57,1.77,19.8455,1,128,3.29,128,3.29,128,3.29
1983-01-03 06:56:22,19.3757,-155.1437,3.18,1.92,15.8516,1,129,3.29,129,3.29,129,3.29
1983-01-03 06:57:25,19.3765,-155.1432,3.15,1.52,15.8733,1,130,3.29,130,3.29,130,3.29
1983-01-03 06:58:18,19.3782,-155.1435,3.44,1.67,15.7853,1,131,3.29,131,3.29,131,3.29
1983-01-03 07:04:30,19.3817,-155.1457,2.92,1.79,15.4508,1,132,3.29,132,3.29,132,3.29
1983-01-03 07:09:11,19.2922,-155.2103,4.92,1.74,16.4276,1,133,3.29,133,3.29,133,3.29
1983-01-03 07:09:46,19.3745,-155.1402,3.35,1.52,16.2421,1,134,3.29,134,3.29,134,3.29
1983-01-03 07:18:48,19.3837,-155.1233,3.43,1.6,17.663,1,135,3.29,135,3.29,135,3.29
1983-01-03 07:20:01,19.3765,-155.1472,3.62,1.6,15.4752,1,136,3.29,136,3.29,136,3.29
1983-01-03 07:48:11,19.3777,-155.146,3.07,1.51,15.5526,1,137,3.29,137,3.29,137,3.29
1983-01-03 07:50:58,19.383,-155.1213,3.49,1.68,17.8852,1,138,3.29,138,3.29,138,3.29
1983-01-03 08:09:43,19.3848,-155.1245,3.34,1.67,17.5121,1,139,3.29,139,3.29,139,3.29
1983-01-03 08:26:05,19.3785,-155.1303,3.6,1.51,17.1012,1,140,3.29,140,3.29,140,3.29
1983-01-03 08:30:14,19.3815,-155.1413,2.74,1.51,15.9001,1,141,3.29,141,3.29,141,3.29
1983-01-03 08:39:14,19.3815,-155.1413,2.74,1.51,15.9001,1,142,3.29,142,3.29,142,3.29
1983-01-03 08:57:29,19.4393,-155.4683,7.9,2.73,19.1198,1,143,3.29,143,3.29,143,3.29
1983-01-03 08:59:51,19.4412,-155.4562,9.18,1.72,17.8839,1,144,3.29,144,3.29,144,3.29
1983-01-03 09:16:44,19.3872,-155.1282,3.45,1.8,17.0738,1,145,3.29,145,3.29,145,3.29
1983-01-03 09:27:16,19.3912,-155.1158,2.78,1.62,18.2585,1,146,3.29,146,3.29,146,3.29
1983-01-03 09:37:17,19.318,-155.2288,7.69,2.21,12.9788,1,147,3.29,147,3.29,147,3.29
1983-01-03 09:45:15,19.3785,-155.145,3.25,1.57,15.6252,1,148,3.29,148,3.29,148,3.29
1983-01-03 09:52:23,19.3252,-155.138,6.88,1.68,18.915,1,149,3.29,149,3.29,149,3.29
1983-01-03 10:01:17,19.3857,-155.1107,3.33,1.6,18.9025,1,150,3.29,150,3.29,150,3.29
1983-01-03 10:01:36,19.322,-155.1387,12.33,1.8,19.0578,1,151,3.29,151,3.29,151,3.29
1983-01-03 10:20:17,19.3897,-155.1307,3.0,1.68,16.7581,1,152,3.29,152,3.29,152,3.29
1983-01-03 11:10:25,19.3793,-155.1388,2.82,1.59,16.2206,1,153,3.29,153,3.29,153,3.29
1983-01-03 11:31:39,19.3748,-155.1447,3.48,1.7,15.7845,1,154,3.29,154,3.29,154,3.29
1983-01-03 11:43:07,19.3185,-155.1422,5.94,1.77,18.9904,1,155,3.29,155,3.29,155,3.29
1983-01-03 11:45:37,19.4098,-155.289,1.44,1.83,1.2628,1,156,3.29,156,3.29,156,3.29
1983-01-03 11:59:13,19.394,-155.1173,2.49,1.58,18.0493,1,157,3.29,157,3.29,157,3.29
1983-01-03 12:14:28,19.3887,-155.121,3.53,1.72,17.7767,1,158,3.29,158,3.29,158,3.29
1983-01-03 12:27:33,19.2845,-155.1958,1.92,1.69,17.9423,1,159,3.29,159,3.29,159,3.29
1983-01-03 13:15:01,19.3803,-155.1292,3.47,1.51,17.1581,1,160,3.29,160,3.29,160,3.29
1983-01-03 13:34:39,19.3812,-155.1503,7.06,1.52,15.005,1,161,3.29,161,3.29,161,3.29
1983-01-03 13:59:20,19.3802,-155.1308,3.1,1.72,16.9993,1,162,3.29,162,3.29,162,3.29
1983-01-03 14:37:21,19.383,-155.1208,3.48,1.83,17.9362,1,163,3.29,163,3.29,163,3.29
1983-01-03 15:12:14,19.4025,-155.281,4.58,1.74,2.1512,1,164,3.29,164,3.29,164,3.29
1983-01-03 15:59:20,19.4043,-155.2747,1.3,1.54,2.2611,1,165,3.29,165,3.29,165,3.29
1983-01-03 16:08:11,19.3387,-155.047,4.83,1.56,26.7867,1,166,3.29,166,3.29,166,3.29
1983-01-03 16:27:10,19.3755,-155.1505,3.72,1.66,15.1844,1,167,3.29,167,3.29,167,3.29
1983-01-03 16:28:22,19.3388,-155.0838,2.96,2.53,23.1919,1,168,3.29,168,3.29,168,3.29
1983-01-03 16:33:43,19.387,-155.1123,3.17,1.8,18.7086,1,169,3.29,169,3.29,169,3.29
1983-01-03 16:47:36,19.3515,-155.2208,15.92,1.78,10.3895,1,170,3.29,170,3.29,170,3.29
1983-01-03 17:45:45,19.3832,-155.038,6.66,1.74,26.4515,1,171,3.29,171,3.29,171,3.29
1983-01-03 18:37:10,19.3282,-155.1417,7.47,2.05,18.4064,1,172,3.29,172,3.29,172,3.29
1983-01-03 18:40:01,19.4022,-155.2823,2.55,1.62,2.1478,1,173,3.29,173,3.29,173,3.29
1983-01-03 20:08:23,19.3915,-155.0803,3.95,1.87,21.9252,1,174,3.29,174,3.29,174,3.29
1983-01-03 21:33:34,19.3902,-155.0987,2.86,1.73,20.0435,1,175,3.29,175,3.29,175,3.29
1983-01-03 21:51:58,19.2505,-155.1627,10.55,1.98,23.0115,1,176,3.29,176,3.29,176,3.29
1983-01-03 21:55:04,19.349,-155.0642,8.21,3.94,24.7033,1,177,3.29,177,3.29,177,3.29
1983-01-03 22:05:58,19.3465,-155.066,7.93,2.07,24.6171,1,178,3.94,178,3.94,178,3.94
1983-01-03 22:08:55,19.3605,-155.062,5.39,1.86,24.5401,1,179,3.94,179,3.94,179,3.94
1983-01-03 22:12:38,19.3442,-155.0603,8.22,2.71,25.2664,1,180,3.94,180,3.94,180,3.94
1983-01-03 22:24:25,19.3485,-155.0598,6.67,1.87,25.1582,1,181,3.94,181,3.94,181,3.94
1983-01-03 22:44:02,19.3442,-155.054,5.36,2.58,25.8893,1,182,3.94,182,3.94,182,3.94
1983-01-03 23:00:02,19.3425,-155.059,5.92,1.74,25.4591,1,183,3.94,183,3.94,183,3.94
1983-01-03 23:09:43,19.3608,-155.0703,4.43,1.65,23.6946,1,184,3.94,184,3.94,184,3.94
1983-01-03 23:35:55,19.3453,-155.0557,8.26,1.96,25.6806,1,185,3.94,185,3.94,185,3.94
1983-01-04 01:05:27,19.3385,-155.1165,8.72,2.04,20.1002,0,186,3.94,186,3.94,186,3.94
1983-01-04 01:42:07,19.3585,-155.0308,6.36,1.54,27.7567,0,187,3.94,187,3.94,187,3.94
1983-01-04 02:06:02,19.3485,-155.1103,6.83,1.55,20.2119,0,188,3.94,188,3.94,188,3.94
1983-01-04 02:15:53,19.4047,-155.0783,3.18,2.02,21.9622,0,189,3.94,189,3.94,189,3.94
1983-01-04 02:23:23,19.3575,-155.0425,6.82,1.72,26.5998,0,190,3.94,190,3.94,190,3.94
1983-01-04 02:39:26,19.336,-155.0422,6.07,1.83,27.3628,0,191,3.94,191,3.94,191,3.94
1983-01-04 03:30:29,19.4037,-155.1095,3.76,1.52,18.7145,0,192,3.94,192,3.94,192,3.94
1983-01-04 03:47:37,19.3715,-155.1,9.19,2.86,20.3712,0,193,3.94,193,3.94,193,3.94
1983-01-04 04:02:21,19.3545,-155.0432,7.55,1.85,26.6199,0,194,3.94,194,3.94,194,3.94
1983-01-04 04:04:03,19.3457,-155.1288,8.55,2.07,18.5869,0,195,3.94,195,3.94,195,3.94
1983-01-04 04:32:39,19.4468,-155.498,8.14,1.98,22.3103,0,196,3.94,196,3.94,196,3.94
1983-01-04 04:34:39,19.3947,-155.0823,3.76,1.52,21.6668,0,197,3.94,197,3.94,197,3.94
1983-01-04 07:37:52,19.4118,-155.0898,4.59,1.59,20.7061,0,198,3.94,198,3.94,198,3.94
1983-01-04 07:58:31,19.3362,-155.0667,4.89,2.03,24.9584,0,199,3.94,199,3.94,199,3.94
1983-01-04 08:41:07,19.3637,-155.0383,4.94,1.83,26.8524,0,200,3.94,200,3.94,200,3.94
1983-01-04 08:49:36,19.3277,-155.1152,6.82,1.63,20.7945,0,201,3.94,201,3.94,201,3.94
1983-01-04 11:28:15,19.3342,-155.129,8.79,1.56,19.1793,0,202,3.94,202,3.94,202,3.94
1983-01-04 11:44:07,19.3477,-155.0355,3.97,1.85,27.6109,0,203,3.94,203,3.94,203,3.94
1983-01-04 12:13:25,19.3847,-155.1132,3.56,1.89,18.6699,0,204,3.94,204,3.94,204,3.94
1983-01-04 12:59:55,19.3853,-155.1243,3.5,1.58,17.5198,0,205,3.94,205,3.94,205,3.94
1983-01-04 14:43:07,19.3235,-155.2257,7.42,1.65,12.6052,0,206,3.94,206,3.94,206,3.94
1983-01-04 18:07:32,19.2727,-155.3928,6.89,1.62,19.8779,0,207,3.94,207,3.94,207,3.94
1983-01-04 18:10:54,19.2748,-155.3923,6.49,1.75,19.6551,0,208,3.94,208,3.94,208,3.94
1983-01-04 18:46:47,19.3427,-155.051,4.92,1.62,26.2415,0,209,3.94,209,3.94,209,3.94
1983-01-04 20:57:50,19.3453,-155.0518,9.48,1.56,26.0674,0,210,3.94,210,3.94,210,3.94
1983-01-04 21:01:24,19.3118,-155.2577,8.92,2.23,12.5255,0,211,3.94,211,3.94,211,3.94
1983-01-04 21:37:51,19.3445,-155.0417,3.76,1.96,27.1001,0,212,3.94,212,3.94,212,3.94
1983-01-04 21:56:20,19.3397,-155.0522,4.11,1.52,26.2361,0,213,3.94,213,3.94,213,3.94
1983-01-04 23:49:50,19.357,-155.2193,14.61,1.57,10.0534,0,214,3.94,214,3.94,214,3.94
1983-01-05 02:27:51,19.356,-155.0407,3.08,2.01,26.8264,0,215,3.94,215,3.94,215,3.94
1983-01-05 02:47:56,19.3338,-155.2248,9.05,1.81,11.6871,0,216,3.94,216,3.94,216,3.94
1983-01-05 02:52:18,19.2795,-155.1255,8.82,1.54,23.1226,0,217,3.94,217,3.94,217,3.94
1983-01-05 03:41:03,19.327,-155.2288,7.42,1.93,12.1048,0,218,3.94,218,3.94,218,3.94
1983-01-05 03:41:17,19.3338,-155.2288,7.85,1.92,11.4581,0,219,3.94,219,3.94,219,3.94
1983-01-05 04:44:15,19.3703,-155.0358,8.27,2.49,26.9436,0,220,3.94,220,3.94,220,3.94
1983-01-05 05:08:50,19.3227,-155.0947,7.02,1.51,22.9435,0,221,3.94,221,3.94,221,3.94
1983-01-05 08:58:20,19.3605,-155.1103,5.46,1.53,19.717,0,222,3.94,222,3.94,222,3.94
1983-01-05 09:12:51,19.3838,-155.121,3.36,1.53,17.895,0,223,3.94,223,3.94,223,3.94
1983-01-05 11:00:22,19.3368,-155.0485,7.96,1.81,26.7123,0,224,3.94,224,3.94,224,3.94
1983-01-05 14:43:45,19.4263,-155.4153,7.82,1.79,13.467,0,225,3.94,225,3.94,225,3.94
1983-01-05 14:51:37,19.328,-155.1923,8.96,1.6,14.3396,0,226,3.94,226,3.94,226,3.94
1983-01-05 14:54:13,19.3153,-155.2253,9.92,3.85,13.4177,0,227,3.94,227,3.94,227,3.94
1983-01-05 15:06:36,19.317,-155.2263,8.09,2.09,13.2015,0,228,3.94,228,3.94,228,3.94
1983-01-05 15:12:41,19.3857,-155.1152,3.19,1.71,18.4411,0,229,3.94,229,3.94,229,3.94
1983-01-05 15:16:09,19.3147,-155.2267,8.46,1.95,13.4063,0,230,3.94,230,3.94,230,3.94
1983-01-05 15:45:27,19.3912,-155.1253,3.85,1.55,17.2797,0,231,3.94,231,3.94,231,3.94
1983-01-05 16:41:10,19.3802,-155.129,3.28,1.51,17.1813,0,232,3.94,232,3.94,232,3.94
1983-01-05 16:42:11,19.3808,-155.1255,3.24,1.51,17.5184,0,233,3.94,233,3.94,233,3.94
1983-01-05 16:47:21,19.3987,-155.0853,2.97,1.79,21.2984,0,234,3.94,234,3.94,234,3.94
1983-01-05 17:11:20,19.3797,-155.1267,3.12,1.81,17.4286,0,235,3.94,235,3.94,235,3.94
1983-01-05 17:29:34,19.3463,-155.0498,5.49,2.58,26.2305,0,236,3.94,236,3.94,236,3.94
1983-01-05 17:59:24,19.3775,-155.132,3.34,1.51,16.9613,0,237,3.94,237,3.94,237,3.94
1983-01-05 18:18:32,19.3765,-155.1222,3.47,1.51,17.9792,0,238,3.94,238,3.94,238,3.94
1983-01-05 18:29:00,19.3855,-155.1262,2.67,1.8,17.3207,0,239,3.94,239,3.94,239,3.94
1983-01-05 18:45:05,19.371,-155.4022,10.29,1.71,13.3002,0,240,3.94,240,3.94,240,3.94
1983-01-06 09:33:03,19.3887,-155.1162,2.98,1.62,18.27,0,241,3.94,241,3.94,241,3.94
1983-01-06 10:03:20,19.326,-155.1698,8.1,1.88,16.2092,0,242,3.94,242,3.94,242,3.94
1983-01-06 11:41:19,19.3825,-155.147,3.59,1.56,15.2949,0,243,3.94,243,3.94,243,3.94
1983-01-06 11:58:32,19.3755,-155.1493,3.74,1.52,15.3031,0,244,3.94,244,3.94,244,3.94
1983-01-06 13:18:07,19.4062,-155.2367,10.29,1.87,5.5261,0,245,3.94,245,3.94,245,3.94
1983-01-06 13:29:49,19.3865,-155.1133,2.65,1.62,18.6173,0,246,3.94,246,3.94,246,3.94
1983-01-06 14:47:19,19.4263,-155.4742,8.78,1.97,19.6395,0,247,3.94,247,3.94,247,3.94
1983-01-06 15:18:41,19.3473,-155.0507,6.13,1.8,26.1058,0,248,3.94,248,3.94,248,3.94
1983-01-06 15:23:37,19.3807,-155.1443,3.2,1.67,15.6232,0,249,3.94,249,3.94,249,3.94
1983-01-06 16:09:02,19.568,-155.4683,4.41,1.73,25.0664,0,250,3.94,250,3.94,250,3.94
1983-01-06 17:21:27,19.3873,-155.1175,3.05,1.69,18.1679,0,251,3.94,251,3.94,251,3.94
1983-01-06 19:31:35,19.3795,-155.145,2.76,1.57,15.5919,0,252,3.94,252,3.94,252,3.94
1983-01-06 19:51:53,19.3498,-155.0588,3.61,1.57,25.2117,0,253,3.94,253,3.94,253,3.94
1983-01-06 20:39:00,19.3885,-155.1152,3.02,1.65,18.3772,0,254,3.94,254,3.94,254,3.94
1983-01-06 20:49:00,19.3847,-155.1395,2.94,1.61,15.9879,0,255,3.94,255,3.94,255,3.94
1983-01-06 20:55:54,19.3172,-155.2285,7.42,1.67,13.0721,0,256,3.94,256,3.94,256,3.94
1983-01-06 21:27:28,19.3088,-155.226,8.63,2.46,14.0215,0,257,3.94,257,3.94,257,3.94
1983-01-06 21:32:27,19.3672,-155.019,0.03,1.64,28.7391,0,258,3.94,258,3.94,258,3.94
1983-01-06 21:43:31,19.3683,-155.1517,3.24,1.67,15.3535,0,259,3.94,259,3.94,259,3.94
1983-01-06 23:07:20,19.3923,-155.0952,3.21,1.57,20.3673,0,260,3.94,260,3.94,260,3.94
1983-01-06 23:17:27,19.375,-155.1443,3.16,1.78,15.8169,0,261,3.94,261,3.94,261,3.94
1983-01-06 23:56:29,19.3738,-155.1437,3.01,1.6,15.92,0,262,3.94,262,3.94,262,3.94
1983-01-06 23:58:54,19.3905,-155.1163,3.14,1.8,18.2213,0,263,3.94,263,3.94,263,3.94
1983-01-06 23:59:17,19.3722,-155.1402,3.15,1.57,16.3254,0,264,3.94,264,3.94,264,3.94
1983-01-07 04:19:47,19.3648,-155.0073,9.05,2.69,29.9951,0,265,3.94,265,3.94,265,3.94
1983-01-07 08:54:49,19.3715,-155.0468,0.08,1.57,25.7876,0,266,3.94,266,3.94,266,3.94
1983-01-07 10:07:39,19.4068,-155.0738,3.43,1.85,22.4148,0,267,3.94,267,3.94,267,3.94
1983-01-07 10:13:12,19.4078,-155.0725,3.05,1.72,22.5432,0,268,3.94,268,3.94,268,3.94
1983-01-07 10:35:39,19.398,-155.088,3.89,1.79,21.0266,0,269,3.94,269,3.94,269,3.94
1983-01-07 10:52:33,19.4115,-155.0658,2.98,1.66,23.2218,0,270,3.94,270,3.94,270,3.94
1983-01-07 11:01:41,19.4042,-155.071,3.23,2.06,22.7298,0,271,3.94,271,3.94,271,3.94
1983-01-07 11:21:14,19.4118,-155.2805,1.96,1.76,1.2294,0,272,3.94,272,3.94,272,3.94
1983-01-07 11:45:23,19.4055,-155.0712,3.26,1.65,22.6974,0,273,3.94,273,3.94,273,3.94
1983-01-07 11:58:56,19.4077,-155.0765,3.13,1.78,22.1254,0,274,3.94,274,3.94,274,3.94
1983-01-07 12:18:04,19.404,-155.0735,3.0,1.74,22.4704,0,275,3.94,275,3.94,275,3.94
1983-01-07 12:19:16,19.3255,-155.1227,6.77,1.56,20.2439,0,276,3.94,276,3.94,276,3.94
1983-01-07 12:24:44,19.4005,-155.0737,4.85,1.67,22.4859,0,277,3.94,277,3.94,277,3.94
1983-01-07 12:27:48,19.3995,-155.0755,3.6,1.67,22.3098,0,278,3.94,278,3.94,278,3.94
1983-01-07 12:36:38,19.3537,-155.0738,7.78,1.84,23.5816,0,279,3.94,279,3.94,279,3.94
1983-01-07 12:43:15,19.4037,-155.071,3.0,2.01,22.7345,0,280,3.94,280,3.94,280,3.94
1983-01-07 13:04:37,19.3988,-155.0878,4.28,1.54,21.0367,0,281,3.94,281,3.94,281,3.94
1983-01-07 13:07:36,19.3577,-155.0342,2.0,2.14,27.4343,0,282,3.94,282,3.94,282,3.94
1983-01-07 13:10:39,19.3578,-155.0273,1.6,1.6,28.1317,0,283,3.94,283,3.94,283,3.94
1983-01-07 13:15:31,19.3983,-155.0872,3.82,1.81,21.1058,0,284,3.94,284,3.94,284,3.94
1983-01-07 13:19:50,19.4087,-155.0593,3.07,1.52,23.9188,0,285,3.94,285,3.94,285,3.94
1983-01-07 13:26:53,19.4053,-155.0747,3.31,1.61,22.3332,0,286,3.94,286,3.94,286,3.94
1983-01-07 13:31:09,19.41,-155.0588,3.37,1.75,23.9632,0,287,3.94,287,3.94,287,3.94
1983-01-07 13:33:36,19.4095,-155.0563,4.14,1.59,24.2279,0,288,3.94,288,3.94,288,3.94
1983-01-07 13:38:11,19.4453,-155.3003,5.26,2.81,3.0406,0,289,3.94,289,3.94,289,3.94
1983-01-07 13:49:19,19.411,-155.0607,4.79,1.59,23.7587,0,290,3.94,290,3.94,290,3.94
1983-01-07 13:52:15,19.41,-155.0592,2.08,1.59,23.9213,0,291,3.94,291,3.94,291,3.94
1983-01-07 14:00:31,19.4117,-155.0625,7.47,1.64,23.5665,0,292,3.94,292,3.94,292,3.94
1983-01-07 14:01:00,19.4095,-155.0615,4.95,1.69,23.6834,0,293,3.94,293,3.94,293,3.94
1983-01-07 14:03:32,19.4078,-155.0565,6.31,1.87,24.2178,0,294,3.94,294,3.94,294,3.94
1983-01-07 14:04:58,19.4113,-155.0557,3.17,1.68,24.2809,0,295,3.94,295,3.94,295,3.94
1983-01-07 14:05:53,19.408,-155.2733,2.54,1.79,2.0382,0,296,3.94,296,3.94,296,3.94
1983-01-07 14:07:20,19.405,-155.057,5.26,1.95,24.1866,0,297,3.94,297,3.94,297,3.94
1983-01-07 14:08:52,19.41,-155.0568,7.99,1.84,24.1727,0,298,3.94,298,3.94,298,3.94
1983-01-07 14:12:34,19.4087,-155.057,6.14,1.61,24.1596,0,299,3.94,299,3.94,299,3.94
1983-01-07 14:15:03,19.4017,-155.0608,4.05,1.87,23.8197,0,300,3.94,300,3.94,300,3.94
1983-01-07 14:17:00,19.3913,-155.0362,0.2,1.65,26.5101,0,301,3.94,301,3.94,301,3.94
1983-01-07 14:17:22,19.4095,-155.0613,7.18,1.6,23.7043,0,302,3.94,302,3.94,302,3.94
1983-01-07 14:19:12,19.4168,-155.0725,6.64,1.98,22.4996,0,303,3.94,303,3.94,303,3.94
1983-01-07 14:24:08,19.4095,-155.0585,6.69,1.85,23.9976,0,304,3.94,304,3.94,304,3.94
1983-01-07 14:26:03,19.3357,-155.0417,3.33,2.09,27.4236,0,305,3.94,305,3.94,305,3.94
1983-01-07 14:27:05,19.4083,-155.0853,4.03,1.76,21.2001,0,306,3.94,306,3.94,306,3.94
1983-01-07 14:32:56,19.4058,-155.0495,8.0,1.6,24.9649,0,307,3.94,307,3.94,307,3.94
1983-01-07 14:35:25,19.4068,-155.0483,3.29,1.61,25.0831,0,308,3.94,308,3.94,308,3.94
1983-01-07 14:46:18,19.4055,-155.2767,3.11,1.67,2.0341,0,309,3.94,309,3.94,309,3.94
1983-01-07 14:53:34,19.3985,-155.2665,3.09,2.55,3.2989,0,310,3.94,310,3.94,310,3.94
1983-01-07 14:59:07,19.412,-155.2785,2.22,1.51,1.3403,0,311,3.94,311,3.94,311,3.94
1983-01-07 15:04:06,19.4123,-155.0672,3.81,1.59,23.0712,0,312,3.94,312,3.94,312,3.94
1983-01-07 15:09:21,19.4228,-155.0662,3.3,1.84,23.1559,0,313,3.94,313,3.94,313,3.94
1983-01-07 15:11:53,19.4258,-155.0512,0.58,1.69,24.7335,0,314,3.94,314,3.94,314,3.94
1983-01-07 15:12:41,19.4058,-155.0935,4.7,1.54,20.3634,0,315,3.94,315,3.94,315,3.94
1983-01-07 15:22:17,19.4035,-155.0995,8.29,1.79,19.7601,0,316,3.94,316,3.94,316,3.94
1983-01-07 15:24:14,19.4132,-155.0572,3.55,1.74,24.1151,0,317,3.94,317,3.94,317,3.94
1983-01-07 15:24:59,19.4123,-155.0615,3.43,1.56,23.6684,0,318,3.94,318,3.94,318,3.94
1983-01-07 15:27:15,19.4122,-155.051,2.79,1.68,24.7691,0,319,3.94,319,3.94,319,3.94
1983-01-07 15:30:17,19.4125,-155.054,2.2,1.57,24.4534,0,320,3.94,320,3.94,320,3.94
1983-01-07 15:37:14,19.4108,-155.0667,4.76,1.63,23.1312,0,321,3.94,321,3.94,321,3.94
1983-01-07 15:41:00,19.419,-155.1598,4.11,2.26,13.3414,0,322,3.94,322,3.94,322,3.94
1983-01-07 15:43:09,19.4115,-155.0517,5.58,1.84,24.699,0,323,3.94,323,3.94,323,3.94
1983-01-07 15:48:41,19.4098,-155.0643,3.61,1.63,23.3884,0,324,3.94,324,3.94,324,3.94
1983-01-07 15:49:11,19.4133,-155.0537,3.22,1.86,24.4815,0,325,3.94,325,3.94,325,3.94
1983-01-07 16:02:20,19.4123,-155.0567,2.61,1.9,24.1714,0,326,3.94,326,3.94,326,3.94
1983-01-07 16:02:42,19.345,-155.0655,4.29,1.63,24.7231,0,327,3.94,327,3.94,327,3.94
1983-01-07 16:17:30,19.4082,-155.0627,3.39,1.6,23.5661,0,328,3.94,328,3.94,328,3.94
1983-01-07 16:21:54,19.4097,-155.0685,3.03,1.65,22.9492,0,329,3.94,329,3.94,329,3.94
1983-01-07 16:31:34,19.413,-155.0518,3.61,1.68,24.6819,0,330,3.94,330,3.94,330,3.94
1983-01-07 16:34:58,19.4013,-155.0717,2.82,2.5,22.6857,0,331,3.94,331,3.94,331,3.94
1983-01-07 16:35:55,19.4048,-155.0722,3.31,1.71,22.5989,0,332,3.94,332,3.94,332,3.94
1983-01-07 16:42:41,19.4132,-155.2757,1.87,1.58,1.4687,0,333,3.94,333,3.94,333,3.94
1983-01-07 16:53:34,19.4075,-155.0728,3.19,1.73,22.514,0,334,3.94,334,3.94,334,3.94
1983-01-07 17:07:08,19.4108,-155.0643,3.43,1.72,23.3826,0,335,3.94,335,3.94,335,3.94
1983-01-07 17:20:14,19.4072,-155.2827,2.56,1.84,1.5994,0,336,3.94,336,3.94,336,3.94
1983-01-07 17:50:46,19.4078,-155.0733,3.37,1.7,22.4595,0,337,3.94,337,3.94,337,3.94
1983-01-07 17:58:03,19.4112,-155.0803,3.62,2.04,21.7045,0,338,3.94,338,3.94,338,3.94
1983-01-07 18:27:45,19.4083,-155.0755,4.18,1.7,22.2256,0,339,3.94,339,3.94,339,3.94
1983-01-07 18:29:08,19.3923,-155.067,2.4,1.92,23.2929,0,340,3.94,340,3.94,340,3.94
1983-01-07 18:34:52,19.4105,-155.2787,2.83,2.61,1.4564,0,341,3.94,341,3.94,341,3.94
1983-01-07 18:46:12,19.4007,-155.0623,8.09,1.72,23.6734,0,342,3.94,342,3.94,342,3.94
1983-01-07 18:49:48,19.4077,-155.0587,2.44,1.6,23.9882,0,343,3.94,343,3.94,343,3.94
1983-01-07 18:50:41,19.4082,-155.0752,3.32,1.88,22.2577,0,344,3.94,344,3.94,344,3.94
1983-01-07 19:04:30,19.409,-155.2795,3.17,1.91,1.549,0,345,3.94,345,3.94,345,3.94
1983-01-07 19:11:18,19.4137,-155.0577,3.0,1.52,24.0607,0,346,3.94,346,3.94,346,3.94
1983-01-07 19:20:06,19.3552,-155.067,9.62,1.59,24.208,0,347,3.94,347,3.94,347,3.94
1983-01-07 19:23:49,19.409,-155.076,3.45,1.67,22.1684,0,348,3.94,348,3.94,348,3.94
1983-01-07 19:25:24,19.4058,-155.0728,3.26,2.63,22.5275,0,349,3.94,349,3.94,349,3.94
1983-01-07 19:26:47,19.405,-155.0698,3.11,1.58,22.8481,0,350,3.94,350,3.94,350,3.94
1983-01-07 19:27:03,19.4117,-155.0527,4.4,1.74,24.5933,0,351,3.94,351,3.94,351,3.94
1983-01-07 20:09:02,19.4073,-155.0718,3.29,2.11,22.6202,0,352,3.94,352,3.94,352,3.94
1983-01-07 20:10:28,19.4062,-155.077,3.69,1.69,22.085,0,353,3.94,353,3.94,353,3.94
1983-01-07 20:14:41,19.3415,-155.0577,12.97,1.7,25.6254,0,354,3.94,354,3.94,354,3.94
1983-01-07 20:17:37,19.4173,-155.0493,0.79,1.65,24.9311,0,355,3.94,355,3.94,355,3.94
1983-01-07 20:20:54,19.3177,-155.2018,6.39,1.83,14.5541,0,356,3.94,356,3.94,356,3.94
1983-01-07 20:26:43,19.3385,-155.1998,9.63,1.71,12.9546,0,357,3.94,357,3.94,357,3.94
1983-01-07 20:37:44,19.4098,-155.068,2.77,1.65,23.0009,0,358,3.94,358,3.94,358,3.94
1983-01-07 20:47:51,19.3973,-155.0833,4.63,1.53,21.5254,0,359,3.94,359,3.94,359,3.94
1983-01-07 20:53:20,19.3965,-155.0707,3.66,1.68,22.8479,0,360,3.94,360,3.94,360,3.94
1983-01-07 20:55:45,19.3652,-155.0188,7.84,1.87,28.8068,0,361,3.94,361,3.94,361,3.94
1983-01-07 20:58:05,19.4025,-155.058,3.3,1.64,24.1044,0,362,3.94,362,3.94,362,3.94
1983-01-07 20:58:53,19.4067,-155.0717,3.65,1.88,22.6353,0,363,3.94,363,3.94,363,3.94
1983-01-07 23:11:33,19.305,-155.053,2.63,2.16,27.7306,0,364,3.94,364,3.94,364,3.94
1983-01-08 00:58:43,19.3697,-155.015,3.62,1.65,29.0936,0,365,3.94,365,3.94,365,3.94
1983-01-08 01:34:39,19.3497,-155.0538,5.12,1.71,25.7136,0,366,3.94,366,3.94,366,3.94
1983-01-08 02:31:58,19.4063,-155.0738,3.08,1.62,22.4188,0,367,3.94,367,3.94,367,3.94
1983-01-08 03:00:21,19.4063,-155.07,3.64,1.62,22.8163,0,368,3.94,368,3.94,368,3.94
1983-01-08 03:37:46,19.3205,-155.1215,7.88,1.72,20.6469,0,369,3.94,369,3.94,369,3.94
1983-01-08 05:12:03,19.3898,-155.0442,7.5,1.67,25.6999,0,370,3.94,370,3.94,370,3.94
1983-01-08 05:19:03,19.339,-155.1123,7.5,1.58,20.4684,0,371,3.94,371,3.94,371,3.94
1983-01-08 05:30:54,19.4095,-155.0725,3.33,1.65,22.5316,0,372,3.94,372,3.94,372,3.94
1983-01-08 05:34:46,19.4092,-155.0752,3.37,1.75,22.2508,0,373,3.94,373,3.94,373,3.94
1983-01-08 06:26:36,19.4045,-155.0787,3.53,1.8,21.9223,0,374,3.94,374,3.94,374,3.94
1983-01-08 06:29:25,19.3917,-155.0678,0.96,1.65,23.2191,0,375,3.94,375,3.94,375,3.94
1983-01-08 07:02:40,19.3487,-155.0823,4.45,1.66,22.9272,0,376,3.94,376,3.94,376,3.94
1983-01-08 07:24:50,19.3483,-155.0247,7.06,2.8,28.6763,0,377,3.94,377,3.94,377,3.94
1983-01-08 07:33:10,19.4077,-155.0758,2.97,2.63,22.1986,0,378,3.94,378,3.94,378,3.94
1983-01-08 09:24:10,19.4152,-155.2647,2.92,1.88,2.4261,0,379,3.94,379,3.94,379,3.94
1983-01-08 09:40:36,19.3292,-155.1043,9.06,2.64,21.7139,0,380,3.94,380,3.94,380,3.94
1983-01-08 09:54:45,19.3185,-155.1418,7.76,2.07,19.024,0,381,3.94,381,3.94,381,3.94
1983-01-08 10:43:00,19.4017,-155.2632,2.92,2.06,3.2919,0,382,3.94,382,3.94,382,3.94
1983-01-08 11:05:05,19.4125,-155.291,1.84,1.59,1.0339,0,383,3.94,383,3.94,383,3.94
1983-01-08 12:19:21,19.3545,-155.0447,4.18,1.54,26.4688,0,384,3.94,384,3.94,384,3.94
1983-01-08 12:19:58,19.361,-155.037,6.18,1.77,27.0575,0,385,3.94,385,3.94,385,3.94
1983-01-08 12:21:47,19.3713,-155.04,4.43,1.66,26.4895,0,386,3.94,386,3.94,386,3.94
1983-01-08 13:45:18,19.3555,-155.0445,3.27,1.58,26.4581,0,387,3.94,387,3.94,387,3.94
1983-01-08 14:25:34,19.3975,-155.081,5.39,1.52,21.7621,0,388,3.94,388,3.94,388,3.94
1983-01-08 14:26:32,19.3507,-155.047,6.79,2.15,26.3598,0,389,3.94,389,3.94,389,3.94
1983-01-08 15:03:13,19.352,-155.3008,2.02,1.59,7.8077,0,390,3.94,390,3.94,390,3.94
1983-01-08 16:22:18,19.3933,-155.0303,6.4,1.76,27.0978,0,391,3.94,391,3.94,391,3.94
1983-01-08 16:32:04,19.3562,-155.0417,5.11,1.72,26.7194,0,392,3.94,392,3.94,392,3.94
1983-01-08 19:40:25,19.3462,-155.037,7.97,1.55,27.5107,0,393,3.94,393,3.94,393,3.94
1983-01-08 19:47:44,19.368,-155.0163,4.41,1.86,28.9978,0,394,3.94,394,3.94,394,3.94
1983-01-08 20:37:39,19.319,-155.1455,5.4,1.6,18.6808,0,395,3.94,395,3.94,395,3.94
1983-01-08 22:45:55,19.3455,-155.0512,7.71,1.76,26.1198,0,396,3.94,396,3.94,396,3.94
1983-01-09 00:24:35,19.3145,-155.2247,8.88,1.95,13.526,0,397,3.94,397,3.94,397,3.94
1983-01-09 03:28:31,19.3648,-155.0332,1.34,1.66,27.344,0,398,3.94,398,3.94,398,3.94
1983-01-09 03:55:56,19.328,-155.0453,5.49,1.88,27.3819,0,399,3.94,399,3.94,399,3.94
1983-01-09 04:53:04,19.3708,-155.0487,0.49,1.76,25.6099,0,400,3.94,400,3.94,400,3.94
1983-01-09 06:08:54,19.3512,-155.2918,1.93,1.59,7.7776,0,401,3.94,401,3.94,401,3.94
1983-01-09 07:48:08,19.3188,-155.1647,7.05,1.73,17.1389,0,402,3.94,402,3.94,402,3.94
1983-01-09 09:21:28,19.332,-155.2037,8.65,1.79,13.202,0,403,3.94,403,3.94,403,3.94
1983-01-09 15:56:40,19.3755,-155.1443,2.83,1.6,15.799,0,404,3.94,404,3.94,404,3.94
1983-01-09 16:59:41,19.361,-155.0295,4.58,1.96,27.8206,0,405,3.94,405,3.94,405,3.94
1983-01-09 17:01:05,19.3585,-155.0268,5.58,1.97,28.1631,0,406,3.94,406,3.94,406,3.94
1983-01-09 17:42:11,19.3753,-155.0225,3.34,1.82,28.2033,0,407,3.94,407,3.94,407,3.94
1983-01-09 20:01:06,19.3697,-155.2897,25.63,1.52,5.7113,0,408,3.94,408,3.94,408,3.94
1983-01-09 22:33:25,19.3352,-155.0722,5.3,1.74,24.4685,0,409,3.94,409,3.94,409,3.94
1983-01-09 22:36:28,19.3688,-155.0327,7.25,1.54,27.2967,0,410,3.94,410,3.94,410,3.94
1983-01-09 23:05:43,19.3268,-155.1432,6.17,1.55,18.3647,0,411,3.94,411,3.94,411,3.94
1983-01-10 00:47:34,19.3542,-155.048,9.07,2.55,26.1461,0,412,3.94,412,3.94,412,3.94
1983-01-10 02:22:48,19.313,-155.2195,6.17,1.6,13.9413,0,413,3.94,413,3.94,413,3.94
1983-01-10 05:13:27,19.3492,-155.0695,5.13,1.59,24.1707,0,414,3.94,414,3.94,414,3.94
1983-01-10 05:18:44,19.3577,-155.2775,25.76,2.07,7.1088,0,415,3.94,415,3.94,415,3.94
1983-01-10 12:37:24,19.3747,-155.0283,3.88,1.66,27.6176,0,416,3.94,416,3.94,416,3.94
1983-01-10 14:22:51,19.3483,-155.0548,5.03,1.65,25.6625,0,417,3.94,417,3.94,417,3.94
1983-01-10 14:53:20,19.3392,-155.0565,8.38,1.59,25.8327,0,418,3.94,418,3.94,418,3.94
1983-01-10 17:21:06,19.375,-155.0432,7.98,2.0,26.0773,0,419,3.94,419,3.94,419,3.94
1983-01-10 17:54:03,19.3567,-155.5063,9.62,1.54,24.0874,0,420,3.94,420,3.94,420,3.94
1983-01-10 22:33:17,19.3097,-155.2217,8.11,1.8,14.1454,0,421,3.94,421,3.94,421,3.94
1983-01-11 07:23:31,19.3213,-155.1467,7.33,1.67,18.4259,0,422,3.94,422,3.94,422,3.94
1983-01-11 10:51:57,19.332,-155.2162,8.17,1.83,12.3732,0,423,3.94,423,3.94,423,3.94
1983-01-11 11:36:01,19.3358,-155.2155,8.45,1.85,12.0833,0,424,3.94,424,3.94,424,3.94
1983-01-11 19:18:00,19.3125,-155.2368,7.3,1.92,13.1639,0,425,3.94,425,3.94,425,3.94
1983-01-11 23:55:52,19.3055,-155.2125,7.33,1.87,15.0342,0,426,3.94,426,3.94,426,3.94
1983-01-12 00:49:56,19.3368,-155.066,4.13,1.56,25.0013,0,427,3.94,427,3.94,427,3.94
1983-01-12 01:46:59,19.3357,-155.1255,3.82,1.6,19.4154,0,428,3.94,428,3.94,428,3.94
1983-01-12 03:22:28,19.352,-155.0437,3.38,1.67,26.6484,0,429,3.94,429,3.94,429,3.94
1983-01-12 03:37:52,19.3305,-155.2257,7.43,1.51,11.9422,0,430,3.94,430,3.94,430,3.94
1983-01-12 05:32:13,19.3258,-155.1227,7.25,1.6,20.2264,0,431,3.94,431,3.94,431,3.94
1983-01-12 07:06:08,19.3217,-155.187,8.89,2.02,15.2303,0,432,3.94,432,3.94,432,3.94
1983-01-12 09:04:24,19.3795,-155.4478,9.75,1.67,17.4846,0,433,3.94,433,3.94,433,3.94
1983-01-12 13:11:38,19.3288,-155.211,7.56,1.75,12.9872,0,434,3.94,434,3.94,434,3.94
1983-01-12 17:55:12,19.364,-155.0228,5.85,1.6,28.4268,0,435,3.94,435,3.94,435,3.94
1983-01-12 23:28:21,19.3352,-155.2012,8.32,1.91,13.1159,0,436,3.94,436,3.94,436,3.94
1983-01-12 23:47:39,19.3313,-155.4368,29.08,1.68,18.6116,0,437,3.94,437,3.94,437,3.94
1983-01-13 00:17:49,19.3738,-155.412,10.32,1.97,14.1216,0,438,3.94,438,3.94,438,3.94
1983-01-13 03:43:44,19.3027,-155.2728,5.08,1.77,13.2384,0,439,3.94,439,3.94,439,3.94
1983-01-13 04:43:29,19.388,-155.0277,3.35,1.6,27.4417,0,440,3.94,440,3.94,440,3.94
1983-01-13 11:29:38,19.4302,-155.4078,8.68,1.91,12.7087,0,441,3.94,441,3.94,441,3.94
1983-01-13 11:37:09,19.3232,-155.228,8.11,1.65,12.5128,0,442,3.94,442,3.94,442,3.94
1983-01-13 11:51:23,19.4378,-155.4723,8.5,1.6,19.5204,0,443,3.94,443,3.94,443,3.94
1983-01-13 14:13:17,19.2845,-155.2527,7.41,1.57,15.5989,0,444,3.94,444,3.94,444,3.94
1983-01-13 18:52:35,19.2827,-155.259,11.06,2.89,15.6563,0,445,3.94,445,3.94,445,3.94
1983-01-13 19:09:17,19.3268,-155.1337,6.3,1.53,19.1917,0,446,3.94,446,3.94,446,3.94
1983-01-13 21:41:44,19.3352,-155.1563,7.2,1.66,16.7029,0,447,3.94,447,3.94,447,3.94
1983-01-14 00:43:01,19.3273,-155.1825,9.13,1.7,15.1236,0,448,3.94,448,3.94,448,3.94
1983-01-14 08:08:14,19.3455,-155.1325,9.45,1.7,18.2515,0,449,3.94,449,3.94,449,3.94
1983-01-14 08:26:43,19.3477,-155.0505,8.59,1.73,26.1118,0,450,3.94,450,3.94,450,3.94
1983-01-14 13:10:35,19.3557,-155.2867,1.53,2.81,7.261,0,451,3.94,451,3.94,451,3.94
1983-01-14 15:22:58,19.3143,-155.2288,7.12,1.61,13.3433,0,452,3.94,452,3.94,452,3.94
1983-01-14 15:48:11,19.3652,-155.019,4.8,1.76,28.7863,0,453,3.94,453,3.94,453,3.94
1983-01-14 16:09:01,19.336,-155.0657,4.79,1.58,25.064,0,454,3.94,454,3.94,454,3.94
1983-01-14 16:18:00,19.3427,-155.1533,11.44,1.66,16.5073,0,455,3.94,455,3.94,455,3.94
1983-01-14 17:09:52,19.3167,-155.1493,7.95,1.89,18.5248,0,456,3.94,456,3.94,456,3.94
1983-01-14 17:59:44,19.3462,-155.1328,8.2,1.71,18.1878,0,457,3.94,457,3.94,457,3.94
1983-01-15 01:00:47,19.3257,-155.1127,6.84,1.73,21.133,0,458,3.94,458,3.94,458,3.94
1983-01-15 05:10:47,19.33,-155.1962,6.27,2.06,13.8965,0,459,3.94,459,3.94,459,3.94
1983-01-15 06:28:27,19.3327,-155.1372,8.6,1.87,18.529,0,460,3.94,460,3.94,460,3.94
1983-01-15 14:20:42,19.3422,-155.1232,7.88,1.64,19.287,0,461,3.94,461,3.94,461,3.94
1983-01-15 18:40:07,19.303,-155.2212,5.7,1.69,14.8261,0,462,3.94,462,3.94,462,3.94
1983-01-15 18:55:07,19.2982,-155.2155,5.75,1.73,15.5794,0,463,3.94,463,3.94,463,3.94
1983-01-15 19:05:06,19.3465,-155.2208,8.53,1.55,10.8095,0,464,3.94,464,3.94,464,3.94
1983-01-15 19:17:19,19.3152,-155.1475,5.79,1.72,18.7765,0,465,3.94,465,3.94,465,3.94
1983-01-15 21:22:38,19.362,-155.0318,6.88,1.68,27.5597,0,466,3.94,466,3.94,466,3.94
1983-01-15 22:36:27,19.3658,-155.0335,5.14,1.56,27.2881,0,467,3.94,467,3.94,467,3.94
1983-01-16 08:56:58,19.31,-155.2337,6.14,1.62,13.5501,0,468,3.94,468,3.94,468,3.94
1983-01-16 12:08:05,19.3418,-155.0622,8.1,2.7,25.1712,0,469,3.94,469,3.94,469,3.94
1983-01-16 14:25:32,19.4577,-155.4412,14.29,2.07,16.6756,0,470,3.94,470,3.94,470,3.94
1983-01-16 16:55:59,19.3247,-155.151,6.06,1.58,17.838,0,471,3.94,471,3.94,471,3.94
1983-01-16 17:33:54,19.3532,-155.1228,9.17,4.06,18.8009,0,472,3.94,472,3.94,472,3.94
1983-01-16 17:47:09,19.3442,-155.1237,8.3,2.33,19.14,0,473,4.06,473,4.06,473,4.06
1983-01-16 18:12:09,19.3792,-155.3955,5.24,1.66,12.292,0,474,4.06,474,4.06,474,4.06
1983-01-16 18:14:00,19.3203,-155.1962,9.33,2.06,14.7006,0,475,4.06,475,4.06,475,4.06
1983-01-16 22:43:13,19.3277,-155.1002,6.78,1.52,22.1721,0,476,4.06,476,4.06,476,4.06
1983-01-16 23:56:07,19.3642,-155.5058,10.01,2.01,23.8021,0,477,4.06,477,4.06,477,4.06
1983-01-17 04:26:40,19.3233,-155.2352,8.44,2.19,12.147,0,478,4.06,478,4.06,478,4.06
1983-01-17 11:31:12,19.334,-155.1748,6.89,1.87,15.2351,0,479,4.06,479,4.06,479,4.06
1983-01-17 13:13:38,19.341,-155.2195,8.09,1.6,11.3695,0,480,4.06,480,4.06,480,4.06
1983-01-17 13:51:35,19.3257,-155.1447,6.89,1.82,18.3063,0,481,4.06,481,4.06,481,4.06
1983-01-17 23:00:53,19.2268,-155.464,5.42,1.74,28.4822,0,482,4.06,482,4.06,482,4.06
1983-01-18 00:22:49,19.3297,-155.1295,6.61,2.05,19.3914,0,483,4.06,483,4.06,483,4.06
1983-01-18 03:29:00,19.3527,-155.0805,8.27,2.92,22.9529,0,484,4.06,484,4.06,484,4.06
1983-01-18 05:37:14,19.3265,-155.1688,7.21,1.83,16.2529,0,485,4.06,485,4.06,485,4.06
1983-01-19 02:53:35,19.3153,-155.2198,7.96,1.61,13.7054,0,486,4.06,486,4.06,486,4.06
1983-01-19 03:00:56,19.3263,-155.1362,7.96,2.53,19.0032,0,487,4.06,487,4.06,487,4.06
1983-01-19 06:41:12,19.3473,-155.0382,7.11,2.59,27.3538,0,488,4.06,488,4.06,488,4.06
1983-01-19 07:59:22,19.346,-155.0523,5.36,1.61,25.9926,0,489,4.06,489,4.06,489,4.06
1983-01-19 11:03:49,19.3705,-155.0145,6.66,1.87,29.1276,0,490,4.06,490,4.06,490,4.06
1983-01-19 12:33:16,19.3323,-155.175,7.92,1.93,15.3398,0,491,4.06,491,4.06,491,4.06
1983-01-19 12:34:02,19.3295,-155.1718,6.76,1.81,15.7972,0,492,4.06,492,4.06,492,4.06
1983-01-19 14:37:31,19.4122,-155.28,15.84,2.56,1.2234,0,493,4.06,493,4.06,493,4.06
1983-01-19 16:42:30,19.2803,-155.3692,7.06,2.04,17.8643,0,494,4.06,494,4.06,494,4.06
1983-01-19 20:33:11,19.3312,-155.135,8.96,1.99,18.8132,0,495,4.06,495,4.06,495,4.06
1983-01-19 21:01:39,19.3373,-155.1185,8.45,2.17,19.9757,0,496,4.06,496,4.06,496,4.06
1983-01-19 21:43:01,19.3535,-155.04,6.81,2.8,26.9733,0,497,4.06,497,4.06,497,4.06
1983-01-20 01:14:08,19.3218,-155.1677,6.24,1.58,16.6821,0,498,4.06,498,4.06,498,4.06
1983-01-20 03:18:26,19.317,-155.2298,8.51,1.83,13.0284,0,499,4.06,499,4.06,499,4.06
1983-01-20 04:15:31,19.3238,-155.1657,8.16,2.36,16.6952,0,500,4.06,500,4.06,500,4.06
1983-01-20 04:59:11,19.3598,-155.0817,11.23,1.58,22.5834,0,501,4.06,501,4.06,501,4.06
1983-01-20 06:24:21,19.3013,-155.2143,8.93,1.93,15.3404,0,502,4.06,502,4.06,502,4.06
1983-01-20 08:37:48,19.2923,-155.2138,5.12,1.77,16.2411,0,503,4.06,503,4.06,503,4.06
1983-01-20 09:32:31,19.3622,-155.0402,6.44,1.76,26.6993,0,504,4.06,504,4.06,504,4.06
1983-01-20 10:10:12,19.3053,-155.2172,9.03,2.1,14.8032,0,505,4.06,505,4.06,505,4.06
1983-01-20 21:40:31,19.3517,-155.4152,8.96,2.16,15.4981,0,506,4.06,506,4.06,506,4.06
1983-01-20 22:44:30,19.352,-155.4162,9.39,1.54,15.5727,0,507,4.06,507,4.06,507,4.06
1983-01-20 23:29:50,19.3345,-155.1305,7.75,2.53,19.0266,0,508,4.06,508,4.06,508,4.06
1983-01-20 23:58:25,19.3072,-155.4645,0.03,2.28,22.5131,0,509,4.06,509,4.06,509,4.06
1983-01-21 02:29:00,19.3295,-155.2287,8.36,3.0,11.8709,0,510,4.06,510,4.06,510,4.06
1983-01-21 07:23:39,19.329,-155.1265,6.84,1.87,19.7006,0,511,4.06,511,4.06,511,4.06
1983-01-21 10:46:04,19.3578,-155.1237,7.0,2.59,18.5141,0,512,4.06,512,4.06,512,4.06
1983-01-21 14:22:35,19.2975,-155.3463,7.3,2.57,15.0758,0,513,4.06,513,4.06,513,4.06
1983-01-21 16:46:37,19.3747,-155.0077,3.78,1.82,29.743,0,514,4.06,514,4.06,514,4.06
1983-01-21 16:47:33,19.3425,-155.0527,4.41,2.5,26.0808,0,515,4.06,515,4.06,515,4.06
1983-01-21 19:21:50,19.2743,-155.3552,6.9,2.1,17.8124,0,516,4.06,516,4.06,516,4.06
1983-01-21 22:32:05,19.3313,-155.0868,5.26,1.53,23.2489,0,517,4.06,517,4.06,517,4.06
1983-01-22 07:36:38,19.3305,-155.17,7.48,1.61,15.8713,0,518,4.06,518,4.06,518,4.06
1983-01-22 08:09:16,19.3828,-155.032,7.63,2.42,27.08,0,519,4.06,519,4.06,519,4.06
1983-01-22 22:25:08,19.3495,-155.2133,26.85,1.81,11.0893,0,520,4.06,520,4.06,520,4.06
1983-01-23 08:46:24,19.2783,-155.4005,5.2,1.51,19.8384,0,521,4.06,521,4.06,521,4.06
1983-01-23 12:46:33,19.3887,-155.4187,9.97,1.96,14.2715,0,522,4.06,522,4.06,522,4.06
1983-01-23 17:19:07,19.3175,-155.2255,8.68,2.21,13.1937,0,523,4.06,523,4.06,523,4.06
1983-01-23 17:41:06,19.3357,-155.185,8.09,1.8,14.2984,0,524,4.06,524,4.06,524,4.06
1983-01-23 20:11:18,19.3682,-155.0567,11.07,1.9,24.8586,0,525,4.06,525,4.06,525,4.06
1983-01-23 20:13:40,19.3783,-155.0595,12.19,3.35,24.3287,0,526,4.06,526,4.06,526,4.06
1983-01-23 20:44:23,19.3733,-155.059,10.93,1.92,24.4948,0,527,4.06,527,4.06,527,4.06
1983-01-23 20:46:47,19.3792,-155.0602,12.05,3.59,24.2372,0,528,4.06,528,4.06,528,4.06
1983-01-23 20:48:10,19.3733,-155.0548,10.38,2.31,24.9251,0,529,4.06,529,4.06,529,4.06
1983-01-23 20:50:36,19.3722,-155.061,12.57,1.51,24.3172,0,530,4.06,530,4.06,530,4.06
1983-01-23 21:06:43,19.3697,-155.0558,11.33,1.58,24.9115,0,531,4.06,531,4.06,531,4.06
1983-01-23 22:40:31,19.3712,-155.0577,11.9,1.69,24.6794,0,532,4.06,532,4.06,532,4.06
1983-01-24 01:00:11,19.4162,-155.4782,9.03,1.83,20.0579,0,533,4.06,533,4.06,533,4.06
1983-01-24 04:00:25,19.3563,-155.0303,9.74,4.47,27.8698,0,534,4.06,534,4.06,534,4.06
1983-01-24 09:04:46,19.3335,-155.1087,9.31,1.6,21.0826,0,535,4.47,535,4.47,535,4.47
1983-01-24 10:57:01,19.3153,-155.2293,7.77,1.54,13.2204,0,536,4.47,536,4.47,536,4.47
1983-01-24 16:59:34,19.357,-155.0333,9.64,1.54,27.5457,0,537,4.47,537,4.47,537,4.47
1983-01-24 22:05:37,19.3363,-155.1923,8.37,1.53,13.6888,0,538,4.47,538,4.47,538,4.47
1983-01-25 08:58:59,19.2095,-155.4582,6.62,1.97,29.5942,0,539,4.47,539,4.47,539,4.47
1983-01-25 09:08:28,19.2327,-155.4582,9.14,3.36,27.5878,0,540,4.47,540,4.47,540,4.47
1983-01-25 09:17:36,19.433,-155.4615,7.14,1.95,18.3471,0,541,4.47,541,4.47,541,4.47
1983-01-25 09:24:16,19.3618,-155.4992,8.07,1.72,23.2098,0,542,4.47,542,4.47,542,4.47
1983-01-25 10:57:04,19.3263,-155.1052,9.39,1.78,21.7848,0,543,4.47,543,4.47,543,4.47
1983-01-25 15:54:44,19.3642,-155.0303,6.48,1.72,27.6554,0,544,4.47,544,4.47,544,4.47
1983-01-25 19:42:33,19.3272,-155.111,7.96,1.87,21.2048,0,545,4.47,545,4.47,545,4.47
1983-01-25 19:52:21,19.3582,-155.1137,7.84,1.54,19.4726,0,546,4.47,546,4.47,546,4.47
1983-01-25 20:54:38,19.3467,-155.189,7.48,2.26,13.1882,0,547,4.47,547,4.47,547,4.47
1983-01-25 21:51:27,19.333,-155.1107,7.35,2.55,20.9227,0,548,4.47,548,4.47,548,4.47
1983-01-26 01:00:45,19.3442,-155.2213,8.52,2.28,10.9737,0,549,4.47,549,4.47,549,4.47
1983-01-26 01:17:32,19.3645,-155.0417,8.77,2.38,26.4848,0,550,4.47,550,4.47,550,4.47
1983-01-26 01:26:27,19.3638,-155.0388,6.9,1.53,26.7988,0,551,4.47,551,4.47,551,4.47
1983-01-27 01:57:58,19.3743,-155.4218,10.89,3.46,15.0614,0,552,4.47,552,4.47,552,4.47
1983-01-27 03:39:27,19.28,-155.3562,5.44,1.72,17.2776,0,553,4.47,553,4.47,553,4.47
1983-01-27 12:04:15,19.3725,-155.406,6.28,2.5,13.5962,0,554,4.47,554,4.47,554,4.47
1983-01-27 16:26:40,19.3368,-155.0613,5.4,1.86,25.4591,0,555,4.47,555,4.47,555,4.47
1983-01-27 16:36:25,19.3518,-155.035,8.52,1.85,27.5298,0,556,4.47,556,4.47,556,4.47
1983-01-27 23:08:35,19.3925,-155.2522,1.53,2.47,4.8337,0,557,4.47,557,4.47,557,4.47
1983-01-28 01:53:17,19.3967,-155.2538,1.72,2.24,4.4075,0,558,4.47,558,4.47,558,4.47
1983-01-28 05:27:35,19.3167,-155.1893,5.94,1.52,15.4774,0,559,4.47,559,4.47,559,4.47
1983-01-28 09:41:46,19.3663,-155.427,9.92,1.63,15.8936,0,560,4.47,560,4.47,560,4.47
1983-01-28 09:47:54,19.2985,-155.2197,5.6,1.52,15.3425,0,561,4.47,561,4.47,561,4.47
1983-01-28 10:33:16,19.3913,-155.4393,10.98,2.5,16.3104,0,562,4.47,562,4.47,562,4.47
1983-01-28 13:22:56,19.3353,-155.196,9.13,2.52,13.4882,0,563,4.47,563,4.47,563,4.47
1983-01-28 20:32:09,19.3687,-155.0802,7.45,2.13,22.4565,0,564,4.47,564,4.47,564,4.47
1983-01-29 21:34:17,19.3223,-155.176,8.67,1.59,16.0011,0,565,4.47,565,4.47,565,4.47
1983-01-30 04:56:11,19.3175,-155.1655,6.33,1.59,17.1728,0,566,4.47,566,4.47,566,4.47
1983-01-30 21:52:41,19.351,-155.0577,4.67,1.54,25.2798,0,567,4.47,567,4.47,567,4.47
1983-01-31 02:50:01,19.3218,-155.1932,7.14,1.59,14.7816,0,568,4.47,568,4.47,568,4.47
1983-01-31 08:58:23,19.3528,-155.0325,5.9,1.85,27.751,0,569,4.47,569,4.47,569,4.47
1983-01-31 17:00:11,19.318,-155.1435,6.44,1.58,18.9151,0,570,4.47,570,4.47,570,4.47
1983-01-31 18:36:52,19.3448,-155.0562,8.26,1.56,25.6494,0,571,4.47,571,4.47,571,4.47
1983-01-31 20:38:51,19.3523,-155.0578,6.51,2.32,25.2256,0,572,4.47,572,4.47,572,4.47
1983-02-01 02:16:42,19.3132,-155.2763,7.17,1.63,12.0392,0,573,4.47,573,4.47,573,4.47
1983-02-01 02:32:28,19.4493,-155.2752,24.42,2.62,3.3815,0,574,4.47,574,4.47,574,4.47
1983-02-01 02:52:46,19.3297,-155.1177,6.87,1.57,20.4563,0,575,4.47,575,4.47,575,4.47
1983-02-01 16:49:45,19.4658,-155.4515,10.76,2.69,17.9531,0,576,4.47,576,4.47,576,4.47
1983-02-02 00:38:36,19.3057,-155.465,0.03,2.61,22.6505,0,577,4.47,577,4.47,577,4.47
1983-02-02 04:35:02,19.343,-155.0487,6.3,2.95,26.4583,0,578,4.47,578,4.47,578,4.47
1983-02-02 04:49:35,19.36,-155.023,4.06,1.84,28.5093,0,579,4.47,579,4.47,579,4.47
1983-02-02 05:01:20,19.3383,-155.1403,6.5,1.86,17.9266,0,580,4.47,580,4.47,580,4.47
1983-02-02 06:09:41,19.3628,-155.0298,4.94,1.53,27.7425,0,581,4.47,581,4.47,581,4.47
1983-02-02 08:45:43,19.343,-155.0673,5.93,1.85,24.6233,0,582,4.47,582,4.47,582,4.47
1983-02-02 11:01:59,19.3192,-155.2307,7.49,1.91,12.7678,0,583,4.47,583,4.47,583,4.47
1983-02-03 05:46:23,19.3322,-155.109,9.83,3.51,21.1219,0,584,4.47,584,4.47,584,4.47
1983-02-03 09:52:36,19.3577,-155.0553,8.09,1.84,25.3017,0,585,4.47,585,4.47,585,4.47
1983-02-03 10:41:08,19.3735,-155.4728,3.9,1.66,20.1901,0,586,4.47,586,4.47,586,4.47
1983-02-03 16:44:31,19.2547,-155.3667,9.92,2.55,20.2944,0,587,4.47,587,4.47,587,4.47
1983-02-04 04:59:38,19.3303,-155.1958,7.53,1.58,13.9011,0,588,4.47,588,4.47,588,4.47
1983-02-04 07:57:25,19.3803,-155.5117,8.34,2.45,23.9971,0,589,4.47,589,4.47,589,4.47
1983-02-04 09:30:28,19.318,-155.2273,4.26,1.6,13.0536,0,590,4.47,590,4.47,590,4.47
1983-02-04 23:47:51,19.3133,-155.3418,7.75,1.79,13.2838,0,591,4.47,591,4.47,591,4.47
1983-02-05 02:24:00,19.321,-155.259,8.56,2.08,11.5009,0,592,4.47,592,4.47,592,4.47
1983-02-06 04:09:33,19.3337,-155.0668,7.23,1.57,25.0553,0,593,4.47,593,4.47,593,4.47
1983-02-06 15:10:22,19.3393,-155.0595,8.72,2.07,25.5344,0,594,4.47,594,4.47,594,4.47
1983-02-07 04:21:13,19.2795,-155.5078,8.56,3.12,28.0029,0,595,4.47,595,4.47,595,4.47
1983-02-07 04:31:25,19.3697,-155.0252,8.07,2.6,28.0453,0,596,4.47,596,4.47,596,4.47
1983-02-07 08:55:46,19.3195,-155.259,8.37,2.44,11.6622,0,597,4.47,597,4.47,597,4.47
1983-02-07 17:54:57,19.3247,-155.1433,7.42,2.99,18.4904,0,598,4.47,598,4.47,598,4.47
1983-02-08 02:02:45,19.3573,-155.241,28.08,4.26,8.5704,0,599,4.47,599,4.47,599,4.47
1983-02-08 02:10:08,19.3648,-155.2383,26.74,1.93,8.0713,0,600,4.47,600,4.47,600,4.47
1983-02-08 02:11:19,19.3467,-155.0423,7.93,2.38,26.9642,0,601,4.47,601,4.47,601,4.47
1983-02-08 02:36:57,19.3642,-155.2388,27.28,1.77,8.0902,0,602,4.47,602,4.47,602,4.47
1983-02-08 04:08:31,19.3455,-155.0445,7.56,2.14,26.7862,0,603,4.47,603,4.47,603,4.47
1983-02-08 05:23:15,19.3627,-155.2428,27.92,2.72,7.9699,0,604,4.47,604,4.47,604,4.47
1983-02-09 00:31:41,19.2855,-155.2733,6.02,1.97,15.1353,0,605,4.47,605,4.47,605,4.47
1983-02-09 05:38:57,19.346,-155.0502,6.95,1.85,26.2014,0,606,4.47,606,4.47,606,4.47
1983-02-09 09:49:23,19.363,-155.0283,7.94,1.84,27.8904,0,607,4.47,607,4.47,607,4.47
1983-02-09 15:53:18,19.3128,-155.2263,5.01,1.61,13.6125,0,608,4.47,608,4.47,608,4.47
1983-02-10 03:28:05,19.3783,-155.4083,10.5,2.86,13.579,0,609,4.47,609,4.47,609,4.47
1983-02-10 09:32:54,19.3655,-155.3015,25.68,1.58,6.3558,0,610,4.47,610,4.47,610,4.47
1983-02-10 10:21:29,19.3317,-155.116,7.55,2.04,20.5026,0,611,4.47,611,4.47,611,4.47
1983-02-10 10:39:25,19.339,-155.1042,7.83,2.16,21.2324,0,612,4.47,612,4.47,612,4.47
1983-02-10 11:25:22,19.3407,-155.1135,6.96,1.86,20.2717,0,613,4.47,613,4.47,613,4.47
1983-02-11 00:39:38,19.3505,-155.0603,7.03,2.51,25.0378,0,614,4.47,614,4.47,614,4.47
1983-02-11 00:49:25,19.3498,-155.0613,6.88,1.82,24.9629,0,615,4.47,615,4.47,615,4.47
1983-02-11 06:09:03,19.3343,-155.142,7.26,1.57,18.0081,0,616,4.47,616,4.47,616,4.47
1983-02-11 18:38:30,19.3397,-155.2133,7.94,1.63,11.895,0,617,4.47,617,4.47,617,4.47
1983-02-11 19:27:22,19.2787,-155.3708,7.11,2.34,18.1013,0,618,4.47,618,4.47,618,4.47
1983-02-11 19:28:41,19.2822,-155.369,6.38,1.52,17.6694,0,619,4.47,619,4.47,619,4.47
1983-02-12 01:10:08,19.359,-155.0527,7.95,2.02,25.5242,0,620,4.47,620,4.47,620,4.47
1983-02-12 01:28:21,19.3645,-155.0335,7.45,1.7,27.3211,0,621,4.47,621,4.47,621,4.47
1983-02-12 05:10:24,19.3627,-155.016,3.7,1.83,29.1545,0,622,4.47,622,4.47,622,4.47
1983-02-12 06:25:53,19.2805,-155.3665,6.44,1.52,17.7097,0,623,4.47,623,4.47,623,4.47
1983-02-12 07:02:23,19.3472,-155.037,7.08,2.51,27.4772,0,624,4.47,624,4.47,624,4.47
1983-02-12 18:09:49,19.2805,-155.3955,2.08,1.9,19.3298,0,625,4.47,625,4.47,625,4.47
1983-02-12 22:37:46,19.272,-155.3725,7.01,2.32,18.8404,0,626,4.47,626,4.47,626,4.47
1983-02-12 23:27:29,19.3143,-155.2218,3.82,1.58,13.6949,0,627,4.47,627,4.47,627,4.47
1983-02-13 13:33:19,19.3327,-155.1963,7.89,1.58,13.6721,0,628,4.47,628,4.47,628,4.47
1983-02-13 16:47:34,19.3275,-155.114,7.24,1.87,20.9148,0,629,4.47,629,4.47,629,4.47
1983-02-14 10:03:53,19.3103,-155.2478,7.67,1.52,12.978,0,630,4.47,630,4.47,630,4.47
1983-02-15 09:11:54,19.335,-155.1097,8.86,3.39,20.9127,0,631,4.47,631,4.47,631,4.47
1983-02-15 10:47:05,19.3222,-155.1877,5.02,1.67,15.1394,0,632,4.47,632,4.47,632,4.47
1983-02-15 12:25:06,19.3837,-155.4072,11.21,2.63,13.2711,0,633,4.47,633,4.47,633,4.47
1983-02-15 19:54:31,19.3265,-155.1408,7.41,2.58,18.5909,0,634,4.47,634,4.47,634,4.47
1983-02-15 22:59:40,19.3428,-155.2167,7.35,1.65,11.4013,0,635,4.47,635,4.47,635,4.47
1983-02-16 05:06:20,19.3268,-155.1257,8.69,2.99,19.9001,0,636,4.47,636,4.47,636,4.47
1983-02-16 05:09:09,19.3257,-155.122,8.18,2.55,20.2948,0,637,4.47,637,4.47,637,4.47
1983-02-16 21:17:46,19.323,-155.1447,8.1,1.53,18.4818,0,638,4.47,638,4.47,638,4.47
1983-02-17 04:58:04,19.3302,-155.1287,7.89,1.63,19.434,0,639,4.47,639,4.47,639,4.47
1983-02-17 06:33:07,19.3977,-155.463,10.12,1.69,18.6388,0,640,4.47,640,4.47,640,4.47
1983-02-17 06:34:52,19.332,-155.1637,7.97,1.65,16.2858,0,641,4.47,641,4.47,641,4.47
1983-02-17 10:43:49,19.3218,-155.1963,7.22,1.67,14.5671,0,642,4.47,642,4.47,642,4.47
1983-02-17 11:16:56,19.3473,-155.1007,6.65,2.15,21.1904,0,643,4.47,643,4.47,643,4.47
1983-02-17 12:11:22,19.3228,-155.1722,7.76,1.54,16.256,0,644,4.47,644,4.47,644,4.47
1983-02-17 12:26:04,19.3077,-155.2193,9.12,2.22,14.4624,0,645,4.47,645,4.47,645,4.47
1983-02-18 09:37:48,19.3068,-155.2523,5.06,1.56,13.2099,0,646,4.47,646,4.47,646,4.47
1983-02-19 08:11:51,19.3598,-155.0178,7.98,2.69,29.0445,0,647,4.47,647,4.47,647,4.47
1983-02-19 08:41:03,19.3542,-155.1332,9.14,2.25,17.7601,0,648,4.47,648,4.47,648,4.47
1983-02-19 11:21:54,19.4358,-155.4747,7.7,1.65,19.7512,0,649,4.47,649,4.47,649,4.47
1983-02-19 16:38:43,19.3415,-155.2177,8.77,2.06,11.445,0,650,4.47,650,4.47,650,4.47
1983-02-20 00:36:37,19.4065,-155.4038,12.9,1.63,12.3545,0,651,4.47,651,4.47,651,4.47
1983-02-20 04:05:12,19.3317,-155.1222,8.66,3.55,19.9361,0,652,4.47,652,4.47,652,4.47
1983-02-20 05:35:33,19.3292,-155.1428,6.06,1.87,18.2485,0,653,4.47,653,4.47,653,4.47
1983-02-20 15:01:47,19.4537,-155.4005,7.19,2.96,12.4441,0,654,4.47,654,4.47,654,4.47
1983-02-21 01:49:41,19.3177,-155.2232,6.54,1.56,13.2941,0,655,4.47,655,4.47,655,4.47
1983-02-21 13:02:02,19.3438,-155.0515,6.19,1.71,26.1516,0,656,4.47,656,4.47,656,4.47
1983-02-21 20:16:20,19.3255,-155.1162,6.35,1.57,20.8275,0,657,4.47,657,4.47,657,4.47
1983-02-22 01:35:42,19.322,-155.193,6.16,1.65,14.779,0,658,4.47,658,4.47,658,4.47
1983-02-22 18:13:37,19.3352,-155.1785,7.98,2.05,14.8512,0,659,4.47,659,4.47,659,4.47
1983-02-23 07:14:15,19.3987,-155.0245,8.57,2.16,27.6415,0,660,4.47,660,4.47,660,4.47
1983-02-23 08:06:37,19.3523,-155.5055,8.17,1.56,24.1578,0,661,4.47,661,4.47,661,4.47
1983-02-24 06:24:11,19.3413,-155.2155,8.99,2.53,11.6099,0,662,4.47,662,4.47,662,4.47
1983-02-24 23:19:55,19.3552,-155.045,8.51,1.56,26.4169,0,663,4.47,663,4.47,663,4.47
1983-02-25 00:07:56,19.2858,-155.2198,5.24,1.94,16.6046,1,664,4.47,664,4.47,664,4.47
1983-02-25 03:21:15,19.2857,-155.2205,5.25,2.41,16.5837,1,665,4.47,665,4.47,665,4.47
1983-02-25 08:03:21,19.3232,-155.2053,4.75,1.59,13.8462,1,666,4.47,666,4.47,666,4.47
1983-02-26 21:16:27,19.307,-155.2578,6.69,1.74,13.0411,1,667,4.47,667,4.47,667,4.47
1983-02-27 15:13:05,19.3237,-155.1892,9.43,3.0,14.9101,1,668,4.47,668,4.47,668,4.47
1983-02-27 17:47:43,19.3515,-155.2187,8.21,1.87,10.538,1,669,4.47,669,4.47,669,4.47
1983-02-27 18:06:54,19.3403,-155.2133,10.16,2.06,11.8444,1,670,4.47,670,4.47,670,4.47
1983-02-27 20:31:31,19.308,-155.2647,5.96,1.63,12.7809,1,671,4.47,671,4.47,671,4.47
1983-02-28 09:13:50,19.3248,-155.1425,7.26,1.58,18.5525,1,672,4.47,672,4.47,672,4.47
1983-02-28 16:16:51,19.3348,-155.1188,8.62,2.62,20.0792,1,673,4.47,673,4.47,673,4.47
1983-03-01 10:10:26,19.3265,-155.1417,6.02,1.63,18.5131,1,674,4.47,674,4.47,674,4.47
1983-03-01 16:33:43,19.3287,-155.1852,9.05,1.85,14.8112,1,675,4.47,675,4.47,675,4.47
1983-03-01 20:54:04,19.3288,-155.218,7.5,1.6,12.5498,1,676,4.47,676,4.47,676,4.47
1983-03-02 02:54:34,19.3332,-155.1965,7.69,1.69,13.6176,1,677,4.47,677,4.47,677,4.47
1983-03-02 03:52:26,19.3235,-155.2728,8.34,2.23,10.9433,1,678,4.47,678,4.47,678,4.47
1983-03-03 07:30:16,19.3315,-155.1813,6.25,1.51,14.899,1,679,4.47,679,4.47,679,4.47
1983-03-03 10:35:10,19.3543,-155.0248,3.97,1.56,28.4848,1,680,4.47,680,4.47,680,4.47
1983-03-03 19:47:52,19.3735,-155.496,8.67,2.35,22.5477,1,681,4.47,681,4.47,681,4.47
1983-03-03 22:27:25,19.3592,-155.0447,8.17,2.14,26.3273,1,682,4.47,682,4.47,682,4.47
1983-03-03 22:42:57,19.3283,-155.1318,6.5,1.56,19.2692,1,683,4.47,683,4.47,683,4.47
1983-03-04 00:00:58,19.3073,-155.2225,7.77,1.7,14.3397,1,684,4.47,684,4.47,684,4.47
1983-03-04 02:54:53,19.4405,-155.4607,8.71,1.68,18.3428,1,685,4.47,685,4.47,685,4.47
1983-03-04 13:21:46,19.343,-155.2177,8.0,1.66,11.3167,1,686,4.47,686,4.47,686,4.47
1983-03-04 16:08:17,19.3175,-155.2602,9.27,2.23,11.8471,1,687,4.47,687,4.47,687,4.47
1983-03-04 23:15:01,19.3273,-155.0752,5.29,2.04,24.5394,1,688,4.47,688,4.47,688,4.47
1983-03-05 02:03:42,19.3467,-155.5107,6.53,1.54,24.8761,1,689,4.47,689,4.47,689,4.47
1983-03-05 02:40:04,19.313,-155.2202,5.93,2.31,13.9041,1,690,4.47,690,4.47,690,4.47
1983-03-05 02:48:27,19.326,-155.1342,7.42,1.66,19.1966,1,691,4.47,691,4.47,691,4.47
1983-03-05 02:50:25,19.2837,-155.2555,8.61,1.56,15.6206,1,692,4.47,692,4.47,692,4.47
1983-03-05 03:08:42,19.3537,-155.0408,7.97,2.85,26.8865,1,693,4.47,693,4.47,693,4.47
1983-03-05 08:20:10,19.3998,-155.4167,8.42,2.63,13.8047,1,694,4.47,694,4.47,694,4.47
1983-03-05 09:27:24,19.3602,-155.0523,8.46,3.54,25.5288,1,695,4.47,695,4.47,695,4.47
1983-03-05 09:35:43,19.35,-155.045,8.11,1.97,26.5832,1,696,4.47,696,4.47,696,4.47
1983-03-05 12:23:59,19.3308,-155.1398,9.15,2.62,18.4126,1,697,4.47,697,4.47,697,4.47
1983-03-05 14:40:53,19.37,-155.0357,6.37,1.69,26.9609,1,698,4.47,698,4.47,698,4.47
1983-03-05 17:51:14,19.3548,-155.0425,6.19,1.69,26.6812,1,699,4.47,699,4.47,699,4.47
1983-03-06 08:28:53,19.3337,-155.1353,6.65,2.17,18.6401,1,700,4.47,700,4.47,700,4.47
1983-03-06 20:47:26,19.5767,-155.1362,22.58,1.96,23.4435,1,701,4.47,701,4.47,701,4.47
1983-03-07 09:41:50,19.3558,-155.0567,7.92,2.39,25.2207,1,702,4.47,702,4.47,702,4.47
1983-03-07 16:40:33,19.3593,-155.0258,6.2,1.84,28.2429,1,703,4.47,703,4.47,703,4.47
1983-03-08 06:17:44,19.3768,-155.0103,7.42,1.7,29.4344,1,704,4.47,704,4.47,704,4.47
1983-03-08 07:35:19,19.4382,-155.4153,8.43,1.91,13.5889,1,705,4.47,705,4.47,705,4.47
1983-03-08 08:40:10,19.335,-155.0655,7.11,1.59,25.1256,1,706,4.47,706,4.47,706,4.47
1983-03-08 17:35:55,19.3238,-155.1457,6.94,1.65,18.3446,1,707,4.47,707,4.47,707,4.47
1983-03-09 05:18:52,19.333,-155.2105,8.62,1.6,12.6549,1,708,4.47,708,4.47,708,4.47
1983-03-09 08:45:42,19.286,-155.3868,6.02,1.51,18.3018,1,709,4.47,709,4.47,709,4.47
1983-03-09 19:31:29,19.327,-155.2008,5.09,1.58,13.8209,1,710,4.47,710,4.47,710,4.47
1983-03-10 01:02:38,19.3567,-155.0283,5.44,2.02,28.0611,1,711,4.47,711,4.47,711,4.47
1983-03-10 01:37:56,19.3392,-155.204,10.05,1.78,12.5911,1,712,4.47,712,4.47,712,4.47
1983-03-10 03:49:53,19.3733,-155.4575,8.91,1.72,18.6524,1,713,4.47,713,4.47,713,4.47
1983-03-10 05:20:56,19.3563,-155.2217,9.05,1.87,9.9334,1,714,4.47,714,4.47,714,4.47
1983-03-10 10:11:24,19.3392,-155.2258,8.74,1.89,11.1331,1,715,4.47,715,4.47,715,4.47
1983-03-10 12:27:16,19.31,-155.257,8.43,1.93,12.7376,1,716,4.47,716,4.47,716,4.47
1983-03-11 06:27:06,19.3952,-155.4335,8.75,1.96,15.6296,1,717,4.47,717,4.47,717,4.47
1983-03-11 13:31:34,19.3412,-155.1508,6.6,1.86,16.8181,1,718,4.47,718,4.47,718,4.47
1983-03-11 14:19:22,19.3568,-155.0543,5.43,1.84,25.4304,1,719,4.47,719,4.47,719,4.47
1983-03-12 08:05:59,19.3422,-155.1838,8.1,2.05,13.927,1,720,4.47,720,4.47,720,4.47
1983-03-12 23:44:34,19.3413,-155.2115,8.8,2.78,11.8853,1,721,4.47,721,4.47,721,4.47
1983-03-13 02:59:02,19.3283,-155.115,8.94,2.67,20.7795,1,722,4.47,722,4.47,722,4.47
1983-03-14 22:28:42,19.364,-155.0093,4.48,1.71,29.8088,1,723,4.47,723,4.47,723,4.47
1983-03-15 10:15:25,19.3022,-155.2202,5.75,1.59,14.9537,1,724,4.47,724,4.47,724,4.47
1983-03-15 22:17:20,19.3495,-155.2173,7.73,1.52,10.801,1,725,4.47,725,4.47,725,4.47
1983-03-16 01:06:25,19.2768,-155.3828,4.83,2.29,18.9238,1,726,4.47,726,4.47,726,4.47
1983-03-16 02:04:28,19.324,-155.2583,8.31,2.11,11.1982,1,727,4.47,727,4.47,727,4.47
1983-03-16 05:34:36,19.3573,-155.0142,8.17,1.63,29.4775,1,728,4.47,728,4.47,728,4.47
1983-03-16 12:19:45,19.3365,-155.1192,6.44,1.54,19.9525,1,729,4.47,729,4.47,729,4.47
1983-03-16 13:20:35,19.339,-155.0605,7.32,2.04,25.4484,1,730,4.47,730,4.47,730,4.47
1983-03-16 22:18:33,19.3518,-155.0452,8.36,1.75,26.5043,1,731,4.47,731,4.47,731,4.47
1983-03-17 09:14:25,19.297,-155.2177,6.71,1.63,15.5875,1,732,4.47,732,4.47,732,4.47
1983-03-17 10:59:39,19.294,-155.2195,7.67,1.93,15.7978,1,733,4.47,733,4.47,733,4.47
1983-03-18 04:35:43,19.334,-155.1975,10.05,3.25,13.4806,1,734,4.47,734,4.47,734,4.47
1983-03-18 13:31:58,19.3365,-155.2088,7.04,1.88,12.4729,1,735,4.47,735,4.47,735,4.47
1983-03-18 16:51:24,19.3178,-155.2577,7.24,1.59,11.8798,1,736,4.47,736,4.47,736,4.47
1983-03-18 20:20:49,19.3143,-155.2512,8.26,2.1,12.4447,1,737,4.47,737,4.47,737,4.47
1983-03-19 04:45:30,19.3885,-155.4422,10.08,3.62,16.6732,1,738,4.47,738,4.47,738,4.47
1983-03-19 06:09:42,19.342,-155.2248,7.43,1.88,10.9424,1,739,4.47,739,4.47,739,4.47
1983-03-19 11:09:11,19.3385,-155.2197,8.45,1.58,11.5755,1,740,4.47,740,4.47,740,4.47
1983-03-19 16:55:20,19.3573,-155.4127,8.55,1.84,14.9664,1,741,4.47,741,4.47,741,4.47
1983-03-19 17:20:37,19.2683,-155.3563,7.87,1.74,18.4705,1,742,4.47,742,4.47,742,4.47
1983-03-19 17:45:46,19.2675,-155.3513,7.04,1.74,18.3531,1,743,4.47,743,4.47,743,4.47
1983-03-20 06:38:11,19.4035,-155.2928,16.41,2.63,2.0386,1,744,4.47,744,4.47,744,4.47
1983-03-20 17:13:12,19.3488,-155.1442,7.65,2.03,16.9946,1,745,4.47,745,4.47,745,4.47
1983-03-20 18:38:27,19.3277,-155.1162,8.94,2.83,20.7037,1,746,4.47,746,4.47,746,4.47
1983-03-20 19:35:39,19.4025,-155.3328,15.53,2.82,5.2249,1,747,4.47,747,4.47,747,4.47
1983-03-20 23:17:58,19.2992,-155.25,7.31,1.57,14.0888,1,748,4.47,748,4.47,748,4.47
1983-03-21 03:18:39,19.3585,-155.0507,6.95,4.91,25.7412,1,749,4.47,749,4.47,749,4.47
1983-03-21 03:53:23,19.343,-155.0555,5.28,1.75,25.7855,1,750,4.91,750,4.91,750,4.91
1983-03-21 03:59:43,19.3202,-155.2162,6.23,1.6,13.4459,1,751,4.91,751,4.91,751,4.91
1983-03-21 04:45:02,19.3492,-155.0308,3.11,2.15,28.0342,1,752,4.91,752,4.91,752,4.91
1983-03-21 07:40:36,19.339,-155.0457,5.2,1.65,26.9035,1,753,4.91,753,4.91,753,4.91
1983-03-21 09:02:21,19.3647,-155.418,11.12,4.03,15.0988,1,754,4.91,754,4.91,754,4.91
1983-03-21 09:07:00,19.3563,-155.4272,9.62,1.73,16.3707,1,755,4.91,755,4.91,755,4.91
1983-03-21 09:56:51,19.3447,-155.2218,7.0,1.91,10.8975,1,756,4.91,756,4.91,756,4.91
1983-03-21 09:57:15,19.3465,-155.2242,8.02,2.48,10.5839,1,757,4.91,757,4.91,757,4.91
1983-03-21 10:37:29,19.3668,-155.4232,11.2,3.55,15.5044,1,758,4.91,758,4.91,758,4.91
1983-03-21 11:28:41,19.3642,-155.4185,8.72,1.52,15.1696,1,759,4.91,759,4.91,759,4.91
1983-03-21 11:30:01,19.3612,-155.4237,10.22,1.51,15.8047,1,760,4.91,760,4.91,760,4.91
1983-03-21 13:07:34,19.3637,-155.037,2.14,1.56,26.9849,1,761,4.91,761,4.91,761,4.91
1983-03-21 18:39:07,19.3387,-155.0388,5.2,1.53,27.5966,1,762,4.91,762,4.91,762,4.91
1983-03-21 23:12:01,19.3507,-155.0388,4.95,1.85,27.1824,1,763,4.91,763,4.91,763,4.91
1983-03-22 07:36:23,19.3532,-155.4625,11.12,3.33,19.8919,1,764,4.91,764,4.91,764,4.91
1983-03-22 07:46:41,19.3473,-155.0345,5.34,1.55,27.7243,1,765,4.91,765,4.91,765,4.91
1983-03-22 11:35:57,19.3597,-155.0283,6.75,2.62,27.9778,1,766,4.91,766,4.91,766,4.91
1983-03-24 05:25:16,19.2865,-155.46,10.3,1.81,23.5175,1,767,4.91,767,4.91,767,4.91
1983-03-24 08:55:21,19.3415,-155.2018,9.51,1.66,12.5705,1,768,4.91,768,4.91,768,4.91
1983-03-24 12:59:33,19.4262,-155.4707,10.82,3.08,19.2724,1,769,4.91,769,4.91,769,4.91
1983-03-24 14:56:26,19.3685,-155.0135,7.74,2.01,29.2743,1,770,4.91,770,4.91,770,4.91
1983-03-24 16:33:15,19.4127,-155.4272,7.36,1.63,14.7315,1,771,4.91,771,4.91,771,4.91
1983-03-24 20:26:54,19.3252,-155.1912,6.61,1.61,14.6447,1,772,4.91,772,4.91,772,4.91
1983-03-25 05:22:43,19.3293,-155.169,6.1,1.59,16.0371,1,773,4.91,773,4.91,773,4.91
1983-03-25 11:47:47,19.3243,-155.1442,5.91,1.51,18.4394,1,774,4.91,774,4.91,774,4.91
1983-03-25 12:00:22,19.397,-155.432,8.98,2.54,15.4391,1,775,4.91,775,4.91,775,4.91
1983-03-25 17:03:02,19.3348,-155.193,7.96,1.68,13.7514,1,776,4.91,776,4.91,776,4.91
1983-03-25 18:58:12,19.4082,-155.4392,8.85,2.59,16.0246,1,777,4.91,777,4.91,777,4.91
1983-03-25 19:52:28,19.3243,-155.1433,5.16,1.67,18.5162,1,778,4.91,778,4.91,778,4.91
1983-03-26 08:27:11,19.3447,-155.049,4.76,1.6,26.367,1,779,4.91,779,4.91,779,4.91
1983-03-26 14:24:01,19.3342,-155.1135,8.43,2.17,20.6006,1,780,4.91,780,4.91,780,4.91
1983-03-27 06:09:40,19.3392,-155.1093,8.5,2.64,20.7408,1,781,4.91,781,4.91,781,4.91
1983-03-27 07:05:32,19.3435,-155.4368,9.82,1.53,17.9207,1,782,4.91,782,4.91,782,4.91
1983-03-27 07:35:04,19.329,-155.2273,7.62,1.9,11.9946,1,783,4.91,783,4.91,783,4.91
1983-03-27 07:46:43,19.3258,-155.2262,7.41,1.6,12.3587,1,784,4.91,784,4.91,784,4.91
1983-03-27 10:33:58,19.3947,-155.4927,9.86,1.9,21.7701,1,785,4.91,785,4.91,785,4.91
1983-03-27 10:55:50,19.3228,-155.1942,6.79,1.59,14.6288,1,786,4.91,786,4.91,786,4.91
1983-03-27 10:56:22,19.3263,-155.1948,6.47,1.59,14.2979,1,787,4.91,787,4.91,787,4.91
1983-03-27 14:49:48,19.3493,-155.0543,7.05,1.7,25.6775,1,788,4.91,788,4.91,788,4.91
1983-03-29 13:22:27,19.3403,-155.11,9.01,1.52,20.6213,1,789,4.91,789,4.91,789,4.91
1983-03-30 12:38:51,19.3127,-155.2253,8.65,1.61,13.6717,1,790,4.91,790,4.91,790,4.91
1983-03-31 13:41:12,19.31,-155.1878,8.16,1.61,16.1443,1,791,4.91,791,4.91,791,4.91
1983-03-31 15:33:49,19.3888,-155.4418,8.25,1.76,16.625,1,792,4.91,792,4.91,792,4.91
1983-03-31 21:02:36,19.2952,-155.3865,3.34,1.72,17.4535,1,793,4.91,793,4.91,793,4.91
1983-03-31 21:03:37,19.295,-155.3872,5.74,1.73,17.5153,1,794,4.91,794,4.91,794,4.91
1983-04-01 09:24:16,19.3372,-155.1338,7.19,2.04,18.5763,1,795,4.91,795,4.91,795,4.91
1983-04-01 23:37:24,19.3032,-155.2807,9.39,2.67,13.1154,1,796,4.91,796,4.91,796,4.91
1983-04-02 01:18:30,19.3153,-155.2303,7.43,2.09,13.1727,1,797,4.91,797,4.91,797,4.91
1983-04-02 01:40:37,19.3418,-155.1995,7.98,1.85,12.7201,1,798,4.91,798,4.91,798,4.91
1983-04-02 06:55:06,19.4492,-155.4568,8.23,2.23,18.0788,1,799,4.91,799,4.91,799,4.91
1983-04-02 10:54:44,19.3397,-155.2013,8.72,1.58,12.749,1,800,4.91,800,4.91,800,4.91
1983-04-02 15:05:37,19.3398,-155.0452,1.99,1.67,26.9228,1,801,4.91,801,4.91,801,4.91
1983-04-02 15:10:47,19.3125,-155.2517,9.05,2.71,12.6202,1,802,4.91,802,4.91,802,4.91
1983-04-02 17:00:42,19.3227,-155.1472,6.53,1.58,18.2905,1,803,4.91,803,4.91,803,4.91
1983-04-02 23:22:27,19.504,-155.2528,6.06,1.74,9.9014,1,804,4.91,804,4.91,804,4.91
1983-04-03 14:20:16,19.3348,-155.0712,6.54,2.58,24.5824,1,805,4.91,805,4.91,805,4.91
1983-04-03 23:56:14,19.342,-155.0425,4.77,1.53,27.1094,1,806,4.91,806,4.91,806,4.91
1983-04-04 02:28:45,19.3358,-155.1225,7.78,1.56,19.6852,1,807,4.91,807,4.91,807,4.91
1983-04-04 07:49:20,19.3537,-155.036,6.83,1.79,27.3705,1,808,4.91,808,4.91,808,4.91
1983-04-04 12:43:44,19.3303,-155.1272,8.93,2.18,19.5629,1,809,4.91,809,4.91,809,4.91
1983-04-05 01:25:54,19.2945,-155.3388,7.48,1.53,15.0792,1,810,4.91,810,4.91,810,4.91
1983-04-07 01:14:25,19.3452,-155.032,5.26,1.64,28.0444,1,811,4.91,811,4.91,811,4.91
1983-04-07 03:58:10,19.3217,-155.2268,8.21,2.08,12.72,1,812,4.91,812,4.91,812,4.91
1983-04-07 04:22:39,19.6508,-155.1587,14.71,1.59,28.8741,1,813,4.91,813,4.91,813,4.91
1983-04-07 05:12:25,19.3987,-155.2675,2.51,2.02,3.2143,1,814,4.91,814,4.91,814,4.91
1983-04-07 09:04:25,19.4143,-155.4258,7.66,1.63,14.5748,1,815,4.91,815,4.91,815,4.91
1983-04-07 13:11:10,19.3482,-155.054,7.13,2.25,25.7457,1,816,4.91,816,4.91,816,4.91
1983-04-07 20:17:13,19.3432,-155.0605,5.51,1.7,25.2845,1,817,4.91,817,4.91,817,4.91
1983-04-07 21:00:33,19.2797,-155.4762,8.89,3.46,25.3152,1,818,4.91,818,4.91,818,4.91
1983-04-07 22:36:52,19.3033,-155.4922,6.32,1.53,25.1927,1,819,4.91,819,4.91,819,4.91
1983-04-08 11:07:42,19.3548,-155.0462,7.76,2.59,26.3084,1,820,4.91,820,4.91,820,4.91
1983-04-08 16:24:24,19.3355,-155.1817,6.81,1.84,14.5738,1,821,4.91,821,4.91,821,4.91
1983-04-10 02:29:21,19.3743,-155.0275,3.12,1.58,27.7084,1,822,4.91,822,4.91,822,4.91
1983-04-10 06:45:43,19.3552,-155.032,7.89,2.32,27.7297,1,823,4.91,823,4.91,823,4.91
1983-04-10 07:11:00,19.3403,-155.2073,7.81,1.66,12.2644,1,824,4.91,824,4.91,824,4.91
1983-04-10 10:31:09,19.3552,-155.2637,26.39,1.66,7.714,1,825,4.91,825,4.91,825,4.91
1983-04-10 19:44:20,19.351,-155.0702,2.66,1.84,24.0357,1,826,4.91,826,4.91,826,4.91
1983-04-10 20:34:21,19.3718,-155.4223,10.75,1.84,15.2085,1,827,4.91,827,4.91,827,4.91
1983-04-10 23:59:07,19.3603,-155.0262,7.55,2.65,28.1753,1,828,4.91,828,4.91,828,4.91
1983-04-11 01:47:08,19.3355,-155.1332,6.66,1.55,18.7261,1,829,4.91,829,4.91,829,4.91
1983-04-11 11:45:26,19.373,-155.4687,6.45,2.71,19.7904,1,830,4.91,830,4.91,830,4.91
1983-04-11 17:16:57,19.3403,-155.1912,8.09,1.96,13.4724,1,831,4.91,831,4.91,831,4.91
1983-04-11 20:53:49,19.3017,-155.3477,6.84,1.99,14.7146,1,832,4.91,832,4.91,832,4.91
1983-04-12 03:12:39,19.3515,-155.0537,6.25,2.58,25.6625,1,833,4.91,833,4.91,833,4.91
1983-04-12 17:01:48,19.3263,-155.1105,8.6,1.75,21.2998,1,834,4.91,834,4.91,834,4.91
1983-04-12 17:04:51,19.3308,-155.1132,8.9,2.69,20.8081,1,835,4.91,835,4.91,835,4.91
1983-04-12 17:08:11,19.3308,-155.12,7.8,2.27,20.1861,1,836,4.91,836,4.91,836,4.91
1983-04-12 19:12:58,19.3565,-155.0265,6.79,2.14,28.2494,1,837,4.91,837,4.91,837,4.91
1983-04-12 19:22:25,19.363,-155.017,8.79,2.54,29.0447,1,838,4.91,838,4.91,838,4.91
1983-04-13 02:47:12,19.3397,-155.123,7.09,2.34,19.4336,1,839,4.91,839,4.91,839,4.91
1983-04-13 04:39:00,19.3112,-155.252,6.91,1.93,12.7494,1,840,4.91,840,4.91,840,4.91
1983-04-13 12:33:56,19.3127,-155.4922,8.55,2.29,24.6653,1,841,4.91,841,4.91,841,4.91
1983-04-13 13:26:06,19.3918,-155.4013,8.39,2.24,12.4192,1,842,4.91,842,4.91,842,4.91
1983-04-13 21:14:57,19.3572,-155.0587,5.55,1.59,24.9751,1,843,4.91,843,4.91,843,4.91
1983-04-13 22:30:07,19.3258,-155.1312,8.68,1.53,19.4722,1,844,4.91,844,4.91,844,4.91
1983-04-14 13:50:59,19.3415,-155.1977,8.53,1.87,12.8798,1,845,4.91,845,4.91,845,4.91
1983-04-14 15:17:26,19.4325,-155.4977,8.7,1.69,22.1316,1,846,4.91,846,4.91,846,4.91
1983-04-14 20:58:24,19.3362,-155.1033,8.2,1.73,21.4529,1,847,4.91,847,4.91,847,4.91
1983-04-14 21:42:23,19.3278,-155.1992,6.31,2.58,13.8646,1,848,4.91,848,4.91,848,4.91
1983-04-14 22:09:44,19.3393,-155.2182,7.58,1.59,11.6024,1,849,4.91,849,4.91,849,4.91
1983-04-15 03:49:35,19.31,-155.2637,8.55,2.24,12.5823,1,850,4.91,850,4.91,850,4.91
1983-04-15 10:56:28,19.3053,-155.2222,6.65,1.65,14.5509,1,851,4.91,851,4.91,851,4.91
1983-04-15 14:46:36,19.2973,-155.2177,6.61,1.53,15.558,1,852,4.91,852,4.91,852,4.91
1983-04-15 16:14:50,19.3192,-155.1868,6.59,1.63,15.4474,1,853,4.91,853,4.91,853,4.91
1983-04-15 23:37:02,19.3327,-155.1225,7.67,1.8,19.8535,1,854,4.91,854,4.91,854,4.91
1983-04-16 00:03:45,19.299,-155.2045,8.58,1.56,16.0916,1,855,4.91,855,4.91,855,4.91
1983-04-16 00:51:14,19.334,-155.1985,9.1,3.21,13.4078,1,856,4.91,856,4.91,856,4.91
1983-04-16 06:35:41,19.4907,-155.3972,7.99,1.64,13.9124,1,857,4.91,857,4.91,857,4.91
1983-04-16 16:40:52,19.3285,-155.1177,8.71,2.32,20.5229,1,858,4.91,858,4.91,858,4.91
1983-04-16 18:50:10,19.3235,-155.2218,8.74,1.53,12.8187,1,859,4.91,859,4.91,859,4.91
1983-04-17 09:27:56,19.4257,-155.4298,10.66,1.75,14.9838,1,860,4.91,860,4.91,860,4.91
1983-04-17 22:37:00,19.3497,-155.1357,7.78,1.58,17.7404,1,861,4.91,861,4.91,861,4.91
1983-04-18 14:25:29,19.3337,-155.1393,7.41,2.11,18.2833,1,862,4.91,862,4.91,862,4.91
1983-04-19 01:25:10,19.3475,-155.0342,5.76,1.85,27.7478,1,863,4.91,863,4.91,863,4.91
1983-04-19 06:06:59,19.3392,-155.2158,7.05,1.58,11.7692,1,864,4.91,864,4.91,864,4.91
1983-04-19 11:40:38,19.3377,-155.0675,5.29,1.56,24.8179,1,865,4.91,865,4.91,865,4.91
1983-04-19 20:13:14,19.3807,-155.442,6.51,1.68,16.8626,1,866,4.91,866,4.91,866,4.91
1983-04-20 02:33:51,19.4353,-155.4707,8.49,1.96,19.3287,1,867,4.91,867,4.91,867,4.91
1983-04-20 22:35:30,19.2543,-155.3667,8.43,1.55,20.335,0,868,4.91,868,4.91,868,4.91
1983-04-21 08:44:34,19.3293,-155.1672,6.49,1.64,16.1833,0,869,4.91,869,4.91,869,4.91
1983-04-21 16:29:52,19.3497,-155.038,6.55,2.5,27.2949,0,870,4.91,870,4.91,870,4.91
1983-04-21 22:03:06,19.3403,-155.1145,4.59,1.75,20.1973,0,871,4.91,871,4.91,871,4.91
1983-04-22 01:19:45,19.3363,-155.2167,6.57,1.88,11.9618,0,872,4.91,872,4.91,872,4.91
1983-04-22 08:14:50,19.3372,-155.1522,8.2,1.54,16.9343,0,873,4.91,873,4.91,873,4.91
1983-04-22 08:55:33,19.3268,-155.1483,6.06,1.82,17.9279,0,874,4.91,874,4.91,874,4.91
1983-04-22 19:22:33,19.335,-155.137,7.41,1.7,18.4126,0,875,4.91,875,4.91,875,4.91
1983-04-22 20:08:12,19.3655,-155.4195,9.12,2.28,15.2057,0,876,4.91,876,4.91,876,4.91
1983-04-23 01:14:14,19.3405,-155.2143,7.33,1.63,11.7592,0,877,4.91,877,4.91,877,4.91
1983-04-23 06:20:08,19.3387,-155.2108,7.07,1.82,12.1506,0,878,4.91,878,4.91,878,4.91
1983-04-23 06:43:42,19.3313,-155.1375,9.19,3.16,18.5855,0,879,4.91,879,4.91,879,4.91
1983-04-23 07:37:50,19.3593,-155.4177,9.31,2.64,15.3295,0,880,4.91,880,4.91,880,4.91
1983-04-23 16:19:35,19.3487,-155.0495,5.48,1.53,26.177,0,881,4.91,881,4.91,881,4.91
1983-04-23 17:15:32,19.3312,-155.1323,7.84,2.17,19.0538,0,882,4.91,882,4.91,882,4.91
1983-04-24 10:04:26,19.326,-155.145,6.4,1.88,18.2613,0,883,4.91,883,4.91,883,4.91
1983-04-24 11:09:18,19.3505,-155.1938,8.52,3.11,12.531,0,884,4.91,884,4.91,884,4.91
1983-04-24 12:24:31,19.4412,-155.3765,6.7,1.57,9.6499,0,885,4.91,885,4.91,885,4.91
1983-04-24 21:57:32,19.5457,-155.4753,12.76,1.51,24.1223,0,886,4.91,886,4.91,886,4.91
1983-04-25 07:26:27,19.264,-155.5015,6.58,1.88,28.4821,0,887,4.91,887,4.91,887,4.91
1983-04-25 11:45:08,19.3408,-155.0612,5.49,1.59,25.3085,0,888,4.91,888,4.91,888,4.91
1983-04-25 12:50:27,19.3398,-155.0648,5.52,1.86,24.9955,0,889,4.91,889,4.91,889,4.91
1983-04-25 18:09:07,19.3402,-155.1392,5.53,1.56,17.9188,0,890,4.91,890,4.91,890,4.91
1983-04-25 21:42:59,19.4282,-155.4697,10.02,2.62,19.1754,0,891,4.91,891,4.91,891,4.91
1983-04-26 01:23:01,19.3432,-155.0508,7.1,1.81,26.2429,0,892,4.91,892,4.91,892,4.91
1983-04-26 05:42:23,19.3268,-155.1118,8.26,2.27,21.1538,0,893,4.91,893,4.91,893,4.91
1983-04-26 06:58:54,19.3457,-155.0552,7.17,1.88,25.7156,0,894,4.91,894,4.91,894,4.91
1983-04-26 08:02:52,19.3547,-155.0525,7.99,2.91,25.6779,0,895,4.91,895,4.91,895,4.91
1983-04-26 16:22:07,19.3448,-155.2173,7.61,2.05,11.1914,0,896,4.91,896,4.91,896,4.91
1983-04-26 16:30:50,19.2967,-155.3783,8.09,2.01,16.8157,0,897,4.91,897,4.91,897,4.91
1983-04-27 00:31:30,19.3343,-155.1203,7.11,2.17,19.9679,0,898,4.91,898,4.91,898,4.91
1983-04-27 06:26:07,19.4148,-155.4262,7.98,1.93,14.6139,0,899,4.91,899,4.91,899,4.91
1983-04-27 10:30:35,19.3332,-155.1845,7.66,1.88,14.5232,0,900,4.91,900,4.91,900,4.91
1983-04-27 11:42:24,19.338,-155.2132,7.02,1.88,12.0461,0,901,4.91,901,4.91,901,4.91
1983-04-27 22:54:43,19.3362,-155.1477,6.98,1.87,17.3904,0,902,4.91,902,4.91,902,4.91
1983-04-28 09:34:33,19.329,-155.1265,8.35,4.28,19.7006,0,903,4.91,903,4.91,903,4.91
1983-04-28 09:39:54,19.3322,-155.1392,7.22,1.57,18.3813,0,904,4.91,904,4.91,904,4.91
1983-04-29 05:45:49,19.4383,-155.461,8.39,2.12,18.3469,0,905,4.91,905,4.91,905,4.91
1983-04-29 08:50:28,19.3388,-155.1178,8.08,2.26,19.9637,0,906,4.91,906,4.91,906,4.91
1983-04-29 16:19:32,19.3525,-155.04,5.81,1.74,27.0046,0,907,4.91,907,4.91,907,4.91
1983-04-30 04:35:36,19.2195,-155.4668,6.91,2.4,29.2911,0,908,4.91,908,4.91,908,4.91
1983-05-01 04:04:47,19.3297,-155.1447,7.85,2.09,18.0523,0,909,4.91,909,4.91,909,4.91
1983-05-01 04:24:41,19.3947,-155.4773,9.36,1.7,20.1708,0,910,4.91,910,4.91,910,4.91
1983-05-01 05:19:06,19.3402,-155.1195,7.34,1.67,19.7339,0,911,4.91,911,4.91,911,4.91
1983-05-02 04:52:23,19.3478,-155.0332,6.17,1.87,27.8383,0,912,4.91,912,4.91,912,4.91
1983-05-02 08:42:59,19.2882,-155.349,6.3,1.68,16.1356,0,913,4.91,913,4.91,913,4.91
1983-05-02 08:53:14,19.33,-155.1783,7.89,1.83,15.2449,0,914,4.91,914,4.91,914,4.91
1983-05-02 23:35:07,19.2927,-155.3905,4.86,1.65,17.9282,0,915,4.91,915,4.91,915,4.91
1983-05-03 00:08:46,19.3335,-155.2122,6.11,1.65,12.4992,0,916,4.91,916,4.91,916,4.91
1983-05-05 02:48:33,19.3375,-155.2207,7.56,1.52,11.6007,0,917,4.91,917,4.91,917,4.91
1983-05-06 02:38:31,19.2697,-155.2203,7.16,1.68,18.2212,0,918,4.91,918,4.91,918,4.91
1983-05-06 04:26:27,19.3287,-155.158,8.0,1.74,16.9839,0,919,4.91,919,4.91,919,4.91
1983-05-06 07:28:56,19.3357,-155.1768,8.27,2.18,14.953,0,920,4.91,920,4.91,920,4.91
1983-05-06 08:45:27,19.4038,-155.4962,11.87,2.96,22.0225,0,921,4.91,921,4.91,921,4.91
1983-05-07 02:31:54,19.3023,-155.2202,7.19,1.53,14.9439,0,922,4.91,922,4.91,922,4.91
1983-05-07 05:22:20,19.3523,-155.1893,8.22,2.16,12.7819,0,923,4.91,923,4.91,923,4.91
1983-05-07 06:04:12,19.3748,-155.5033,8.67,1.57,23.2603,0,924,4.91,924,4.91,924,4.91
1983-05-07 06:09:58,19.3445,-155.0473,7.41,2.16,26.543,0,925,4.91,925,4.91,925,4.91
1983-05-07 06:15:27,19.3068,-155.248,7.01,1.62,13.3413,0,926,4.91,926,4.91,926,4.91
1983-05-07 18:47:10,19.3,-155.4873,8.95,3.34,24.951,0,927,4.91,927,4.91,927,4.91
1983-05-08 19:54:29,19.3418,-155.2098,7.38,2.01,11.9639,0,928,4.91,928,4.91,928,4.91
1983-05-09 02:17:56,19.4037,-155.416,8.43,2.11,13.6645,0,929,4.91,929,4.91,929,4.91
1983-05-09 13:37:46,19.3315,-155.1128,7.56,2.35,20.8075,0,930,4.91,930,4.91,930,4.91
1983-05-09 17:41:19,19.4687,-155.4772,8.59,1.58,20.636,0,931,4.91,931,4.91,931,4.91
1983-05-10 00:06:01,19.3402,-155.0435,7.6,2.46,27.0761,0,932,4.91,932,4.91,932,4.91
1983-05-10 21:18:01,19.3475,-155.0497,7.19,2.52,26.1985,0,933,4.91,933,4.91,933,4.91
1983-05-11 00:57:59,19.3188,-155.2343,8.49,2.69,12.6375,0,934,4.91,934,4.91,934,4.91
1983-05-11 01:13:58,19.3355,-155.1667,7.16,1.62,15.7997,0,935,4.91,935,4.91,935,4.91
1983-05-11 03:00:46,19.3492,-155.2122,8.66,2.77,11.1938,0,936,4.91,936,4.91,936,4.91
1983-05-11 03:24:56,19.3415,-155.213,7.28,1.68,11.7643,0,937,4.91,937,4.91,937,4.91
1983-05-11 09:10:49,19.327,-155.1675,8.31,2.54,16.3215,0,938,4.91,938,4.91,938,4.91
1983-05-11 14:22:49,19.3735,-155.4643,7.65,2.92,19.3311,0,939,4.91,939,4.91,939,4.91
1983-05-11 17:53:25,19.327,-155.127,7.09,1.62,19.7725,0,940,4.91,940,4.91,940,4.91
1983-05-12 00:08:58,19.3337,-155.1233,8.84,2.78,19.7256,0,941,4.91,941,4.91,941,4.91
1983-05-12 11:59:56,19.3515,-155.0378,4.72,1.63,27.2574,0,942,4.91,942,4.91,942,4.91
1983-05-12 12:33:34,19.3538,-155.0613,5.77,2.02,24.8251,0,943,4.91,943,4.91,943,4.91
1983-05-13 05:52:27,19.3357,-155.133,7.85,1.57,18.7329,0,944,4.91,944,4.91,944,4.91
1983-05-13 05:53:18,19.3388,-155.1302,7.68,1.69,18.8168,0,945,4.91,945,4.91,945,4.91
1983-05-13 08:09:43,19.3597,-155.0145,4.7,2.24,29.3837,0,946,4.91,946,4.91,946,4.91
1983-05-13 22:59:17,19.3597,-155.0577,8.86,2.65,24.9983,0,947,4.91,947,4.91,947,4.91
1983-05-14 00:44:33,19.332,-155.2127,7.14,1.89,12.597,0,948,4.91,948,4.91,948,4.91
1983-05-14 14:18:18,19.3605,-155.0365,8.22,3.36,27.1221,0,949,4.91,949,4.91,949,4.91
1983-05-14 15:01:09,19.4355,-155.4137,7.7,1.9,13.3834,0,950,4.91,950,4.91,950,4.91
1983-05-14 16:27:36,19.3257,-155.1463,6.68,1.58,18.1697,0,951,4.91,951,4.91,951,4.91
1983-05-15 21:49:13,19.3485,-155.2228,8.49,2.64,10.5043,0,952,4.91,952,4.91,952,4.91
1983-05-15 21:51:48,19.3332,-155.2202,7.38,2.06,12.0173,0,953,4.91,953,4.91,953,4.91
1983-05-15 22:15:12,19.324,-155.1943,6.98,1.89,14.5224,0,954,4.91,954,4.91,954,4.91
1983-05-15 22:17:56,19.3252,-155.1965,6.64,1.65,14.269,0,955,4.91,955,4.91,955,4.91
1983-05-15 22:19:46,19.2907,-155.2155,7.6,1.94,16.3154,0,956,4.91,956,4.91,956,4.91
1983-05-15 23:43:31,19.343,-155.2002,8.92,2.97,12.5748,0,957,4.91,957,4.91,957,4.91
1983-05-16 03:14:14,19.2932,-155.2178,7.87,1.94,15.9578,0,958,4.91,958,4.91,958,4.91
1983-05-16 07:04:24,19.3625,-155.0838,8.18,2.81,22.2838,0,959,4.91,959,4.91,959,4.91
1983-05-16 12:58:02,19.302,-155.2165,5.31,1.62,15.1589,0,960,4.91,960,4.91,960,4.91
1983-05-16 17:43:18,19.3228,-155.1918,8.77,1.91,14.7975,0,961,4.91,961,4.91,961,4.91
1983-05-17 01:48:57,19.3912,-155.4327,9.37,1.87,15.6355,0,962,4.91,962,4.91,962,4.91
1983-05-17 14:27:10,19.4007,-155.4347,7.62,1.65,15.6533,0,963,4.91,963,4.91,963,4.91
1983-05-17 17:51:36,19.359,-155.5008,9.44,2.96,23.4606,0,964,4.91,964,4.91,964,4.91
1983-05-18 02:14:02,19.3485,-155.5013,8.28,1.63,23.8799,0,965,4.91,965,4.91,965,4.91
1983-05-18 02:23:30,19.3465,-155.5033,9.33,2.26,24.1529,0,966,4.91,966,4.91,966,4.91
1983-05-18 07:54:25,19.3348,-155.2103,7.38,1.8,12.5142,0,967,4.91,967,4.91,967,4.91
1983-05-18 23:21:19,19.3348,-155.2033,6.96,1.52,12.9985,0,968,4.91,968,4.91,968,4.91
1983-05-19 06:31:25,19.4182,-155.4213,8.05,1.55,14.0871,0,969,4.91,969,4.91,969,4.91
1983-05-19 06:57:54,19.3815,-155.4085,9.3,1.86,13.4784,0,970,4.91,970,4.91,970,4.91
1983-05-19 14:29:09,19.3335,-155.1095,7.72,2.45,21.0082,0,971,4.91,971,4.91,971,4.91
1983-05-19 17:15:25,19.3435,-155.183,8.2,2.79,13.9022,0,972,4.91,972,4.91,972,4.91
1983-05-19 17:17:55,19.3398,-155.1833,7.31,1.53,14.1368,0,973,4.91,973,4.91,973,4.91
1983-05-19 20:49:09,19.3463,-155.2168,7.59,2.51,11.1003,0,974,4.91,974,4.91,974,4.91
1983-05-19 20:52:21,19.3283,-155.2407,8.12,1.84,11.3947,0,975,4.91,975,4.91,975,4.91
1983-05-19 21:55:36,19.3398,-155.219,7.76,1.62,11.5067,0,976,4.91,976,4.91,976,4.91
1983-05-20 01:34:22,19.326,-155.4415,7.74,1.56,19.3453,0,977,4.91,977,4.91,977,4.91
1983-05-20 09:13:12,19.328,-155.1235,7.09,2.07,20.0274,0,978,4.91,978,4.91,978,4.91
1983-05-20 15:35:18,19.3295,-155.1475,6.24,1.73,17.8229,0,979,4.91,979,4.91,979,4.91
1983-05-20 16:07:52,19.3147,-155.257,8.92,2.35,12.2318,0,980,4.91,980,4.91,980,4.91
1983-05-20 17:06:19,19.2883,-155.3737,6.96,2.31,17.3336,0,981,4.91,981,4.91,981,4.91
1983-05-20 21:02:30,19.3495,-155.0485,6.35,2.02,26.2497,0,982,4.91,982,4.91,982,4.91
1983-05-20 22:13:19,19.3328,-155.1227,7.48,1.57,19.8298,0,983,4.91,983,4.91,983,4.91
1983-05-20 23:42:11,19.3267,-155.2597,7.56,1.55,10.8697,0,984,4.91,984,4.91,984,4.91
1983-05-20 23:55:54,19.3228,-155.2208,8.54,2.08,12.9406,0,985,4.91,985,4.91,985,4.91
1983-05-22 05:23:28,19.3322,-155.125,7.01,1.52,19.6539,0,986,4.91,986,4.91,986,4.91
1983-05-22 07:49:58,19.3683,-155.422,10.47,2.16,15.3239,0,987,4.91,987,4.91,987,4.91
1983-05-22 22:17:05,19.4378,-155.4808,3.41,1.96,20.4078,0,988,4.91,988,4.91,988,4.91
1983-05-23 11:15:13,19.2918,-155.3645,8.25,1.6,16.5073,0,989,4.91,989,4.91,989,4.91
1983-05-24 04:12:03,19.3287,-155.1245,7.52,1.61,19.8974,0,990,4.91,990,4.91,990,4.91
1983-05-24 04:37:56,19.4213,-155.4493,10.88,1.96,17.0198,0,991,4.91,991,4.91,991,4.91
1983-05-24 11:41:30,19.3513,-155.0535,5.97,2.02,25.6892,0,992,4.91,992,4.91,992,4.91
1983-05-24 13:01:31,19.3222,-155.2687,8.97,2.22,11.1525,0,993,4.91,993,4.91,993,4.91
1983-05-24 14:49:09,19.3432,-155.1227,7.77,1.81,19.2836,0,994,4.91,994,4.91,994,4.91
1983-05-24 17:49:18,19.3235,-155.1447,9.49,3.2,18.449,0,995,4.91,995,4.91,995,4.91
1983-05-25 02:37:09,19.3485,-155.0328,7.12,1.76,27.8557,0,996,4.91,996,4.91,996,4.91
1983-05-25 13:01:14,19.3372,-155.1913,7.9,2.27,13.6968,0,997,4.91,997,4.91,997,4.91
1983-05-25 13:03:54,19.3492,-155.2215,6.4,1.87,10.5331,0,998,4.91,998,4.91,998,4.91
1983-05-25 23:22:25,19.348,-155.1092,6.42,1.66,20.3399,0,999,4.91,999,4.91,999,4.91
1983-05-26 07:07:49,19.3515,-155.419,8.95,2.17,15.856,0,1000,4.91,1000,4.91,1000,4.91
1983-05-26 09:06:09,19.355,-155.077,8.22,2.62,23.2174,0,1001,4.91,1001,4.91,1001,4.91
1983-05-26 09:09:37,19.3432,-155.0415,6.55,3.19,27.1658,0,1002,4.91,1002,4.91,1002,4.91
1983-05-26 10:51:54,19.334,-155.1133,7.72,1.68,20.6296,0,1003,4.91,1003,4.91,1003,4.91
1983-05-27 16:13:09,19.3438,-155.1395,5.17,1.68,17.6938,0,1004,4.91,1004,4.91,1004,4.91
1983-05-28 03:28:10,19.34,-155.2075,8.95,2.53,12.2746,0,1005,4.91,1005,4.91,1005,4.91
1983-05-28 15:42:10,19.3397,-155.2108,7.31,1.58,12.0671,0,1006,4.91,1006,4.91,1006,4.91
1983-05-28 15:48:12,19.3525,-155.1008,4.49,1.84,20.9635,0,1007,4.91,1007,4.91,1007,4.91
1983-05-29 03:07:05,19.3928,-155.4357,8.2,1.96,15.9071,0,1008,4.91,1008,4.91,1008,4.91
1983-05-29 03:55:57,19.3488,-155.2082,8.38,1.63,11.5228,0,1009,4.91,1009,4.91,1009,4.91
1983-05-29 07:05:15,19.3528,-155.0378,6.39,2.24,27.2167,0,1010,4.91,1010,4.91,1010,4.91
1983-05-29 14:34:23,19.3237,-155.1635,6.48,1.58,16.8789,0,1011,4.91,1011,4.91,1011,4.91
1983-05-30 00:32:08,19.346,-155.212,8.93,1.57,11.4648,0,1012,4.91,1012,4.91,1012,4.91
1983-05-30 20:45:33,19.3233,-155.1733,6.34,1.73,16.1332,0,1013,4.91,1013,4.91,1013,4.91
1983-05-30 22:32:32,19.3653,-155.0487,7.8,1.73,25.7505,0,1014,4.91,1014,4.91,1014,4.91
1983-05-31 06:30:55,19.3662,-155.036,8.8,2.88,27.0226,0,1015,4.91,1015,4.91,1015,4.91
1983-05-31 07:45:58,19.4227,-155.4767,8.14,1.98,19.894,0,1016,4.91,1016,4.91,1016,4.91
1983-05-31 09:29:38,19.3623,-155.0303,2.9,1.51,27.7046,0,1017,4.91,1017,4.91,1017,4.91
1983-05-31 12:11:44,19.3245,-155.1342,8.31,1.88,19.2889,0,1018,4.91,1018,4.91,1018,4.91
1983-05-31 13:59:03,19.3417,-155.5222,23.7,3.41,26.1991,0,1019,4.91,1019,4.91,1019,4.91
1983-05-31 20:53:30,19.3438,-155.1765,7.96,1.56,14.4235,0,1020,4.91,1020,4.91,1020,4.91
1983-05-31 21:54:30,19.3515,-155.0402,6.05,2.02,27.0161,0,1021,4.91,1021,4.91,1021,4.91
1983-05-31 22:04:16,19.346,-155.1758,5.73,1.56,14.3389,0,1022,4.91,1022,4.91,1022,4.91
1983-06-01 06:40:06,19.448,-155.493,8.32,2.15,21.8084,0,1023,4.91,1023,4.91,1023,4.91
1983-06-01 11:09:32,19.3488,-155.0525,5.43,1.58,25.8743,0,1024,4.91,1024,4.91,1024,4.91
1983-06-01 23:29:06,19.3368,-155.197,7.57,1.52,13.2961,0,1025,4.91,1025,4.91,1025,4.91
1983-06-02 03:40:47,19.3475,-155.2173,8.19,2.05,10.9658,0,1026,4.91,1026,4.91,1026,4.91
1983-06-02 11:41:44,19.3083,-155.2317,5.85,1.59,13.8094,0,1027,4.91,1027,4.91,1027,4.91
1983-06-02 12:39:41,19.4417,-155.4868,8.1,1.67,21.0771,0,1028,4.91,1028,4.91,1028,4.91
1983-06-02 20:28:54,19.3593,-155.0428,5.86,1.58,26.5168,0,1029,4.91,1029,4.91,1029,4.91
1983-06-03 21:39:22,19.3435,-155.2247,8.54,2.18,10.8153,0,1030,4.91,1030,4.91,1030,4.91
1983-06-04 08:47:38,19.3287,-155.2617,8.76,3.39,10.6009,0,1031,4.91,1031,4.91,1031,4.91
1983-06-04 09:08:19,19.3315,-155.1888,7.98,1.53,14.3232,0,1032,4.91,1032,4.91,1032,4.91
1983-06-04 21:33:10,19.3402,-155.2173,7.48,1.62,11.5835,0,1033,4.91,1033,4.91,1033,4.91
1983-06-06 02:31:50,19.3283,-155.1337,6.12,1.87,19.1011,0,1034,4.91,1034,4.91,1034,4.91
1983-06-06 09:18:35,19.3942,-155.0208,8.45,1.8,28.077,0,1035,4.91,1035,4.91,1035,4.91
1983-06-06 13:50:22,19.3437,-155.2208,8.16,2.05,11.0499,0,1036,4.91,1036,4.91,1036,4.91
1983-06-06 16:29:09,19.3307,-155.1082,8.15,2.27,21.2744,0,1037,4.91,1037,4.91,1037,4.91
1983-06-07 14:30:13,19.3282,-155.2048,4.81,1.58,13.4474,0,1038,4.91,1038,4.91,1038,4.91
1983-06-07 18:57:00,19.3458,-155.1195,6.61,1.66,19.458,0,1039,4.91,1039,4.91,1039,4.91
1983-06-07 21:06:22,19.3798,-155.3117,29.35,2.15,5.2628,0,1040,4.91,1040,4.91,1040,4.91
1983-06-08 01:12:27,19.3302,-155.1253,8.63,1.57,19.7396,0,1041,4.91,1041,4.91,1041,4.91
1983-06-08 05:08:09,19.3248,-155.1277,7.8,2.09,19.8411,0,1042,4.91,1042,4.91,1042,4.91
1983-06-08 22:03:06,19.3328,-155.1352,9.25,3.12,18.7014,0,1043,4.91,1043,4.91,1043,4.91
1983-06-09 10:17:34,19.3807,-155.0448,8.59,1.66,25.7947,0,1044,4.91,1044,4.91,1044,4.91
1983-06-09 15:28:01,19.3442,-155.046,6.91,2.73,26.6829,0,1045,4.91,1045,4.91,1045,4.91
1983-06-09 15:51:10,19.3258,-155.1072,8.05,2.05,21.6286,0,1046,4.91,1046,4.91,1046,4.91
1983-06-09 23:22:57,19.3342,-155.1243,7.07,1.77,19.6069,0,1047,4.91,1047,4.91,1047,4.91
1983-06-10 08:08:03,19.3585,-155.0757,7.54,1.58,23.2272,0,1048,4.91,1048,4.91,1048,4.91
1983-06-11 00:58:52,19.367,-155.299,3.12,1.64,6.1349,0,1049,4.91,1049,4.91,1049,4.91
1983-06-11 03:15:13,19.3283,-155.2668,7.32,1.97,10.5233,0,1050,4.91,1050,4.91,1050,4.91
1983-06-11 06:59:28,19.3397,-155.1897,8.38,2.17,13.6344,0,1051,4.91,1051,4.91,1051,4.91
1983-06-11 09:07:08,19.3288,-155.1912,7.05,1.58,14.3561,0,1052,4.91,1052,4.91,1052,4.91
1983-06-11 12:07:32,19.3372,-155.2168,7.01,1.58,11.8766,0,1053,4.91,1053,4.91,1053,4.91
1983-06-12 07:07:49,19.4082,-155.415,9.75,1.63,13.4986,0,1054,4.91,1054,4.91,1054,4.91
1983-06-12 10:06:10,19.3253,-155.2187,7.99,1.6,12.8286,0,1055,4.91,1055,4.91,1055,4.91
1983-06-12 18:02:07,19.3422,-155.2183,8.23,1.59,11.3449,0,1056,4.91,1056,4.91,1056,4.91
1983-06-12 20:18:29,19.3288,-155.1132,7.59,2.27,20.9163,0,1057,4.91,1057,4.91,1057,4.91
1983-06-12 21:38:12,19.4282,-155.2702,16.34,1.55,1.9354,0,1058,4.91,1058,4.91,1058,4.91
1983-06-14 17:22:08,19.3622,-155.027,6.9,1.65,28.0437,1,1059,4.91,1059,4.91,1059,4.91
1983-06-15 04:30:06,19.3223,-155.194,7.05,1.53,14.6842,1,1060,4.91,1060,4.91,1060,4.91
1983-06-15 08:28:31,19.328,-155.1968,6.14,1.58,14.0167,1,1061,4.91,1061,4.91,1061,4.91
1983-06-15 09:53:24,19.3523,-155.0775,8.42,1.77,23.2647,1,1062,4.91,1062,4.91,1062,4.91
1983-06-15 16:30:46,19.3068,-155.2245,7.91,2.1,14.2913,1,1063,4.91,1063,4.91,1063,4.91
1983-06-15 16:33:54,19.3118,-155.2265,7.33,1.61,13.7012,1,1064,4.91,1064,4.91,1064,4.91
1983-06-15 21:37:26,19.304,-155.224,9.97,2.74,14.5924,1,1065,4.91,1065,4.91,1065,4.91
1983-06-15 21:50:55,19.3115,-155.2232,7.14,1.52,13.8942,1,1066,4.91,1066,4.91,1066,4.91
1983-06-15 22:18:22,19.3398,-155.2187,6.48,1.58,11.5262,1,1067,4.91,1067,4.91,1067,4.91
1983-06-15 23:06:00,19.3652,-155.1092,8.04,2.57,19.6541,1,1068,4.91,1068,4.91,1068,4.91
1983-06-16 10:01:09,19.3445,-155.2203,7.4,1.52,11.0141,1,1069,4.91,1069,4.91,1069,4.91
1983-06-16 15:19:35,19.3202,-155.2145,7.09,2.08,13.5452,1,1070,4.91,1070,4.91,1070,4.91
1983-06-16 20:01:26,19.3202,-155.1245,7.94,2.06,20.4013,1,1071,4.91,1071,4.91,1071,4.91
1983-06-16 23:38:33,19.3358,-155.194,6.37,1.57,13.5986,1,1072,4.91,1072,4.91,1072,4.91
1983-06-17 11:52:55,19.3142,-155.0597,7.07,2.77,26.6382,1,1073,4.91,1073,4.91,1073,4.91
1983-06-17 11:56:48,19.4468,-155.4845,8.49,1.67,20.9073,1,1074,4.91,1074,4.91,1074,4.91
1983-06-17 20:01:40,19.337,-155.2103,8.03,1.58,12.3278,1,1075,4.91,1075,4.91,1075,4.91
1983-06-19 11:42:26,19.2715,-155.3875,6.72,2.52,19.6854,1,1076,4.91,1076,4.91,1076,4.91
1983-06-19 17:48:42,19.3357,-155.123,8.21,2.52,19.6446,1,1077,4.91,1077,4.91,1077,4.91
1983-06-19 23:35:49,19.2672,-155.3663,7.01,1.75,19.0181,1,1078,4.91,1078,4.91,1078,4.91
1983-06-21 00:46:16,19.3985,-155.2613,14.39,1.56,3.6777,1,1079,4.91,1079,4.91,1079,4.91
1983-06-21 04:25:40,19.3903,-155.0297,5.94,1.98,27.2004,1,1080,4.91,1080,4.91,1080,4.91
1983-06-21 05:20:35,19.3498,-155.0398,6.64,1.66,27.111,1,1081,4.91,1081,4.91,1081,4.91
1983-06-21 15:05:37,19.3442,-155.2193,7.55,2.05,11.1067,1,1082,4.91,1082,4.91,1082,4.91
1983-06-21 16:52:39,19.4087,-155.4977,8.8,1.56,22.1385,1,1083,4.91,1083,4.91,1083,4.91
1983-06-24 08:21:23,19.3318,-155.1448,4.97,1.82,17.9132,1,1084,4.91,1084,4.91,1084,4.91
1983-06-24 08:35:32,19.3355,-155.1238,6.68,1.54,19.582,1,1085,4.91,1085,4.91,1085,4.91
1983-06-24 10:13:56,19.4217,-155.516,9.88,1.6,24.0146,1,1086,4.91,1086,4.91,1086,4.91
1983-06-24 12:34:07,19.3443,-155.2147,7.27,1.52,11.4129,1,1087,4.91,1087,4.91,1087,4.91
1983-06-24 18:32:42,19.362,-155.0438,6.23,2.13,26.3389,1,1088,4.91,1088,4.91,1088,4.91
1983-06-25 00:57:35,19.3363,-155.1975,6.19,3.23,13.2983,1,1089,4.91,1089,4.91,1089,4.91
1983-06-25 12:52:11,19.3795,-155.4457,7.15,2.16,17.2722,1,1090,4.91,1090,4.91,1090,4.91
1983-06-25 16:21:10,19.3532,-155.1042,7.87,2.24,20.603,1,1091,4.91,1091,4.91,1091,4.91
1983-06-26 18:32:47,19.3325,-155.1693,6.5,1.62,15.7885,1,1092,4.91,1092,4.91,1092,4.91
1983-06-27 02:58:49,19.3612,-155.0822,9.22,3.84,22.4868,1,1093,4.91,1093,4.91,1093,4.91
1983-06-27 10:05:59,19.2875,-155.3667,5.78,1.95,17.0372,1,1094,4.91,1094,4.91,1094,4.91
1983-06-27 17:41:59,19.4227,-155.4217,6.98,1.51,14.1266,1,1095,4.91,1095,4.91,1095,4.91
1983-06-27 21:31:02,19.3198,-155.1662,7.2,1.59,16.9474,1,1096,4.91,1096,4.91,1096,4.91
1983-06-28 02:44:59,19.3428,-155.2167,6.89,1.57,11.4013,1,1097,4.91,1097,4.91,1097,4.91
1983-06-28 15:11:56,19.3593,-155.0282,5.35,1.87,27.9988,1,1098,4.91,1098,4.91,1098,4.91
1983-06-29 06:33:51,19.3342,-155.1337,8.01,1.87,18.7549,1,1099,4.91,1099,4.91,1099,4.91
1983-06-29 11:59:28,19.3203,-155.2238,5.98,1.55,13.0129,1,1100,4.91,1100,4.91,1100,4.91
1983-06-30 01:44:47,19.3418,-155.1807,7.76,2.17,14.2088,1,1101,4.91,1101,4.91,1101,4.91
1983-06-30 06:47:45,19.3348,-155.1783,7.89,2.52,14.8959,1,1102,4.91,1102,4.91,1102,4.91
1983-06-30 11:34:51,19.3413,-155.2145,7.7,2.05,11.678,1,1103,4.91,1103,4.91,1103,4.91
1983-06-30 11:36:10,19.3438,-155.1152,8.69,2.82,19.961,1,1104,4.91,1104,4.91,1104,4.91
1983-07-01 06:11:19,19.3845,-155.4448,10.26,3.49,17.0401,1,1105,4.91,1105,4.91,1105,4.91
1983-07-01 07:58:21,19.3825,-155.4492,10.02,1.69,17.5417,1,1106,4.91,1106,4.91,1106,4.91
1983-07-01 08:13:20,19.2802,-155.364,5.66,1.51,17.6174,1,1107,4.91,1107,4.91,1107,4.91
1983-07-01 23:29:51,19.323,-155.192,7.76,1.86,14.7669,1,1108,4.91,1108,4.91,1108,4.91
1983-07-02 03:59:41,19.3357,-155.0648,5.16,1.89,25.164,1,1109,4.91,1109,4.91,1109,4.91
1983-07-02 06:06:55,19.3552,-155.043,7.18,2.24,26.6185,1,1110,4.91,1110,4.91,1110,4.91
1983-07-02 09:32:48,19.4295,-155.4437,6.86,2.11,16.4593,1,1111,4.91,1111,4.91,1111,4.91
1983-07-02 12:17:43,19.3302,-155.0485,4.99,2.17,26.9787,1,1112,4.91,1112,4.91,1112,4.91
1983-07-02 18:08:53,19.3302,-155.1828,9.36,2.76,14.88,1,1113,4.91,1113,4.91,1113,4.91
1983-07-02 18:57:00,19.3817,-155.451,10.47,2.72,17.7466,1,1114,4.91,1114,4.91,1114,4.91
1983-07-03 04:09:50,19.3425,-155.1797,8.45,2.58,14.2434,1,1115,4.91,1115,4.91,1115,4.91
1983-07-03 08:52:18,19.323,-155.166,7.56,1.58,16.729,1,1116,4.91,1116,4.91,1116,4.91
1983-07-03 14:37:25,19.3275,-155.2303,8.49,2.37,11.9779,1,1117,4.91,1117,4.91,1117,4.91
1983-07-05 04:37:51,19.351,-155.2573,26.76,2.26,8.384,1,1118,4.91,1118,4.91,1118,4.91
1983-07-05 06:32:32,19.3225,-155.2205,6.8,2.08,12.9856,1,1119,4.91,1119,4.91,1119,4.91
1983-07-05 14:32:20,19.3528,-155.4197,9.51,2.59,15.8505,1,1120,4.91,1120,4.91,1120,4.91
1983-07-05 16:49:15,19.3375,-155.0675,6.77,1.72,24.8263,1,1121,4.91,1121,4.91,1121,4.91
1983-07-06 05:37:10,19.4277,-155.4078,10.73,2.83,12.6894,1,1122,4.91,1122,4.91,1122,4.91
1983-07-06 07:06:08,19.3162,-155.2538,7.78,1.51,12.1626,1,1123,4.91,1123,4.91,1123,4.91
1983-07-06 12:31:33,19.3233,-155.1862,8.05,2.29,15.1602,1,1124,4.91,1124,4.91,1124,4.91
1983-07-07 02:57:54,19.3428,-155.2042,7.21,1.52,12.2901,1,1125,4.91,1125,4.91,1125,4.91
1983-07-07 06:29:37,19.4297,-155.4692,9.17,2.51,19.1306,1,1126,4.91,1126,4.91,1126,4.91
1983-07-07 08:11:06,19.3407,-155.2173,7.07,1.58,11.5404,1,1127,4.91,1127,4.91,1127,4.91
1983-07-08 05:47:54,19.3593,-155.0175,5.82,2.24,29.0882,1,1128,4.91,1128,4.91,1128,4.91
1983-07-08 13:11:51,19.3212,-155.163,7.5,1.85,17.0983,1,1129,4.91,1129,4.91,1129,4.91
1983-07-08 18:42:00,19.4058,-155.4677,9.66,2.16,19.0255,1,1130,4.91,1130,4.91,1130,4.91
1983-07-09 02:20:10,19.4455,-155.49,8.51,2.53,21.46,1,1131,4.91,1131,4.91,1131,4.91
1983-07-09 10:07:38,19.5273,-155.2173,13.59,2.54,13.8964,1,1132,4.91,1132,4.91,1132,4.91
1983-07-09 10:57:16,19.529,-155.216,14.29,2.35,14.1288,1,1133,4.91,1133,4.91,1133,4.91
1983-07-10 16:34:38,19.3833,-155.0575,7.93,1.58,24.4326,1,1134,4.91,1134,4.91,1134,4.91
1983-07-11 14:56:24,19.3425,-155.2037,8.68,1.54,12.3508,1,1135,4.91,1135,4.91,1135,4.91
1983-07-11 21:11:12,19.3132,-155.2267,9.72,2.84,13.5536,1,1136,4.91,1136,4.91,1136,4.91
1983-07-12 00:17:26,19.3415,-155.214,7.5,1.83,11.6954,1,1137,4.91,1137,4.91,1137,4.91
1983-07-12 09:05:51,19.3848,-155.4587,7.72,2.17,18.452,1,1138,4.91,1138,4.91,1138,4.91
1983-07-12 10:25:02,19.286,-155.3537,5.02,2.07,16.562,1,1139,4.91,1139,4.91,1139,4.91
1983-07-13 18:44:14,19.3558,-155.111,5.83,2.49,19.8333,1,1140,4.91,1140,4.91,1140,4.91
1983-07-13 20:45:31,19.2692,-155.3835,5.35,1.67,19.6828,1,1141,4.91,1141,4.91,1141,4.91
1983-07-13 20:58:32,19.3377,-155.1475,6.75,1.78,17.3182,1,1142,4.91,1142,4.91,1142,4.91
1983-07-13 21:50:47,19.3427,-155.2135,7.11,1.87,11.6295,1,1143,4.91,1143,4.91,1143,4.91
1983-07-14 10:36:08,19.4362,-155.4103,8.07,1.9,13.0394,1,1144,4.91,1144,4.91,1144,4.91
1983-07-14 11:40:35,19.3143,-155.2618,8.68,2.41,12.1554,1,1145,4.91,1145,4.91,1145,4.91
1983-07-15 20:08:52,19.3452,-155.1985,8.54,3.14,12.5387,1,1146,4.91,1146,4.91,1146,4.91
1983-07-16 01:46:00,19.3188,-155.222,8.42,2.31,13.2529,1,1147,4.91,1147,4.91,1147,4.91
1983-07-16 02:01:39,19.3148,-155.2213,7.74,2.31,13.6731,1,1148,4.91,1148,4.91,1148,4.91
1983-07-16 10:40:29,19.3555,-155.0228,7.24,3.19,28.6531,1,1149,4.91,1149,4.91,1149,4.91
1983-07-16 15:44:36,19.3185,-155.2523,8.42,1.92,11.9647,1,1150,4.91,1150,4.91,1150,4.91
1983-07-17 09:22:33,19.3478,-155.2162,8.28,2.87,11.0184,1,1151,4.91,1151,4.91,1151,4.91
1983-07-17 11:06:26,19.3273,-155.175,7.22,2.06,15.7032,1,1152,4.91,1152,4.91,1152,4.91
1983-07-17 12:41:29,19.3552,-155.0345,6.23,2.02,27.4768,1,1153,4.91,1153,4.91,1153,4.91
1983-07-17 18:17:04,19.4008,-155.011,7.87,1.72,29.0327,1,1154,4.91,1154,4.91,1154,4.91
1983-07-18 02:57:29,19.3423,-155.1158,8.5,2.34,19.9767,1,1155,4.91,1155,4.91,1155,4.91
1983-07-18 08:17:38,19.3312,-155.1103,7.83,2.35,21.054,1,1156,4.91,1156,4.91,1156,4.91
1983-07-18 08:53:46,19.3525,-155.0295,6.62,2.02,28.0629,1,1157,4.91,1157,4.91,1157,4.91
1983-07-18 08:57:45,19.3592,-155.2375,26.12,1.94,8.6128,1,1158,4.91,1158,4.91,1158,4.91
1983-07-18 17:01:23,19.371,-155.036,6.92,2.13,26.9068,1,1159,4.91,1159,4.91,1159,4.91
1983-07-19 01:32:16,19.3257,-155.1085,7.88,2.48,21.5153,1,1160,4.91,1160,4.91,1160,4.91
1983-07-19 02:24:37,19.34,-155.118,7.09,1.61,19.8842,1,1161,4.91,1161,4.91,1161,4.91
1983-07-19 17:05:03,19.3533,-155.0398,4.96,1.54,26.9997,1,1162,4.91,1162,4.91,1162,4.91
1983-07-20 00:42:55,19.3378,-155.201,7.72,1.72,12.9217,1,1163,4.91,1163,4.91,1163,4.91
1983-07-20 03:42:35,19.4145,-155.4135,9.44,2.96,13.2855,1,1164,4.91,1164,4.91,1164,4.91
1983-07-20 09:24:31,19.3368,-155.2085,7.8,1.65,12.4686,1,1165,4.91,1165,4.91,1165,4.91
1983-07-21 04:06:12,19.3342,-155.1265,6.96,1.7,19.4064,1,1166,4.91,1166,4.91,1166,4.91
1983-07-21 04:58:28,19.3303,-155.2063,6.79,1.66,13.1673,1,1167,4.91,1167,4.91,1167,4.91
1983-07-21 06:08:51,19.3465,-155.1045,7.76,2.55,20.8586,1,1168,4.91,1168,4.91,1168,4.91
1983-07-21 16:55:18,19.3145,-155.1937,4.95,1.61,15.3635,1,1169,4.91,1169,4.91,1169,4.91
1983-07-22 00:55:56,19.3092,-155.2413,6.64,1.97,13.324,1,1170,4.91,1170,4.91,1170,4.91
1983-07-22 12:11:35,19.3463,-155.226,8.64,2.28,10.4851,1,1171,4.91,1171,4.91,1171,4.91
1983-07-22 16:29:37,19.3167,-155.23,7.35,1.61,13.0484,1,1172,4.91,1172,4.91,1172,4.91
1983-07-23 07:27:27,19.3338,-155.169,7.1,1.87,15.7236,1,1173,4.91,1173,4.91,1173,4.91
1983-07-23 09:26:57,19.3223,-155.196,6.83,1.59,14.5457,1,1174,4.91,1174,4.91,1174,4.91
1983-07-23 12:59:20,19.3435,-155.0468,7.27,2.6,26.6285,1,1175,4.91,1175,4.91,1175,4.91
1983-07-24 10:05:13,19.362,-155.4182,9.81,1.68,15.2447,1,1176,4.91,1176,4.91,1176,4.91
1983-07-25 11:46:40,19.4222,-155.4213,4.35,1.6,14.0841,1,1177,4.91,1177,4.91,1177,4.91
1983-07-25 14:15:24,19.3872,-155.468,9.84,1.96,19.3513,1,1178,4.91,1178,4.91,1178,4.91
1983-07-26 02:04:59,19.3528,-155.045,6.68,1.64,26.4922,1,1179,4.91,1179,4.91,1179,4.91
1983-07-26 07:17:49,19.4125,-155.4118,9.79,2.54,13.1217,1,1180,4.91,1180,4.91,1180,4.91
1983-07-26 15:33:29,19.3297,-155.1228,7.52,1.55,19.9936,1,1181,4.91,1181,4.91,1181,4.91
1983-07-26 20:21:30,19.4262,-155.41,9.17,3.72,12.9112,1,1182,4.91,1182,4.91,1182,4.91
1983-07-27 00:45:33,19.34,-155.1898,8.38,2.33,13.6044,1,1183,4.91,1183,4.91,1183,4.91
1983-07-29 12:19:33,19.3455,-155.119,7.39,2.54,19.5197,1,1184,4.91,1184,4.91,1184,4.91
1983-07-30 02:25:33,19.342,-155.2222,7.49,1.57,11.1072,1,1185,4.91,1185,4.91,1185,4.91
1983-07-30 05:24:46,19.3567,-155.037,7.12,1.67,27.1797,1,1186,4.91,1186,4.91,1186,4.91
1983-07-30 10:52:23,19.4013,-155.2717,1.59,2.56,2.7155,1,1187,4.91,1187,4.91,1187,4.91
1983-07-30 12:01:07,19.3652,-155.1092,8.16,3.21,19.6541,1,1188,4.91,1188,4.91,1188,4.91
1983-07-30 17:49:56,19.4252,-155.4107,9.37,3.41,12.9801,1,1189,4.91,1189,4.91,1189,4.91
1983-07-30 19:03:57,19.3822,-155.3975,9.83,2.12,12.366,1,1190,4.91,1190,4.91,1190,4.91
1983-07-30 19:50:44,19.3613,-155.254,8.86,3.16,7.4866,1,1191,4.91,1191,4.91,1191,4.91
1983-07-31 02:52:22,19.3653,-155.0113,6.97,1.52,29.5732,1,1192,4.91,1192,4.91,1192,4.91
1983-07-31 04:34:35,19.3792,-155.4167,9.67,1.59,14.375,1,1193,4.91,1193,4.91,1193,4.91
1983-07-31 05:54:18,19.3168,-155.2538,8.95,2.55,12.0987,1,1194,4.91,1194,4.91,1194,4.91
1983-07-31 13:43:55,19.3513,-155.1383,7.6,2.88,17.4169,1,1195,4.91,1195,4.91,1195,4.91
1983-07-31 14:00:26,19.3193,-155.1987,6.3,1.59,14.618,1,1196,4.91,1196,4.91,1196,4.91
1983-07-31 15:39:16,19.328,-155.1243,8.66,3.81,19.9556,1,1197,4.91,1197,4.91,1197,4.91
1983-07-31 23:29:14,19.3033,-155.2598,8.55,2.64,13.3951,1,1198,4.91,1198,4.91,1198,4.91
1983-08-01 02:16:58,19.3007,-155.2605,10.18,3.58,13.6626,1,1199,4.91,1199,4.91,1199,4.91
1983-08-01 09:59:04,19.3505,-155.045,7.58,1.63,26.5667,1,1200,4.91,1200,4.91,1200,4.91
1983-08-01 12:28:20,19.3273,-155.17,7.44,1.85,16.0994,1,1201,4.91,1201,4.91,1201,4.91
1983-08-01 20:07:21,19.3108,-155.2212,7.69,1.91,14.0642,1,1202,4.91,1202,4.91,1202,4.91
1983-08-01 20:30:32,19.3332,-155.2113,7.68,1.58,12.5846,1,1203,4.91,1203,4.91,1203,4.91
1983-08-01 22:21:50,19.361,-155.0397,5.06,2.14,26.7832,1,1204,4.91,1204,4.91,1204,4.91
1983-08-02 10:53:39,19.4022,-155.2807,16.56,2.05,2.1924,1,1205,4.91,1205,4.91,1205,4.91
1983-08-02 13:03:12,19.4092,-155.4535,10.9,1.97,17.5101,1,1206,4.91,1206,4.91,1206,4.91
1983-08-02 17:39:20,19.4715,-155.4712,8.89,2.51,20.1132,1,1207,4.91,1207,4.91,1207,4.91
1983-08-02 22:03:08,19.3187,-155.1817,5.99,1.65,15.8561,1,1208,4.91,1208,4.91,1208,4.91
1983-08-02 23:30:55,19.2708,-155.2607,8.31,1.98,16.9279,1,1209,4.91,1209,4.91,1209,4.91
1983-08-03 09:24:42,19.3833,-155.2835,12.92,2.51,4.2081,1,1210,4.91,1210,4.91,1210,4.91
1983-08-03 11:05:39,19.3672,-155.0817,8.17,2.31,22.3488,1,1211,4.91,1211,4.91,1211,4.91
1983-08-03 22:39:12,19.3202,-155.2672,6.75,1.69,11.3993,1,1212,4.91,1212,4.91,1212,4.91
1983-08-04 10:32:50,19.3315,-155.1408,6.21,1.58,18.2822,1,1213,4.91,1213,4.91,1213,4.91
1983-08-04 12:02:13,19.3457,-155.1983,7.64,1.87,12.517,1,1214,4.91,1214,4.91,1214,4.91
1983-08-04 16:28:11,19.3283,-155.1422,5.11,1.76,18.3567,1,1215,4.91,1215,4.91,1215,4.91
1983-08-05 18:37:00,19.3298,-155.1373,8.69,1.87,18.6932,1,1216,4.91,1216,4.91,1216,4.91
1983-08-06 09:43:23,19.3377,-155.2135,8.44,1.65,12.0515,1,1217,4.91,1217,4.91,1217,4.91
1983-08-06 12:52:22,19.373,-155.0245,7.42,1.83,28.0448,1,1218,4.91,1218,4.91,1218,4.91
1983-08-06 21:58:31,19.4882,-155.4102,10.17,2.04,14.9225,1,1219,4.91,1219,4.91,1219,4.91
1983-08-07 05:33:21,19.3303,-155.1103,8.22,2.42,21.1017,1,1220,4.91,1220,4.91,1220,4.91
1983-08-07 06:42:47,19.336,-155.0592,6.05,2.04,25.6968,1,1221,4.91,1221,4.91,1221,4.91
1983-08-08 09:07:08,19.3837,-155.401,10.65,2.52,12.655,1,1222,4.91,1222,4.91,1222,4.91
1983-08-08 14:44:06,19.2773,-155.3967,3.52,1.92,19.6919,1,1223,4.91,1223,4.91,1223,4.91
1983-08-08 21:39:51,19.3335,-155.201,8.74,3.24,13.2683,1,1224,4.91,1224,4.91,1224,4.91
1983-08-09 10:32:17,19.3467,-155.0242,8.12,2.6,28.7773,1,1225,4.91,1225,4.91,1225,4.91
1983-08-09 19:15:53,19.3412,-155.1843,7.84,1.57,13.9567,1,1226,4.91,1226,4.91,1226,4.91
1983-08-09 21:32:08,19.3355,-155.1595,7.55,1.54,16.4092,1,1227,4.91,1227,4.91,1227,4.91
1983-08-10 07:34:31,19.3352,-155.1938,7.48,1.88,13.6602,1,1228,4.91,1228,4.91,1228,4.91
1983-08-10 10:36:25,19.3533,-155.1128,7.58,2.02,19.762,1,1229,4.91,1229,4.91,1229,4.91
1983-08-10 12:50:10,19.3263,-155.1273,8.48,2.28,19.7872,1,1230,4.91,1230,4.91,1230,4.91
1983-08-10 22:47:50,19.3317,-155.1963,7.04,1.69,13.7522,1,1231,4.91,1231,4.91,1231,4.91
1983-08-11 15:02:36,19.3247,-155.1898,6.38,1.55,14.7861,1,1232,4.91,1232,4.91,1232,4.91
1983-08-11 16:13:19,19.3355,-155.1982,7.72,2.7,13.3099,1,1233,4.91,1233,4.91,1233,4.91
1983-08-11 23:18:28,19.3368,-155.2247,6.61,1.52,11.4178,1,1234,4.91,1234,4.91,1234,4.91
1983-08-12 12:14:48,19.33,-155.1172,7.79,2.29,20.4853,1,1235,4.91,1235,4.91,1235,4.91
1983-08-13 11:34:27,19.3303,-155.199,8.25,2.28,13.6722,1,1236,4.91,1236,4.91,1236,4.91
1983-08-14 00:29:55,19.3327,-155.2238,6.48,1.89,11.8472,1,1237,4.91,1237,4.91,1237,4.91
1983-08-14 03:14:19,19.3285,-155.1158,9.36,3.66,20.6956,1,1238,4.91,1238,4.91,1238,4.91
1983-08-14 12:25:59,19.3393,-155.2132,7.7,1.62,11.9357,1,1239,4.91,1239,4.91,1239,4.91
1983-08-14 14:00:57,19.3208,-155.2262,7.57,1.53,12.8382,1,1240,4.91,1240,4.91,1240,4.91
1983-08-14 16:15:37,19.3485,-155.1227,6.26,1.69,19.0262,1,1241,4.91,1241,4.91,1241,4.91
1983-08-14 17:03:55,19.331,-155.1313,8.36,1.8,19.1548,1,1242,4.91,1242,4.91,1242,4.91
1983-08-14 20:13:36,19.3328,-155.195,6.69,1.69,13.7594,1,1243,4.91,1243,4.91,1243,4.91
1983-08-14 23:06:08,19.387,-155.4047,13.03,1.82,12.9099,1,1244,4.91,1244,4.91,1244,4.91
1983-08-15 06:49:10,19.3308,-155.11,6.94,1.72,21.1029,1,1245,4.91,1245,4.91,1245,4.91
1983-08-16 00:14:47,19.2723,-155.2555,7.13,1.92,16.8617,1,1246,4.91,1246,4.91,1246,4.91
1983-08-16 06:30:01,19.3632,-155.12,6.16,1.8,18.6582,1,1247,4.91,1247,4.91,1247,4.91
1983-08-16 08:51:01,19.3267,-155.2297,5.17,1.66,12.0864,1,1248,4.91,1248,4.91,1248,4.91
1983-08-16 09:08:03,19.4325,-155.4683,10.62,2.75,19.0546,1,1249,4.91,1249,4.91,1249,4.91
1983-08-16 09:32:14,19.3098,-155.2183,4.58,1.78,14.312,1,1250,4.91,1250,4.91,1250,4.91
1983-08-16 09:34:41,19.3045,-155.2168,6.18,1.62,14.9013,1,1251,4.91,1251,4.91,1251,4.91
1983-08-16 09:35:21,19.3145,-155.2182,9.76,3.14,13.8683,1,1252,4.91,1252,4.91,1252,4.91
1983-08-16 09:57:04,19.3178,-155.2195,9.34,2.65,13.4842,1,1253,4.91,1253,4.91,1253,4.91
1983-08-16 17:12:08,19.2998,-155.2145,9.23,2.8,15.475,1,1254,4.91,1254,4.91,1254,4.91
1983-08-16 18:42:18,19.3027,-155.2155,9.56,2.9,15.1427,1,1255,4.91,1255,4.91,1255,4.91
1983-08-16 18:59:29,19.2912,-155.2113,6.71,1.63,16.4738,1,1256,4.91,1256,4.91,1256,4.91
1983-08-16 19:00:20,19.3092,-155.2168,10.39,2.82,14.4492,1,1257,4.91,1257,4.91,1257,4.91
1983-08-16 19:05:26,19.308,-155.216,8.66,1.92,14.6068,1,1258,4.91,1258,4.91,1258,4.91
1983-08-16 20:02:58,19.3172,-155.2228,7.73,1.91,13.3633,1,1259,4.91,1259,4.91,1259,4.91
1983-08-16 20:34:02,19.2908,-155.2137,5.82,1.63,16.3932,1,1260,4.91,1260,4.91,1260,4.91
1983-08-16 21:14:06,19.3017,-155.2158,5.65,2.1,15.2239,1,1261,4.91,1261,4.91,1261,4.91
1983-08-17 05:28:06,19.3333,-155.2063,7.95,1.58,12.9135,1,1262,4.91,1262,4.91,1262,4.91
1983-08-17 08:49:41,19.2965,-155.2052,10.28,2.11,16.2879,1,1263,4.91,1263,4.91,1263,4.91
1983-08-17 18:55:40,19.3427,-155.2095,7.35,1.57,11.9118,1,1264,4.91,1264,4.91,1264,4.91
1983-08-18 01:58:11,19.3087,-155.2172,8.02,2.13,14.4758,1,1265,4.91,1265,4.91,1265,4.91
1983-08-18 01:58:54,19.3463,-155.1333,8.05,1.71,18.1361,1,1266,4.91,1266,4.91,1266,4.91
1983-08-18 03:44:31,19.3218,-155.1965,8.67,2.23,14.5534,1,1267,4.91,1267,4.91,1267,4.91
1983-08-18 06:27:49,19.2963,-155.2173,5.83,1.63,15.676,1,1268,4.91,1268,4.91,1268,4.91
1983-08-18 19:21:47,19.3233,-155.1625,8.24,2.06,16.9879,1,1269,4.91,1269,4.91,1269,4.91
1983-08-19 04:23:22,19.3228,-155.1995,5.42,1.59,14.2648,1,1270,4.91,1270,4.91,1270,4.91
1983-08-19 09:42:11,19.3525,-155.0313,6.49,1.6,27.8812,1,1271,4.91,1271,4.91,1271,4.91
1983-08-20 06:36:56,19.3255,-155.1902,7.16,1.8,14.6928,1,1272,4.91,1272,4.91,1272,4.91
1983-08-20 08:46:17,19.3388,-155.099,8.02,2.64,21.7356,1,1273,4.91,1273,4.91,1273,4.91
1983-08-20 17:40:30,19.3285,-155.16,7.62,1.58,16.8308,1,1274,4.91,1274,4.91,1274,4.91
1983-08-21 04:56:27,19.3295,-155.2093,6.78,1.59,13.0366,1,1275,4.91,1275,4.91,1275,4.91
1983-08-21 08:13:10,19.4102,-155.4902,7.86,1.7,21.3434,1,1276,4.91,1276,4.91,1276,4.91
1983-08-21 08:17:40,19.4105,-155.4868,8.42,1.7,20.9855,1,1277,4.91,1277,4.91,1277,4.91
1983-08-22 03:44:09,19.3582,-155.039,8.16,2.39,26.9335,1,1278,4.91,1278,4.91,1278,4.91
1983-08-22 09:53:40,19.3287,-155.1205,8.05,2.67,20.258,1,1279,4.91,1279,4.91,1279,4.91
1983-08-22 13:53:38,19.3463,-155.114,8.27,2.92,19.9573,1,1280,4.91,1280,4.91,1280,4.91
1983-08-23 02:39:36,19.3382,-155.0575,5.99,1.62,25.7741,1,1281,4.91,1281,4.91,1281,4.91
1983-08-23 09:09:25,19.3577,-155.0123,7.4,1.92,29.6604,1,1282,4.91,1282,4.91,1282,4.91
1983-08-23 09:48:42,19.4143,-155.48,7.49,1.66,20.2534,1,1283,4.91,1283,4.91,1283,4.91
1983-08-23 13:48:35,19.3358,-155.2138,9.74,3.9,12.1948,1,1284,4.91,1284,4.91,1284,4.91
1983-08-23 18:40:19,19.343,-155.1325,6.87,1.61,18.3811,1,1285,4.91,1285,4.91,1285,4.91
1983-08-24 03:13:47,19.3292,-155.1752,6.88,1.68,15.5479,1,1286,4.91,1286,4.91,1286,4.91
1983-08-24 19:52:30,19.3382,-155.1328,8.3,1.86,18.6118,1,1287,4.91,1287,4.91,1287,4.91
1983-08-25 01:07:43,19.4067,-155.4187,8.25,1.71,13.9027,1,1288,4.91,1288,4.91,1288,4.91
1983-08-25 01:31:29,19.3332,-155.1978,6.94,2.2,13.5228,1,1289,4.91,1289,4.91,1289,4.91
1983-08-25 02:34:17,19.34,-155.2162,7.04,1.52,11.6738,1,1290,4.91,1290,4.91,1290,4.91
1983-08-25 08:38:51,19.3643,-155.4165,10.18,2.96,14.9744,1,1291,4.91,1291,4.91,1291,4.91
1983-08-26 04:10:11,19.3275,-155.1282,8.42,2.65,19.6363,1,1292,4.91,1292,4.91,1292,4.91
1983-08-26 04:33:01,19.333,-155.1355,6.28,1.59,18.663,1,1293,4.91,1293,4.91,1293,4.91
1983-08-26 04:35:22,19.3253,-155.1252,7.59,1.86,20.0329,1,1294,4.91,1294,4.91,1294,4.91
1983-08-26 10:42:02,19.324,-155.149,5.37,1.51,18.0527,1,1295,4.91,1295,4.91,1295,4.91
1983-08-27 04:13:43,19.3858,-155.0378,8.14,1.96,26.4277,1,1296,4.91,1296,4.91,1296,4.91
1983-08-27 09:57:10,19.3653,-155.4287,11.29,1.69,16.101,1,1297,4.91,1297,4.91,1297,4.91
1983-08-27 11:11:39,19.326,-155.1982,6.78,1.69,14.0841,1,1298,4.91,1298,4.91,1298,4.91
1983-08-27 14:07:34,19.3333,-155.1447,7.95,1.7,17.8301,1,1299,4.91,1299,4.91,1299,4.91
1983-08-28 09:31:33,19.3772,-155.4177,9.48,1.97,14.5473,1,1300,4.91,1300,4.91,1300,4.91
1983-08-28 09:52:44,19.3368,-155.1887,5.97,1.87,13.9278,1,1301,4.91,1301,4.91,1301,4.91
1983-08-28 10:20:23,19.3395,-155.1777,6.38,1.57,14.6143,1,1302,4.91,1302,4.91,1302,4.91
1983-08-28 13:41:40,19.3413,-155.1775,8.36,1.51,14.5076,1,1303,4.91,1303,4.91,1303,4.91
1983-08-28 13:42:53,19.3417,-155.1765,9.05,1.57,14.5638,1,1304,4.91,1304,4.91,1304,4.91
1983-08-28 18:28:51,19.3335,-155.197,7.26,1.75,13.5571,1,1305,4.91,1305,4.91,1305,4.91
1983-08-29 01:46:17,19.3778,-155.0192,8.27,1.91,28.4955,1,1306,4.91,1306,4.91,1306,4.91
1983-08-29 04:00:53,19.3273,-155.1933,7.44,1.63,14.3237,1,1307,4.91,1307,4.91,1307,4.91
1983-08-29 05:18:35,19.2888,-155.3562,5.74,1.81,16.3948,1,1308,4.91,1308,4.91,1308,4.91
1983-08-29 22:12:13,19.3243,-155.1968,5.26,1.67,14.323,1,1309,4.91,1309,4.91,1309,4.91
1983-08-30 17:38:06,19.277,-155.381,5.1,2.18,18.8052,1,1310,4.91,1310,4.91,1310,4.91
1983-08-31 16:52:19,19.3323,-155.1933,6.62,2.18,13.9244,1,1311,4.91,1311,4.91,1311,4.91
1983-08-31 19:12:41,19.3685,-155.0128,3.5,1.61,29.3462,1,1312,4.91,1312,4.91,1312,4.91
1983-08-31 23:48:49,19.3887,-155.463,6.81,1.99,18.8045,1,1313,4.91,1313,4.91,1313,4.91
1983-09-01 00:34:19,19.3623,-155.4222,9.44,1.98,15.6105,1,1314,4.91,1314,4.91,1314,4.91
1983-09-02 07:35:12,19.3545,-155.1088,6.76,1.84,20.1011,1,1315,4.91,1315,4.91,1315,4.91
1983-09-02 07:45:27,19.3402,-155.1917,8.27,2.35,13.4408,1,1316,4.91,1316,4.91,1316,4.91
1983-09-02 08:35:56,19.2808,-155.348,6.89,1.72,16.8518,1,1317,4.91,1317,4.91,1317,4.91
1983-09-02 21:02:10,19.3712,-155.4658,7.79,1.71,19.5535,1,1318,4.91,1318,4.91,1318,4.91
1983-09-02 22:25:15,19.2875,-155.2542,6.81,1.53,15.2382,1,1319,4.91,1319,4.91,1319,4.91
1983-09-03 02:57:11,19.2768,-155.3602,7.1,1.53,17.7784,1,1320,4.91,1320,4.91,1320,4.91
1983-09-04 13:36:51,19.3583,-155.0502,5.22,1.77,25.7977,1,1321,4.91,1321,4.91,1321,4.91
1983-09-04 22:35:10,19.3217,-155.1943,6.4,1.52,14.7134,0,1322,4.91,1322,4.91,1322,4.91
1983-09-06 02:24:22,19.3417,-155.0662,5.1,2.58,24.7825,1,1323,4.91,1323,4.91,1323,4.91
1983-09-06 02:42:26,19.4085,-155.415,9.75,1.57,13.4951,1,1324,4.91,1324,4.91,1324,4.91
1983-09-06 08:27:45,19.3373,-155.2133,10.27,3.57,12.0991,1,1325,4.91,1325,4.91,1325,4.91
1983-09-06 15:44:19,19.341,-155.209,6.81,1.51,12.0862,1,1326,4.91,1326,4.91,1326,4.91
1983-09-07 02:00:19,19.3587,-155.0177,6.93,1.68,29.0837,1,1327,4.91,1327,4.91,1327,4.91
1983-09-07 15:29:25,19.3383,-155.2152,6.91,1.96,11.8865,1,1328,4.91,1328,4.91,1328,4.91
1983-09-07 20:39:29,19.3238,-155.2238,7.84,2.1,12.6795,1,1329,4.91,1329,4.91,1329,4.91
1983-09-07 22:44:01,19.327,-155.1927,8.03,1.72,14.3912,1,1330,4.91,1330,4.91,1330,4.91
1983-09-08 03:11:17,19.3975,-155.3967,10.59,1.57,11.7976,1,1331,4.91,1331,4.91,1331,4.91
1983-09-08 06:25:26,19.3932,-155.4215,7.79,1.7,14.4404,1,1332,4.91,1332,4.91,1332,4.91
1983-09-08 07:41:34,19.3213,-155.1467,5.41,1.58,18.4259,1,1333,4.91,1333,4.91,1333,4.91
1983-09-09 11:34:14,19.3208,-155.1598,5.42,1.65,17.3836,1,1334,4.91,1334,4.91,1334,4.91
1983-09-09 16:30:55,19.33,-155.122,8.96,5.66,20.0491,1,1335,4.91,1335,4.91,1335,4.91
1983-09-09 16:37:44,19.359,-155.1117,7.19,2.75,19.6371,1,1336,5.66,1336,5.66,1336,5.66
1983-09-09 17:26:21,19.2993,-155.1148,3.86,1.51,22.5717,1,1337,5.66,1337,5.66,1337,5.66
1983-09-09 17:57:38,19.3318,-155.1305,6.28,2.27,19.1803,1,1338,5.66,1338,5.66,1338,5.66
1983-09-09 18:47:41,19.3335,-155.1398,6.16,1.76,18.2507,1,1339,5.66,1339,5.66,1339,5.66
1983-09-09 19:03:02,19.3523,-155.118,7.24,1.7,19.3026,1,1340,5.66,1340,5.66,1340,5.66
1983-09-09 19:14:30,19.3293,-155.1003,4.24,2.04,22.08,1,1341,5.66,1341,5.66,1341,5.66
1983-09-09 19:25:49,19.3232,-155.2282,6.77,2.2,12.5024,1,1342,5.66,1342,5.66,1342,5.66
1983-09-09 20:27:34,19.3373,-155.0598,8.21,2.81,25.5852,1,1343,5.66,1343,5.66,1343,5.66
1983-09-09 21:16:13,19.3435,-155.0672,7.95,2.64,24.6136,1,1344,5.66,1344,5.66,1344,5.66
1983-09-09 23:48:28,19.3343,-155.128,7.72,1.99,19.2645,1,1345,5.66,1345,5.66,1345,5.66
1983-09-10 01:01:44,19.4513,-155.4717,9.35,2.92,19.6579,1,1346,5.66,1346,5.66,1346,5.66
1983-09-10 05:04:57,19.3343,-155.123,7.83,1.87,19.7203,1,1347,5.66,1347,5.66,1347,5.66
1983-09-10 12:29:20,19.3442,-155.2158,7.8,1.57,11.3449,1,1348,5.66,1348,5.66,1348,5.66
1983-09-10 17:02:28,19.3392,-155.2143,6.2,1.51,11.8697,1,1349,5.66,1349,5.66,1349,5.66
1983-09-10 18:10:49,19.2977,-155.2217,6.35,1.76,15.3266,1,1350,5.66,1350,5.66,1350,5.66
1983-09-10 18:40:26,19.3468,-155.0557,6.35,1.64,25.6263,1,1351,5.66,1351,5.66,1351,5.66
1983-09-10 23:09:02,19.3308,-155.2025,7.27,1.65,13.3853,1,1352,5.66,1352,5.66,1352,5.66
1983-09-11 05:27:41,19.328,-155.0565,4.86,1.7,26.2978,1,1353,5.66,1353,5.66,1353,5.66
1983-09-11 06:56:25,19.3407,-155.2145,7.92,1.69,11.7287,1,1354,5.66,1354,5.66,1354,5.66
1983-09-11 07:17:43,19.3408,-155.2138,7.73,1.52,11.768,1,1355,5.66,1355,5.66,1355,5.66
1983-09-12 00:01:39,19.3292,-155.1883,5.21,1.6,14.5394,1,1356,5.66,1356,5.66,1356,5.66
1983-09-12 10:19:54,19.3237,-155.1103,7.67,1.86,21.4625,1,1357,5.66,1357,5.66,1357,5.66
1983-09-12 13:32:15,19.3227,-155.2177,4.91,1.55,13.1272,1,1358,5.66,1358,5.66,1358,5.66
1983-09-13 01:13:01,19.3302,-155.1097,7.81,1.57,21.1623,1,1359,5.66,1359,5.66,1359,5.66
1983-09-13 01:52:53,19.3275,-155.1315,7.75,2.05,19.3435,1,1360,5.66,1360,5.66,1360,5.66
1983-09-13 02:04:59,19.3465,-155.1305,8.29,2.16,18.3876,1,1361,5.66,1361,5.66,1361,5.66
1983-09-13 02:12:59,19.3517,-155.1373,8.09,2.15,17.4912,1,1362,5.66,1362,5.66,1362,5.66
1983-09-13 22:15:42,19.3308,-155.1665,6.7,1.73,16.1361,1,1363,5.66,1363,5.66,1363,5.66
1983-09-15 08:39:31,19.3378,-155.2002,8.74,2.66,12.9804,1,1364,5.66,1364,5.66,1364,5.66
1983-09-15 11:24:16,19.3237,-155.1143,3.95,1.55,21.1012,1,1365,5.66,1365,5.66,1365,5.66
1983-09-15 13:42:01,19.3747,-155.0313,5.27,2.0,27.3085,1,1366,5.66,1366,5.66,1366,5.66
1983-09-15 19:23:43,19.4407,-155.459,7.61,2.24,18.1685,1,1367,5.66,1367,5.66,1367,5.66
1983-09-16 02:59:23,19.3113,-155.1418,6.62,1.59,19.5144,1,1368,5.66,1368,5.66,1368,5.66
1983-09-16 04:38:21,19.3988,-155.4977,8.98,1.63,22.2344,1,1369,5.66,1369,5.66,1369,5.66
1983-09-16 08:03:40,19.3165,-155.2283,6.55,1.61,13.1507,1,1370,5.66,1370,5.66,1370,5.66
1983-09-16 09:23:09,19.3187,-155.2215,7.82,2.08,13.2895,1,1371,5.66,1371,5.66,1371,5.66
1983-09-16 14:59:53,19.342,-155.1953,6.7,2.05,13.0265,1,1372,5.66,1372,5.66,1372,5.66
1983-09-16 19:59:43,19.3237,-155.185,6.63,1.6,15.2166,1,1373,5.66,1373,5.66,1373,5.66
1983-09-16 20:26:33,19.3065,-155.2245,8.54,2.22,14.321,1,1374,5.66,1374,5.66,1374,5.66
1983-09-16 23:00:09,19.343,-155.162,7.15,1.54,15.7209,1,1375,5.66,1375,5.66,1375,5.66
1983-09-16 23:23:19,19.2907,-155.2318,6.27,1.94,15.6032,1,1376,5.66,1376,5.66,1376,5.66
1983-09-17 02:09:50,19.3762,-155.4055,10.08,2.66,13.3895,1,1377,5.66,1377,5.66,1377,5.66
1983-09-17 02:58:09,19.3427,-155.1378,7.03,2.03,17.9091,1,1378,5.66,1378,5.66,1378,5.66
1983-09-17 13:22:04,19.3375,-155.2118,7.63,1.88,12.1833,1,1379,5.66,1379,5.66,1379,5.66
1983-09-17 21:07:35,19.3395,-155.1862,7.25,1.57,13.9258,1,1380,5.66,1380,5.66,1380,5.66
1983-09-18 06:53:18,19.3203,-155.1483,6.33,1.63,18.3598,1,1381,5.66,1381,5.66,1381,5.66
1983-09-18 14:36:40,19.4455,-155.4558,10.05,1.75,17.9085,1,1382,5.66,1382,5.66,1382,5.66
1983-09-18 16:05:33,19.365,-155.0828,7.14,1.72,22.3048,1,1383,5.66,1383,5.66,1383,5.66
1983-09-18 23:05:18,19.3635,-155.4735,5.79,2.31,20.5795,1,1384,5.66,1384,5.66,1384,5.66
1983-09-19 00:29:06,19.3813,-155.2845,13.17,2.56,4.4222,1,1385,5.66,1385,5.66,1385,5.66
1983-09-19 12:31:25,19.3223,-155.1997,6.95,1.89,14.294,1,1386,5.66,1386,5.66,1386,5.66
1983-09-19 20:29:19,19.3312,-155.1475,8.03,1.81,17.7156,1,1387,5.66,1387,5.66,1387,5.66
1983-09-20 01:23:44,19.3587,-155.027,5.27,1.64,28.1373,1,1388,5.66,1388,5.66,1388,5.66
1983-09-20 01:42:51,19.367,-155.0765,6.96,2.13,22.8806,1,1389,5.66,1389,5.66,1389,5.66
1983-09-20 09:08:22,19.3208,-155.1977,9.31,2.84,14.5566,1,1390,5.66,1390,5.66,1390,5.66
1983-09-20 13:30:55,19.4472,-155.4247,11.81,3.01,14.7299,1,1391,5.66,1391,5.66,1391,5.66
1983-09-20 22:28:40,19.3443,-155.1942,8.75,2.17,12.9419,1,1392,5.66,1392,5.66,1392,5.66
1983-09-21 02:29:18,19.3025,-155.2177,7.37,1.9,15.0492,1,1393,5.66,1393,5.66,1393,5.66
1983-09-21 03:35:18,19.3375,-155.1955,8.9,2.37,13.3541,1,1394,5.66,1394,5.66,1394,5.66
1983-09-21 03:41:30,19.2993,-155.2188,7.19,2.03,15.3075,1,1395,5.66,1395,5.66,1395,5.66
1983-09-21 15:47:00,19.4445,-155.4272,11.07,2.12,14.9316,1,1396,5.66,1396,5.66,1396,5.66
1983-09-21 18:34:49,19.3185,-155.4403,11.16,3.14,19.7104,1,1397,5.66,1397,5.66,1397,5.66
1983-09-22 08:22:48,19.3272,-155.2087,7.62,1.63,13.276,1,1398,5.66,1398,5.66,1398,5.66
1983-09-22 13:28:09,19.3203,-155.2175,7.55,1.59,13.3617,1,1399,5.66,1399,5.66,1399,5.66
1983-09-22 21:04:58,19.3425,-155.2042,7.72,2.48,12.3137,1,1400,5.66,1400,5.66,1400,5.66
1983-09-22 21:26:56,19.3607,-155.0217,6.84,2.24,28.6233,1,1401,5.66,1401,5.66,1401,5.66
1983-09-23 03:36:59,19.3465,-155.186,7.56,2.34,13.4486,1,1402,5.66,1402,5.66,1402,5.66
1983-09-23 09:07:30,19.3525,-155.0295,7.44,2.45,28.0629,1,1403,5.66,1403,5.66,1403,5.66
1983-09-23 12:21:49,19.3445,-155.1777,7.67,1.76,14.276,1,1404,5.66,1404,5.66,1404,5.66
1983-09-23 19:01:06,19.3543,-155.0542,7.48,2.58,25.52,1,1405,5.66,1405,5.66,1405,5.66
1983-09-24 12:30:22,19.4087,-155.4527,10.83,1.67,17.4308,1,1406,5.66,1406,5.66,1406,5.66
1983-09-24 18:07:55,19.3402,-155.1855,7.6,1.53,13.9313,1,1407,5.66,1407,5.66,1407,5.66
1983-09-25 21:12:59,19.3748,-155.0538,7.6,2.22,24.9926,0,1408,5.66,1408,5.66,1408,5.66
1983-09-26 12:04:17,19.2853,-155.481,6.82,1.54,25.3359,0,1409,5.66,1409,5.66,1409,5.66
1983-09-27 05:30:30,19.3233,-155.1473,6.22,1.63,18.2423,0,1410,5.66,1410,5.66,1410,5.66
1983-09-27 07:12:24,19.3358,-155.1438,8.2,2.04,17.7593,0,1411,5.66,1411,5.66,1411,5.66
1983-09-27 13:55:16,19.3348,-155.139,7.76,1.87,18.2453,0,1412,5.66,1412,5.66,1412,5.66
1983-09-27 20:56:29,19.3308,-155.171,6.17,1.66,15.7691,0,1413,5.66,1413,5.66,1413,5.66
1983-09-27 21:32:39,19.3678,-155.4215,9.2,2.28,15.2969,0,1414,5.66,1414,5.66,1414,5.66
1983-09-28 05:44:33,19.3285,-155.138,9.43,3.26,18.7107,0,1415,5.66,1415,5.66,1415,5.66
1983-09-28 13:34:50,19.3563,-155.0428,6.41,2.02,26.6053,0,1416,5.66,1416,5.66,1416,5.66
1983-09-28 14:57:33,19.3347,-155.175,7.55,1.63,15.1695,0,1417,5.66,1417,5.66,1417,5.66
1983-09-29 01:53:19,19.3948,-155.0228,5.73,1.98,27.8614,0,1418,5.66,1418,5.66,1418,5.66
1983-09-29 18:56:20,19.4157,-155.4683,9.63,2.02,19.0217,0,1419,5.66,1419,5.66,1419,5.66
1983-09-30 12:26:29,19.3467,-155.2158,7.53,1.96,11.1371,0,1420,5.66,1420,5.66,1420,5.66
1983-09-30 12:47:13,19.3545,-155.1173,6.72,1.64,19.2748,0,1421,5.66,1421,5.66,1421,5.66
1983-10-02 11:38:28,19.3233,-155.2033,9.82,3.52,13.9683,0,1422,5.66,1422,5.66,1422,5.66
1983-10-02 16:00:50,19.3518,-155.131,9.44,2.67,18.0821,0,1423,5.66,1423,5.66,1423,5.66
1983-10-04 01:49:13,19.3365,-155.193,8.57,1.93,13.6203,0,1424,5.66,1424,5.66,1424,5.66
1983-10-04 04:55:29,19.3355,-155.1752,8.21,1.87,15.0971,0,1425,5.66,1425,5.66,1425,5.66
1983-10-04 06:20:24,19.3235,-155.19,6.7,1.78,14.8687,0,1426,5.66,1426,5.66,1426,5.66
1983-10-04 07:45:39,19.3445,-155.0762,6.25,2.03,23.6914,0,1427,5.66,1427,5.66,1427,5.66
1983-10-04 18:12:33,19.3288,-155.1318,5.3,1.68,19.2395,0,1428,5.66,1428,5.66,1428,5.66
1983-10-04 23:15:28,19.3215,-155.1958,5.44,2.1,14.6267,0,1429,5.66,1429,5.66,1429,5.66
1983-10-05 00:28:17,19.3235,-155.1417,5.23,1.9,18.7046,1,1430,5.66,1430,5.66,1430,5.66
1983-10-05 02:46:25,19.3333,-155.1905,5.71,1.74,14.0558,1,1431,5.66,1431,5.66,1431,5.66
1983-10-05 05:45:53,19.3693,-155.4315,10.79,3.16,16.2092,1,1432,5.66,1432,5.66,1432,5.66
1983-10-05 22:06:01,19.3613,-155.0773,8.55,2.65,22.975,1,1433,5.66,1433,5.66,1433,5.66
1983-10-06 03:13:10,19.3288,-155.22,8.1,2.07,12.43,1,1434,5.66,1434,5.66,1434,5.66
1983-10-06 03:38:35,19.341,-155.1585,6.75,1.9,16.1498,1,1435,5.66,1435,5.66,1435,5.66
1983-10-06 04:42:15,19.3143,-155.2535,9.62,2.65,12.374,1,1436,5.66,1436,5.66,1436,5.66
1983-10-06 11:53:16,19.4295,-155.4648,8.18,2.88,18.6687,1,1437,5.66,1437,5.66,1437,5.66
1983-10-06 13:39:51,19.3392,-155.2232,7.92,2.6,11.2925,1,1438,5.66,1438,5.66,1438,5.66
1983-10-07 11:34:22,19.3272,-155.1267,8.74,2.97,19.7875,1,1439,5.66,1439,5.66,1439,5.66
1983-10-07 15:52:02,19.3523,-155.051,6.28,1.58,25.9062,1,1440,5.66,1440,5.66,1440,5.66
1983-10-08 14:29:36,19.3463,-155.1068,6.83,2.71,20.6464,1,1441,5.66,1441,5.66,1441,5.66
1983-10-08 16:12:06,19.5357,-155.2357,25.04,2.62,13.8417,1,1442,5.66,1442,5.66,1442,5.66
1983-10-09 02:21:35,19.3238,-155.1938,8.37,3.52,14.574,1,1443,5.66,1443,5.66,1443,5.66
1983-10-09 11:56:44,19.3643,-155.0342,4.85,1.84,27.2548,1,1444,5.66,1444,5.66,1444,5.66
1983-10-09 15:56:27,19.3398,-155.1092,7.73,1.83,20.7211,1,1445,5.66,1445,5.66,1445,5.66
1983-10-09 21:57:22,19.3283,-155.1853,7.2,1.8,14.8345,1,1446,5.66,1446,5.66,1446,5.66
1983-10-11 14:17:42,19.3507,-155.1813,7.59,2.56,13.5658,1,1447,5.66,1447,5.66,1447,5.66
1983-10-12 04:16:15,19.3198,-155.2553,6.18,1.74,11.734,1,1448,5.66,1448,5.66,1448,5.66
1983-10-12 08:32:02,19.4772,-155.462,10.4,2.22,19.3835,1,1449,5.66,1449,5.66,1449,5.66
1983-10-12 11:42:35,19.3263,-155.203,7.2,2.73,13.7306,1,1450,5.66,1450,5.66,1450,5.66
1983-10-12 12:32:43,19.3015,-155.2517,6.22,1.72,13.7942,1,1451,5.66,1451,5.66,1451,5.66
1983-10-12 23:27:29,19.3365,-155.2003,7.54,1.82,13.0766,1,1452,5.66,1452,5.66,1452,5.66
1983-10-13 08:02:08,19.4388,-155.406,8.0,1.9,12.6343,1,1453,5.66,1453,5.66,1453,5.66
1983-10-15 02:15:26,19.3422,-155.181,7.4,2.04,14.1565,1,1454,5.66,1454,5.66,1454,5.66
1983-10-15 08:15:42,19.3232,-155.2548,7.95,1.91,11.3874,1,1455,5.66,1455,5.66,1455,5.66
1983-10-15 12:13:01,19.3748,-155.1977,12.23,2.54,10.6826,1,1456,5.66,1456,5.66,1456,5.66
1983-10-15 15:06:14,19.3528,-155.2495,7.93,1.88,8.543,1,1457,5.66,1457,5.66,1457,5.66
1983-10-15 15:10:06,19.3575,-155.2443,8.11,1.57,8.3616,1,1458,5.66,1458,5.66,1458,5.66
1983-10-16 13:05:11,19.3392,-155.1768,7.5,1.6,14.7091,1,1459,5.66,1459,5.66,1459,5.66
1983-10-17 03:01:16,19.411,-155.4325,8.61,2.12,15.299,1,1460,5.66,1460,5.66,1460,5.66
1983-10-17 05:32:59,19.4418,-155.4898,8.48,1.52,21.391,1,1461,5.66,1461,5.66,1461,5.66
1983-10-17 09:53:00,19.3625,-155.008,8.52,2.59,29.978,1,1462,5.66,1462,5.66,1462,5.66
1983-10-17 11:24:10,19.3858,-155.4403,8.53,2.15,16.5473,1,1463,5.66,1463,5.66,1463,5.66
1983-10-17 19:57:31,19.3358,-155.2072,7.73,1.54,12.6422,1,1464,5.66,1464,5.66,1464,5.66
1983-10-18 05:22:01,19.3385,-155.0793,4.3,2.16,23.6394,1,1465,5.66,1465,5.66,1465,5.66
1983-10-18 07:34:06,19.3417,-155.1285,5.82,1.86,18.8195,1,1466,5.66,1466,5.66,1466,5.66
1983-10-18 09:39:54,19.3163,-155.1475,6.78,2.19,18.7001,1,1467,5.66,1467,5.66,1467,5.66
1983-10-18 12:37:00,19.4477,-155.467,9.13,1.95,19.1065,1,1468,5.66,1468,5.66,1468,5.66
1983-10-18 20:20:16,19.318,-155.2058,5.46,1.79,14.2735,1,1469,5.66,1469,5.66,1469,5.66
1983-10-19 01:22:29,19.3445,-155.4282,8.66,2.18,17.0796,1,1470,5.66,1470,5.66,1470,5.66
1983-10-19 03:22:08,19.4113,-155.4863,9.21,2.15,20.9284,1,1471,5.66,1471,5.66,1471,5.66
1983-10-19 04:06:52,19.4078,-155.4857,9.4,1.64,20.8895,1,1472,5.66,1472,5.66,1472,5.66
1983-10-19 13:34:48,19.3507,-155.1033,8.02,2.55,20.7939,1,1473,5.66,1473,5.66,1473,5.66
1983-10-19 19:54:37,19.337,-155.1787,6.68,2.05,14.7072,1,1474,5.66,1474,5.66,1474,5.66
1983-10-19 20:05:27,19.4007,-155.4427,8.74,2.26,16.484,1,1475,5.66,1475,5.66,1475,5.66
1983-10-20 01:35:20,19.3437,-155.2128,7.71,1.52,11.5957,1,1476,5.66,1476,5.66,1476,5.66
1983-10-20 05:47:36,19.3425,-155.2245,7.98,1.84,10.9167,1,1477,5.66,1477,5.66,1477,5.66
1983-10-20 12:36:49,19.3777,-155.4525,8.28,2.34,18.0131,1,1478,5.66,1478,5.66,1478,5.66
1983-10-20 22:51:23,19.2573,-155.3763,6.62,1.56,20.4723,1,1479,5.66,1479,5.66,1479,5.66
1983-10-21 00:23:37,19.264,-155.3813,6.84,1.58,20.0661,1,1480,5.66,1480,5.66,1480,5.66
1983-10-21 06:29:23,19.3383,-155.1895,7.0,1.68,13.7537,1,1481,5.66,1481,5.66,1481,5.66
1983-10-21 13:10:57,19.3225,-155.1995,6.87,1.59,14.2904,1,1482,5.66,1482,5.66,1482,5.66
1983-10-22 03:12:39,19.3465,-155.1635,8.17,2.1,15.3767,1,1483,5.66,1483,5.66,1483,5.66
1983-10-22 04:27:34,19.2962,-155.2783,9.01,2.85,13.9071,1,1484,5.66,1484,5.66,1484,5.66
1983-10-22 11:41:41,19.3377,-155.2078,7.57,2.18,12.4425,0,1485,5.66,1485,5.66,1485,5.66
1983-10-22 13:11:51,19.3345,-155.2155,6.48,1.58,12.197,0,1486,5.66,1486,5.66,1486,5.66
1983-10-22 14:38:55,19.3705,-155.409,10.35,2.92,13.9735,0,1487,5.66,1487,5.66,1487,5.66
1983-10-23 03:21:36,19.3745,-155.4178,10.89,2.79,14.6605,0,1488,5.66,1488,5.66,1488,5.66
1983-10-23 09:39:29,19.328,-155.1648,6.24,1.58,16.47,0,1489,5.66,1489,5.66,1489,5.66
1983-10-23 14:15:42,19.4212,-155.4447,5.57,1.94,16.5374,0,1490,5.66,1490,5.66,1490,5.66
1983-10-23 15:47:31,19.339,-155.1948,7.01,2.27,13.2919,0,1491,5.66,1491,5.66,1491,5.66
1983-10-24 11:14:58,19.3515,-155.2993,28.44,1.52,7.8349,0,1492,5.66,1492,5.66,1492,5.66
1983-10-24 12:33:46,19.3663,-155.0805,8.51,2.57,22.497,0,1493,5.66,1493,5.66,1493,5.66
1983-10-24 12:37:31,19.3393,-155.06,8.03,2.26,25.4854,0,1494,5.66,1494,5.66,1494,5.66
1983-10-24 12:49:33,19.3448,-155.0637,8.23,2.84,24.9082,0,1495,5.66,1495,5.66,1495,5.66
1983-10-24 13:40:40,19.3312,-155.2202,6.54,1.67,12.1987,0,1496,5.66,1496,5.66,1496,5.66
1983-10-25 16:32:10,19.3695,-155.0953,7.63,2.3,20.9062,0,1497,5.66,1497,5.66,1497,5.66
1983-10-27 07:09:48,19.3735,-155.0405,6.19,1.76,26.388,0,1498,5.66,1498,5.66,1498,5.66
1983-10-28 04:03:35,19.3262,-155.1302,9.22,3.5,19.5363,0,1499,5.66,1499,5.66,1499,5.66
1983-10-28 04:53:14,19.3263,-155.1295,9.17,3.23,19.5922,0,1500,5.66,1500,5.66,1500,5.66
1983-10-28 06:22:10,19.3368,-155.502,7.56,2.75,24.4184,0,1501,5.66,1501,5.66,1501,5.66
1983-10-28 09:32:17,19.3325,-155.2042,8.0,2.06,13.1256,0,1502,5.66,1502,5.66,1502,5.66
1983-10-28 23:56:37,19.3358,-155.0677,6.53,1.84,24.8783,0,1503,5.66,1503,5.66,1503,5.66
1983-10-29 01:54:42,19.3128,-155.2287,7.29,1.91,13.4966,0,1504,5.66,1504,5.66,1504,5.66
1983-10-29 10:01:35,19.3083,-155.216,6.45,1.61,14.5781,0,1505,5.66,1505,5.66,1505,5.66
1983-10-29 14:21:29,19.3178,-155.2463,6.4,1.87,12.2439,0,1506,5.66,1506,5.66,1506,5.66
1983-10-29 16:27:29,19.343,-155.225,8.06,2.21,10.8407,0,1507,5.66,1507,5.66,1507,5.66
1983-10-30 05:26:09,19.3458,-155.0467,9.0,3.2,26.5567,0,1508,5.66,1508,5.66,1508,5.66
1983-10-30 19:35:15,19.349,-155.2335,8.54,2.05,9.777,0,1509,5.66,1509,5.66,1509,5.66
1983-10-31 01:49:15,19.4513,-155.4542,9.72,3.86,17.8528,0,1510,5.66,1510,5.66,1510,5.66
1983-10-31 03:32:06,19.3258,-155.1287,6.58,1.76,19.6928,0,1511,5.66,1511,5.66,1511,5.66
1983-10-31 04:53:59,19.4492,-155.4567,6.89,2.11,18.0685,0,1512,5.66,1512,5.66,1512,5.66
1983-10-31 05:46:51,19.3547,-155.0555,6.69,2.24,25.3766,0,1513,5.66,1513,5.66,1513,5.66
1983-10-31 06:27:43,19.326,-155.2038,4.02,1.58,13.7026,0,1514,5.66,1514,5.66,1514,5.66
1983-10-31 08:26:31,19.4177,-155.4443,10.39,1.65,16.4997,0,1515,5.66,1515,5.66,1515,5.66
1983-11-01 20:20:11,19.3497,-155.1205,7.23,1.8,19.1799,0,1516,5.66,1516,5.66,1516,5.66
1983-11-02 12:55:48,19.3415,-155.2,7.45,2.98,12.7055,0,1517,5.66,1517,5.66,1517,5.66
1983-11-03 08:48:57,19.4162,-155.415,10.28,1.63,13.4336,0,1518,5.66,1518,5.66,1518,5.66
1983-11-03 14:33:39,19.3385,-155.506,7.64,1.55,24.7356,0,1519,5.66,1519,5.66,1519,5.66
1983-11-04 08:37:55,19.4498,-155.4533,7.37,2.55,17.7294,0,1520,5.66,1520,5.66,1520,5.66
1983-11-04 15:38:45,19.4325,-155.4252,7.52,1.92,14.5483,0,1521,5.66,1521,5.66,1521,5.66
1983-11-04 20:11:44,19.3127,-155.2478,6.14,1.62,12.7252,0,1522,5.66,1522,5.66,1522,5.66
1983-11-05 03:10:49,19.3093,-155.2327,5.89,1.92,13.6645,1,1523,5.66,1523,5.66,1523,5.66
1983-11-05 03:24:14,19.3165,-155.2357,8.17,2.22,12.8056,1,1524,5.66,1524,5.66,1524,5.66
1983-11-05 12:30:20,19.3508,-155.0557,6.84,1.58,25.4863,1,1525,5.66,1525,5.66,1525,5.66
1983-11-06 00:11:33,19.3205,-155.152,6.33,1.88,18.0399,1,1526,5.66,1526,5.66,1526,5.66
1983-11-06 00:45:41,19.3477,-155.4098,9.64,2.17,15.2426,1,1527,5.66,1527,5.66,1527,5.66
1983-11-06 18:25:55,19.3257,-155.2287,8.66,2.17,12.2351,1,1528,5.66,1528,5.66,1528,5.66
1983-11-07 09:35:28,19.3397,-155.1988,8.63,2.66,12.9353,1,1529,5.66,1529,5.66,1529,5.66
1983-11-07 17:22:34,19.428,-155.4302,3.68,2.85,15.0367,1,1530,5.66,1530,5.66,1530,5.66
1983-11-07 23:23:55,19.485,-155.1817,18.72,2.66,13.1355,1,1531,5.66,1531,5.66,1531,5.66
1983-11-08 00:37:53,19.3383,-155.2088,7.41,1.52,12.3228,1,1532,5.66,1532,5.66,1532,5.66
1983-11-08 00:56:34,19.3533,-155.0627,6.27,1.53,24.702,1,1533,5.66,1533,5.66,1533,5.66
1983-11-08 04:03:17,19.3968,-155.267,3.06,1.78,3.412,1,1534,5.66,1534,5.66,1534,5.66
1983-11-08 18:55:55,19.3432,-155.202,7.94,1.71,12.4232,1,1535,5.66,1535,5.66,1535,5.66
1983-11-08 19:07:00,19.3205,-155.2555,8.55,2.22,11.6534,1,1536,5.66,1536,5.66,1536,5.66
1983-11-09 04:34:50,19.3397,-155.2142,8.01,2.06,11.8339,1,1537,5.66,1537,5.66,1537,5.66
1983-11-09 14:19:49,19.2805,-155.36,7.43,2.7,17.399,1,1538,5.66,1538,5.66,1538,5.66
1983-11-09 20:13:55,19.3327,-155.2133,5.67,1.51,12.4969,1,1539,5.66,1539,5.66,1539,5.66
1983-11-10 16:06:46,19.3497,-155.2192,7.38,1.59,10.6506,1,1540,5.66,1540,5.66,1540,5.66
1983-11-11 03:04:25,19.329,-155.2157,6.42,1.87,12.6725,1,1541,5.66,1541,5.66,1541,5.66
1983-11-11 20:45:06,19.3525,-155.0442,6.35,1.96,26.5822,1,1542,5.66,1542,5.66,1542,5.66
1983-11-12 00:59:33,19.3268,-155.2535,6.89,2.08,11.0484,1,1543,5.66,1543,5.66,1543,5.66
1983-11-12 03:11:25,19.3443,-155.1902,9.09,2.75,13.2604,1,1544,5.66,1544,5.66,1544,5.66
1983-11-12 06:30:26,19.3043,-155.2303,8.08,1.72,14.2748,1,1545,5.66,1545,5.66,1545,5.66
1983-11-12 08:05:38,19.4148,-155.2677,15.54,3.64,2.1384,1,1546,5.66,1546,5.66,1546,5.66
1983-11-12 08:09:14,19.4157,-155.2643,15.06,2.15,2.4527,1,1547,5.66,1547,5.66,1547,5.66
1983-11-12 08:29:33,19.4168,-155.2658,15.16,1.55,2.272,1,1548,5.66,1548,5.66,1548,5.66
1983-11-12 09:56:18,19.3657,-155.0277,5.54,1.68,27.8836,1,1549,5.66,1549,5.66,1549,5.66
1983-11-12 16:57:26,19.2833,-155.356,4.59,1.8,16.9364,1,1550,5.66,1550,5.66,1550,5.66
1983-11-12 22:52:15,19.3408,-155.2148,8.53,2.36,11.6998,1,1551,5.66,1551,5.66,1551,5.66
1983-11-13 00:25:51,19.3112,-155.2118,6.37,1.63,14.5362,1,1552,5.66,1552,5.66,1552,5.66
1983-11-13 02:27:57,19.329,-155.1927,7.52,2.27,14.2304,1,1553,5.66,1553,5.66,1553,5.66
1983-11-13 03:16:19,19.331,-155.2147,7.16,1.76,12.5567,1,1554,5.66,1554,5.66,1554,5.66
1983-11-13 06:05:18,19.3245,-155.1807,7.28,1.89,15.4753,1,1555,5.66,1555,5.66,1555,5.66
1983-11-13 07:12:38,19.367,-155.0108,3.79,1.6,29.5854,1,1556,5.66,1556,5.66,1556,5.66
1983-11-13 10:47:12,19.3492,-155.0563,4.65,1.53,25.4817,1,1557,5.66,1557,5.66,1557,5.66
1983-11-13 11:23:57,19.363,-155.0643,6.51,1.52,24.2325,1,1558,5.66,1558,5.66,1558,5.66
1983-11-13 16:09:58,19.3387,-155.217,6.67,1.61,11.733,1,1559,5.66,1559,5.66,1559,5.66
1983-11-13 22:22:42,19.4408,-155.4875,10.73,2.56,21.1395,1,1560,5.66,1560,5.66,1560,5.66
1983-11-14 00:45:00,19.3533,-155.039,5.87,1.79,27.0803,1,1561,5.66,1561,5.66,1561,5.66
1983-11-14 02:47:02,19.4077,-155.4258,8.15,1.77,14.6309,1,1562,5.66,1562,5.66,1562,5.66
1983-11-14 09:00:37,19.3293,-155.2175,6.4,1.59,12.5349,1,1563,5.66,1563,5.66,1563,5.66
1983-11-14 13:23:33,19.3388,-155.1558,6.85,1.68,16.5211,1,1564,5.66,1564,5.66,1564,5.66
1983-11-15 09:06:28,19.3407,-155.22,7.76,2.06,11.3631,1,1565,5.66,1565,5.66,1565,5.66
1983-11-15 09:43:34,19.3577,-155.4718,9.18,1.56,20.6215,1,1566,5.66,1566,5.66,1566,5.66
1983-11-15 10:14:13,19.3598,-155.4755,8.92,1.59,20.9094,1,1567,5.66,1567,5.66,1567,5.66
1983-11-15 12:31:09,19.3083,-155.2572,6.24,2.11,12.9157,1,1568,5.66,1568,5.66,1568,5.66
1983-11-16 06:44:43,19.3892,-155.4183,8.1,2.13,14.217,1,1569,5.66,1569,5.66,1569,5.66
1983-11-16 11:13:12,19.3703,-155.087,7.16,2.0,21.7215,1,1570,5.66,1570,5.66,1570,5.66
1983-11-16 16:13:00,19.4293,-155.452,10.97,6.72,17.3271,1,1571,5.66,1571,5.66,1571,5.66
1983-11-16 19:36:56,19.4262,-155.3557,6.86,1.56,7.2272,1,1572,6.72,1572,6.72,1572,6.72
1983-11-16 19:48:14,19.406,-155.4535,9.68,2.67,17.5405,1,1573,6.72,1573,6.72,1573,6.72
1983-11-16 19:53:48,19.4185,-155.3335,1.74,2.55,4.884,1,1574,6.72,1574,6.72,1574,6.72
1983-11-16 20:01:01,19.4593,-155.4423,7.02,2.74,16.8315,1,1575,6.72,1575,6.72,1575,6.72
1983-11-16 20:02:06,19.2302,-155.3702,5.53,2.27,22.9418,1,1576,6.72,1576,6.72,1576,6.72
1983-11-16 20:02:51,19.387,-155.4993,1.86,1.92,22.5842,1,1577,6.72,1577,6.72,1577,6.72
1983-11-16 20:05:59,19.4273,-155.4892,9.6,1.88,21.2152,1,1578,6.72,1578,6.72,1578,6.72
1983-11-16 20:09:10,19.4175,-155.5053,12.28,1.87,22.896,1,1579,6.72,1579,6.72,1579,6.72
1983-11-16 20:16:17,19.4108,-155.4323,10.81,1.58,15.2797,1,1580,6.72,1580,6.72,1580,6.72
1983-11-16 20:20:02,19.4213,-155.3527,9.69,1.61,6.8896,1,1581,6.72,1581,6.72,1581,6.72
1983-11-16 20:22:59,19.3413,-155.2715,1.29,2.59,9.0101,1,1582,6.72,1582,6.72,1582,6.72
1983-11-16 20:30:07,19.4752,-155.4095,1.36,1.76,14.1876,1,1583,6.72,1583,6.72,1583,6.72
1983-11-16 20:36:50,19.2638,-155.3813,4.93,2.84,20.0855,1,1584,6.72,1584,6.72,1584,6.72
1983-11-16 20:45:50,19.423,-155.3263,5.25,2.85,4.127,1,1585,6.72,1585,6.72,1585,6.72
1983-11-16 20:48:04,19.3862,-155.4333,11.99,1.59,15.824,1,1586,6.72,1586,6.72,1586,6.72
1983-11-16 20:48:42,19.4172,-155.2635,14.96,2.5,2.5006,1,1587,6.72,1587,6.72,1587,6.72
1983-11-16 20:54:13,19.292,-155.4668,9.53,2.81,23.697,1,1588,6.72,1588,6.72,1588,6.72
1983-11-16 20:58:44,19.4467,-155.401,10.41,2.63,12.2906,1,1589,6.72,1589,6.72,1589,6.72
1983-11-16 20:59:35,19.42,-155.3633,12.63,2.59,8.002,1,1590,6.72,1590,6.72,1590,6.72
1983-11-16 21:00:04,19.2987,-155.2195,7.01,2.47,15.3324,1,1591,6.72,1591,6.72,1591,6.72
1983-11-16 21:01:20,19.366,-155.3563,9.45,1.55,9.4989,1,1592,6.72,1592,6.72,1592,6.72
1983-11-16 21:02:45,19.3845,-155.3712,10.87,1.62,9.7186,1,1593,6.72,1593,6.72,1593,6.72
1983-11-16 21:06:07,19.3863,-155.488,11.84,1.59,21.4306,1,1594,6.72,1594,6.72,1594,6.72
1983-11-16 21:08:39,19.4222,-155.4613,9.25,1.77,18.2786,1,1595,6.72,1595,6.72,1595,6.72
1983-11-16 21:13:21,19.436,-155.3635,11.6,1.69,8.1933,1,1596,6.72,1596,6.72,1596,6.72
1983-11-16 21:19:57,19.4678,-155.4358,9.97,1.79,16.4468,1,1597,6.72,1597,6.72,1597,6.72
1983-11-16 21:22:04,19.4507,-155.4535,2.31,2.92,17.7683,1,1598,6.72,1598,6.72,1598,6.72
1983-11-16 21:24:50,19.385,-155.4485,11.18,2.14,17.4044,1,1599,6.72,1599,6.72,1599,6.72
1983-11-16 21:28:07,19.4103,-155.3575,10.4,1.98,7.4883,1,1600,6.72,1600,6.72,1600,6.72
1983-11-16 21:29:07,19.4337,-155.463,17.2,1.99,18.5097,1,1601,6.72,1601,6.72,1601,6.72
1983-11-16 21:31:08,19.3798,-155.4323,11.16,1.58,15.9127,1,1602,6.72,1602,6.72,1602,6.72
1983-11-16 21:33:23,19.3482,-155.3833,11.35,1.66,12.9443,1,1603,6.72,1603,6.72,1603,6.72
1983-11-16 21:35:48,19.423,-155.3373,2.77,1.77,5.2792,1,1604,6.72,1604,6.72,1604,6.72
1983-11-16 21:39:37,19.4323,-155.4533,9.79,1.62,17.4839,1,1605,6.72,1605,6.72,1605,6.72
1983-11-16 21:41:28,19.3233,-155.496,8.77,1.65,24.4677,1,1606,6.72,1606,6.72,1606,6.72
1983-11-16 21:42:23,19.4233,-155.4977,9.55,1.69,22.0967,1,1607,6.72,1607,6.72,1607,6.72
1983-11-16 21:48:20,19.3417,-155.4065,12.99,1.7,15.3253,1,1608,6.72,1608,6.72,1608,6.72
1983-11-16 21:52:58,19.466,-155.4377,8.63,2.14,16.5745,1,1609,6.72,1609,6.72,1609,6.72
1983-11-16 21:55:09,19.4272,-155.5117,11.32,2.72,23.5732,1,1610,6.72,1610,6.72,1610,6.72
1983-11-16 22:00:16,19.4615,-155.4135,10.06,2.54,14.0076,1,1611,6.72,1611,6.72,1611,6.72
1983-11-16 22:01:52,19.4238,-155.4663,11.53,2.28,18.805,1,1612,6.72,1612,6.72,1612,6.72
1983-11-16 22:03:21,19.3668,-155.4278,12.46,1.59,15.95,1,1613,6.72,1613,6.72,1613,6.72
1983-11-16 22:15:34,19.3932,-155.516,12.1,1.78,24.2147,1,1614,6.72,1614,6.72,1614,6.72
1983-11-16 22:24:59,19.4543,-155.4003,11.33,1.86,12.4437,1,1615,6.72,1615,6.72,1615,6.72
1983-11-16 22:30:34,19.3445,-155.0395,9.36,2.56,27.3193,1,1616,6.72,1616,6.72,1616,6.72
1983-11-16 22:31:35,19.3312,-155.4285,10.13,2.03,17.8888,1,1617,6.72,1617,6.72,1617,6.72
1983-11-16 22:41:44,19.482,-155.4538,11.32,2.2,18.7578,1,1618,6.72,1618,6.72,1618,6.72
1983-11-16 22:44:45,19.475,-155.4318,9.88,2.6,16.3264,1,1619,6.72,1619,6.72,1619,6.72
1983-11-16 22:56:12,19.409,-155.3637,11.38,2.01,8.1533,1,1620,6.72,1620,6.72,1620,6.72
1983-11-16 23:04:49,19.5235,-155.4663,6.54,2.84,21.9822,1,1621,6.72,1621,6.72,1621,6.72
1983-11-16 23:11:14,19.4602,-155.405,11.4,2.01,13.118,1,1622,6.72,1622,6.72,1622,6.72
1983-11-16 23:14:32,19.4603,-155.3805,3.62,2.15,10.7336,1,1623,6.72,1623,6.72,1623,6.72
1983-11-16 23:18:07,19.3822,-155.5047,11.43,2.0,23.2363,1,1624,6.72,1624,6.72,1624,6.72
1983-11-16 23:22:52,19.3917,-155.42,10.56,1.57,14.3239,1,1625,6.72,1625,6.72,1625,6.72
1983-11-16 23:24:16,19.468,-155.4388,10.31,1.85,16.7525,1,1626,6.72,1626,6.72,1626,6.72
1983-11-16 23:24:46,19.4458,-155.3803,9.78,2.65,10.1644,1,1627,6.72,1627,6.72,1627,6.72
1983-11-16 23:28:05,19.3238,-155.5083,10.01,2.07,25.6067,1,1628,6.72,1628,6.72,1628,6.72
1983-11-16 23:30:48,19.4855,-155.3958,11.75,4.23,13.4745,1,1629,6.72,1629,6.72,1629,6.72
1983-11-16 23:34:36,19.3805,-155.4442,10.43,2.0,17.091,1,1630,6.72,1630,6.72,1630,6.72
1983-11-16 23:36:17,19.4003,-155.359,11.26,2.97,7.8937,1,1631,6.72,1631,6.72,1631,6.72
1983-11-16 23:43:04,19.3248,-155.4495,11.33,1.67,20.1242,1,1632,6.72,1632,6.72,1632,6.72
1983-11-16 23:43:49,19.4027,-155.4268,10.46,1.69,14.8016,1,1633,6.72,1633,6.72,1633,6.72
1983-11-16 23:52:09,19.3728,-155.3682,10.21,1.7,10.0624,1,1634,6.72,1634,6.72,1634,6.72
1983-11-16 23:54:22,19.3858,-155.4367,10.33,1.89,16.1807,1,1635,6.72,1635,6.72,1635,6.72
1983-11-16 23:58:04,19.4665,-155.3702,1.75,1.79,10.0845,1,1636,6.72,1636,6.72,1636,6.72
1983-11-17 00:06:13,19.457,-155.4092,1.23,2.18,13.4239,1,1637,6.72,1637,6.72,1637,6.72
1983-11-17 00:07:03,19.2243,-155.3895,6.63,1.72,24.3733,1,1638,6.72,1638,6.72,1638,6.72
1983-11-17 00:10:07,19.4467,-155.4402,3.01,2.61,16.3165,1,1639,6.72,1639,6.72,1639,6.72
1983-11-17 00:13:03,19.3462,-155.3658,8.86,1.74,11.7257,1,1640,6.72,1640,6.72,1640,6.72
1983-11-17 00:13:56,19.3362,-155.5055,7.2,1.79,24.7832,1,1641,6.72,1641,6.72,1641,6.72
1983-11-17 00:22:54,19.4768,-155.3672,5.42,2.01,10.4501,1,1642,6.72,1642,6.72,1642,6.72
1983-11-17 00:23:43,19.3928,-155.4347,11.06,3.15,15.8043,1,1643,6.72,1643,6.72,1643,6.72
1983-11-17 00:27:38,19.3617,-155.4665,9.46,1.96,19.9483,1,1644,6.72,1644,6.72,1644,6.72
1983-11-17 00:39:14,19.4283,-155.3412,8.46,1.67,5.7411,1,1645,6.72,1645,6.72,1645,6.72
1983-11-17 00:52:11,19.4537,-155.3883,8.4,2.57,11.2269,1,1646,6.72,1646,6.72,1646,6.72
1983-11-17 00:57:43,19.4543,-155.3917,9.38,3.14,11.5859,1,1647,6.72,1647,6.72,1647,6.72
1983-11-17 01:03:15,19.3837,-155.4438,9.92,2.11,16.9599,1,1648,6.72,1648,6.72,1648,6.72
1983-11-17 01:04:42,19.2663,-155.3588,6.3,1.73,18.7789,1,1649,6.72,1649,6.72,1649,6.72
1983-11-17 01:05:36,19.4293,-155.4655,4.97,1.8,18.7409,1,1650,6.72,1650,6.72,1650,6.72
1983-11-17 01:11:09,19.4225,-155.356,3.91,2.04,7.2375,1,1651,6.72,1651,6.72,1651,6.72
1983-11-17 01:14:45,19.4328,-155.4963,10.18,2.82,21.987,1,1652,6.72,1652,6.72,1652,6.72
1983-11-17 01:16:42,19.4198,-155.3285,3.49,1.56,4.3538,1,1653,6.72,1653,6.72,1653,6.72
1983-11-17 01:18:59,19.5352,-155.4632,2.65,2.05,22.4149,1,1654,6.72,1654,6.72,1654,6.72
1983-11-17 01:20:44,19.4185,-155.4798,8.24,1.59,20.2203,1,1655,6.72,1655,6.72,1655,6.72
1983-11-17 01:33:12,19.3415,-155.4018,12.5,1.87,14.938,1,1656,6.72,1656,6.72,1656,6.72
1983-11-17 01:34:55,19.396,-155.4447,11.1,2.5,16.7707,1,1657,6.72,1657,6.72,1657,6.72
1983-11-17 01:41:42,19.3385,-155.3977,12.64,2.15,14.798,1,1658,6.72,1658,6.72,1658,6.72
1983-11-17 01:59:05,19.4165,-155.3292,4.22,2.98,4.4534,1,1659,6.72,1659,6.72,1659,6.72
1983-11-17 02:01:30,19.4177,-155.3258,4.59,2.55,4.0852,1,1660,6.72,1660,6.72,1660,6.72
1983-11-17 02:08:29,19.4262,-155.325,5.81,3.45,4.0264,1,1661,6.72,1661,6.72,1661,6.72
1983-11-17 02:15:54,19.4098,-155.3613,11.25,1.79,7.8906,1,1662,6.72,1662,6.72,1662,6.72
1983-11-17 02:18:42,19.4693,-155.4517,8.24,2.92,18.0848,1,1663,6.72,1663,6.72,1663,6.72
1983-11-17 02:25:07,19.5227,-155.4428,3.08,1.71,19.8659,1,1664,6.72,1664,6.72,1664,6.72
1983-11-17 02:32:47,19.3702,-155.4718,6.86,2.55,20.1887,1,1665,6.72,1665,6.72,1665,6.72
1983-11-17 02:40:20,19.4927,-155.4325,2.54,2.7,17.2125,1,1666,6.72,1666,6.72,1666,6.72
1983-11-17 02:51:46,19.4618,-155.4155,9.23,1.63,14.2169,1,1667,6.72,1667,6.72,1667,6.72
1983-11-17 02:57:41,19.3727,-155.4412,10.17,1.82,17.0412,1,1668,6.72,1668,6.72,1668,6.72
1983-11-17 03:01:02,19.4873,-155.4548,6.05,1.56,19.0752,1,1669,6.72,1669,6.72,1669,6.72
1983-11-17 03:05:26,19.4547,-155.393,12.38,2.3,11.7293,1,1670,6.72,1670,6.72,1670,6.72
1983-11-17 03:11:24,19.2997,-155.2178,4.2,1.81,15.3176,1,1671,6.72,1671,6.72,1671,6.72
1983-11-17 03:14:02,19.4333,-155.3295,1.86,1.73,4.6616,1,1672,6.72,1672,6.72,1672,6.72
1983-11-17 03:16:30,19.425,-155.3253,3.62,1.62,4.0407,1,1673,6.72,1673,6.72,1673,6.72
1983-11-17 03:18:10,19.4592,-155.4343,6.93,1.6,16.0184,1,1674,6.72,1674,6.72,1674,6.72
1983-11-17 03:25:05,19.379,-155.4513,7.94,2.08,17.8534,1,1675,6.72,1675,6.72,1675,6.72
1983-11-17 03:33:00,19.3615,-155.473,10.59,3.44,20.6001,1,1676,6.72,1676,6.72,1676,6.72
1983-11-17 03:40:31,19.4982,-155.4942,2.92,1.69,23.3578,1,1677,6.72,1677,6.72,1677,6.72
1983-11-17 03:50:10,19.4615,-155.4373,7.04,2.0,16.3903,1,1678,6.72,1678,6.72,1678,6.72
1983-11-17 03:54:17,19.4648,-155.4007,4.17,2.08,12.8781,1,1679,6.72,1679,6.72,1679,6.72
1983-11-17 04:16:17,19.289,-155.2227,5.41,1.99,16.1537,1,1680,6.72,1680,6.72,1680,6.72
1983-11-17 04:19:48,19.4595,-155.4295,9.39,2.15,15.5429,1,1681,6.72,1681,6.72,1681,6.72
1983-11-17 04:22:42,19.3558,-155.3693,10.47,1.67,11.2727,1,1682,6.72,1682,6.72,1682,6.72
1983-11-17 04:23:25,19.3803,-155.4125,8.91,1.82,13.9186,1,1683,6.72,1683,6.72,1683,6.72
1983-11-17 04:39:18,19.418,-155.3282,4.51,1.58,4.3332,1,1684,6.72,1684,6.72,1684,6.72
1983-11-17 04:40:47,19.4333,-155.4687,10.2,2.0,19.1026,1,1685,6.72,1685,6.72,1685,6.72
1983-11-17 04:48:02,19.4052,-155.4928,8.88,1.62,21.654,1,1686,6.72,1686,6.72,1686,6.72
1983-11-17 04:58:11,19.2833,-155.2185,4.7,1.88,16.9142,1,1687,6.72,1687,6.72,1687,6.72
1983-11-17 05:09:17,19.4578,-155.4013,7.97,1.77,12.6641,1,1688,6.72,1688,6.72,1688,6.72
1983-11-17 05:13:11,19.461,-155.426,7.78,2.01,15.2382,1,1689,6.72,1689,6.72,1689,6.72
1983-11-17 05:17:28,19.3875,-155.4582,9.87,1.81,18.3373,1,1690,6.72,1690,6.72,1690,6.72
1983-11-17 05:22:19,19.3348,-155.1315,6.68,2.41,18.9193,1,1691,6.72,1691,6.72,1691,6.72
1983-11-17 05:24:14,19.3048,-155.2177,5.89,1.61,14.8258,1,1692,6.72,1692,6.72,1692,6.72
1983-11-17 05:41:04,19.3638,-155.3607,9.84,1.76,10.0102,1,1693,6.72,1693,6.72,1693,6.72
1983-11-17 05:42:42,19.4485,-155.3885,10.22,1.71,11.0735,1,1694,6.72,1694,6.72,1694,6.72
1983-11-17 05:46:30,19.3818,-155.4333,10.63,1.68,15.9509,1,1695,6.72,1695,6.72,1695,6.72
1983-11-17 05:50:28,19.5003,-155.3793,7.87,2.66,13.0917,1,1696,6.72,1696,6.72,1696,6.72
1983-11-17 05:52:41,19.4347,-155.3513,5.58,2.15,6.9124,1,1697,6.72,1697,6.72,1697,6.72
1983-11-17 05:56:11,19.4222,-155.326,8.49,1.79,4.0917,1,1698,6.72,1698,6.72,1698,6.72
1983-11-17 06:01:23,19.4472,-155.3953,11.04,1.83,11.7238,1,1699,6.72,1699,6.72,1699,6.72
1983-11-17 06:07:17,19.4695,-155.4183,9.63,1.52,14.7855,1,1700,6.72,1700,6.72,1700,6.72
1983-11-17 06:18:27,19.4673,-155.358,1.49,2.48,9.0512,1,1701,6.72,1701,6.72,1701,6.72
1983-11-17 06:26:55,19.3713,-155.4017,11.61,1.67,13.2386,1,1702,6.72,1702,6.72,1702,6.72
1983-11-17 06:30:37,19.475,-155.4373,9.8,2.14,16.864,1,1703,6.72,1703,6.72,1703,6.72
1983-11-17 06:42:03,19.3907,-155.4537,10.74,1.71,17.8045,1,1704,6.72,1704,6.72,1704,6.72
1983-11-17 06:47:35,19.3532,-155.5167,8.63,2.43,25.2449,1,1705,6.72,1705,6.72,1705,6.72
1983-11-17 06:59:35,19.3988,-155.5013,7.65,2.02,22.6096,1,1706,6.72,1706,6.72,1706,6.72
1983-11-17 07:02:32,19.3573,-155.363,9.28,1.94,10.6635,1,1707,6.72,1707,6.72,1707,6.72
1983-11-17 07:11:51,19.4562,-155.4272,4.74,2.21,15.2128,1,1708,6.72,1708,6.72,1708,6.72
1983-11-17 07:16:26,19.3857,-155.492,10.1,1.62,21.8554,1,1709,6.72,1709,6.72,1709,6.72
1983-11-17 07:17:23,19.5013,-155.453,3.48,3.15,19.5604,1,1710,6.72,1710,6.72,1710,6.72
1983-11-17 07:21:24,19.199,-155.3738,6.97,2.13,26.3121,1,1711,6.72,1711,6.72,1711,6.72
1983-11-17 07:25:04,19.421,-155.4955,8.6,2.7,21.8647,1,1712,6.72,1712,6.72,1712,6.72
1983-11-17 07:26:53,19.4473,-155.4,11.95,1.9,12.2044,1,1713,6.72,1713,6.72,1713,6.72
1983-11-17 07:34:31,19.4167,-155.4253,10.26,1.64,14.511,1,1714,6.72,1714,6.72,1714,6.72
1983-11-17 07:36:34,19.4267,-155.4742,9.23,2.23,19.6409,1,1715,6.72,1715,6.72,1715,6.72
1983-11-17 07:44:02,19.492,-155.4963,2.36,2.86,23.3208,1,1716,6.72,1716,6.72,1716,6.72
1983-11-17 08:02:44,19.3093,-155.2568,7.48,1.67,12.8182,1,1717,6.72,1717,6.72,1717,6.72
1983-11-17 08:04:07,19.4173,-155.3218,3.87,1.91,3.6723,1,1718,6.72,1718,6.72,1718,6.72
1983-11-17 08:05:16,19.4252,-155.3348,8.45,1.72,5.0341,1,1719,6.72,1719,6.72,1719,6.72
1983-11-17 08:12:46,19.2995,-155.2638,10.0,3.25,13.7277,1,1720,6.72,1720,6.72,1720,6.72
1983-11-17 08:21:51,19.3802,-155.4735,2.0,1.98,20.0793,1,1721,6.72,1721,6.72,1721,6.72
1983-11-17 08:23:25,19.4427,-155.381,6.77,2.04,10.1477,1,1722,6.72,1722,6.72,1722,6.72
1983-11-17 08:34:07,19.352,-155.3985,10.38,2.5,13.9871,1,1723,6.72,1723,6.72,1723,6.72
1983-11-17 08:39:05,19.4825,-155.4198,2.92,1.98,15.5123,1,1724,6.72,1724,6.72,1724,6.72
1983-11-17 08:39:33,19.468,-155.4282,7.99,2.22,15.7003,1,1725,6.72,1725,6.72,1725,6.72
1983-11-17 08:45:25,19.4762,-155.4248,6.14,1.54,15.6978,1,1726,6.72,1726,6.72,1726,6.72
1983-11-17 08:46:41,19.42,-155.3237,4.97,1.79,3.85,1,1727,6.72,1727,6.72,1727,6.72
1983-11-17 08:48:40,19.5223,-155.4583,3.96,2.36,21.1984,1,1728,6.72,1728,6.72,1728,6.72
1983-11-17 08:51:01,19.4067,-155.3572,11.36,1.76,7.5315,1,1729,6.72,1729,6.72,1729,6.72
1983-11-17 08:52:25,19.416,-155.4993,10.48,2.21,22.2705,1,1730,6.72,1730,6.72,1730,6.72
1983-11-17 08:55:02,19.383,-155.4533,10.18,2.69,17.9458,1,1731,6.72,1731,6.72,1731,6.72
1983-11-17 09:16:19,19.4102,-155.359,10.98,1.82,7.6454,1,1732,6.72,1732,6.72,1732,6.72
1983-11-17 09:23:38,19.3763,-155.3595,8.39,1.62,9.0841,1,1733,6.72,1733,6.72,1733,6.72
1983-11-17 09:30:08,19.4605,-155.4548,5.4,2.01,18.1344,1,1734,6.72,1734,6.72,1734,6.72
1983-11-17 09:53:02,19.358,-155.3708,10.63,1.95,11.2395,1,1735,6.72,1735,6.72,1735,6.72
1983-11-17 10:14:15,19.423,-155.461,9.41,2.06,18.248,1,1736,6.72,1736,6.72,1736,6.72
1983-11-17 10:17:08,19.4152,-155.4928,10.44,1.92,21.5916,1,1737,6.72,1737,6.72,1737,6.72
1983-11-17 10:18:08,19.4573,-155.4252,8.51,2.0,15.0425,1,1738,6.72,1738,6.72,1738,6.72
1983-11-17 10:23:27,19.222,-155.3553,5.42,1.8,23.2593,1,1739,6.72,1739,6.72,1739,6.72
1983-11-17 10:26:48,19.3675,-155.4375,10.66,1.93,16.8687,1,1740,6.72,1740,6.72,1740,6.72
1983-11-17 10:52:43,19.3595,-155.0495,8.26,1.96,25.8327,1,1741,6.72,1741,6.72,1741,6.72
1983-11-17 10:54:45,19.4692,-155.448,4.25,1.72,17.7114,1,1742,6.72,1742,6.72,1742,6.72
1983-11-17 11:14:37,19.3585,-155.4707,8.79,1.86,20.4827,1,1743,6.72,1743,6.72,1743,6.72
1983-11-17 11:28:01,19.4818,-155.4108,2.7,1.92,14.6351,1,1744,6.72,1744,6.72,1744,6.72
1983-11-17 11:30:33,19.4625,-155.4367,7.2,2.03,16.3607,1,1745,6.72,1745,6.72,1745,6.72
1983-11-17 11:39:44,19.3847,-155.433,9.69,1.75,15.8352,1,1746,6.72,1746,6.72,1746,6.72
1983-11-17 12:02:16,19.4272,-155.3608,11.31,2.02,7.7695,1,1747,6.72,1747,6.72,1747,6.72
1983-11-17 12:06:39,19.4198,-155.3437,8.45,1.82,5.9473,1,1748,6.72,1748,6.72,1748,6.72
1983-11-17 12:12:21,19.4827,-155.4033,9.17,1.8,13.9912,1,1749,6.72,1749,6.72,1749,6.72
1983-11-17 12:24:52,19.3358,-155.2175,8.89,2.36,11.9542,1,1750,6.72,1750,6.72,1750,6.72
1983-11-17 12:29:59,19.3828,-155.4633,9.71,1.7,18.9717,1,1751,6.72,1751,6.72,1751,6.72
1983-11-17 12:34:28,19.4678,-155.4268,6.31,1.76,15.5545,1,1752,6.72,1752,6.72,1752,6.72
1983-11-17 12:51:07,19.4337,-155.4503,9.91,2.24,17.1821,1,1753,6.72,1753,6.72,1753,6.72
1983-11-17 13:00:50,19.4477,-155.4357,2.94,2.91,15.8725,1,1754,6.72,1754,6.72,1754,6.72
1983-11-17 13:07:01,19.472,-155.4545,3.26,1.91,18.4553,1,1755,6.72,1755,6.72,1755,6.72
1983-11-17 13:08:32,19.4228,-155.4865,10.25,2.69,20.9217,1,1756,6.72,1756,6.72,1756,6.72
1983-11-17 13:12:58,19.3765,-155.4322,10.22,1.73,16.0124,1,1757,6.72,1757,6.72,1757,6.72
1983-11-17 13:15:43,19.3473,-155.0388,7.43,2.55,27.2937,1,1758,6.72,1758,6.72,1758,6.72
1983-11-17 13:16:22,19.3507,-155.3745,9.85,1.63,12.0555,1,1759,6.72,1759,6.72,1759,6.72
1983-11-17 13:20:02,19.4195,-155.4868,10.54,2.17,20.9531,1,1760,6.72,1760,6.72,1760,6.72
1983-11-17 13:30:02,19.3662,-155.4647,10.92,2.72,19.6087,1,1761,6.72,1761,6.72,1761,6.72
1983-11-17 13:35:08,19.5325,-155.4562,4.44,1.87,21.6409,1,1762,6.72,1762,6.72,1762,6.72
1983-11-17 13:43:03,19.3937,-155.4515,10.18,1.83,17.517,1,1763,6.72,1763,6.72,1763,6.72
1983-11-17 13:53:10,19.3668,-155.462,8.68,1.51,19.3188,1,1764,6.72,1764,6.72,1764,6.72
1983-11-17 14:05:24,19.3643,-155.3642,10.96,1.7,10.2621,1,1765,6.72,1765,6.72,1765,6.72
1983-11-17 14:09:41,19.2415,-155.2932,8.46,1.77,19.97,1,1766,6.72,1766,6.72,1766,6.72
1983-11-17 14:16:20,19.4585,-155.4303,9.09,1.79,15.5935,1,1767,6.72,1767,6.72,1767,6.72
1983-11-17 14:31:22,19.5022,-155.4593,5.14,1.59,20.1948,1,1768,6.72,1768,6.72,1768,6.72
1983-11-17 14:37:22,19.4353,-155.5042,8.43,2.7,22.8315,1,1769,6.72,1769,6.72,1769,6.72
1983-11-17 14:41:53,19.4647,-155.4227,8.35,2.72,15.0353,1,1770,6.72,1770,6.72,1770,6.72
1983-11-17 14:43:25,19.347,-155.0423,7.42,2.68,26.954,1,1771,6.72,1771,6.72,1771,6.72
1983-11-17 14:45:52,19.3463,-155.074,4.71,2.02,23.8363,1,1772,6.72,1772,6.72,1772,6.72
1983-11-17 15:00:16,19.1875,-155.351,5.77,2.18,26.8185,1,1773,6.72,1773,6.72,1773,6.72
1983-11-17 15:04:18,19.533,-155.439,2.05,1.55,20.2237,1,1774,6.72,1774,6.72,1774,6.72
1983-11-17 15:06:39,19.4493,-155.4357,9.31,1.68,15.9066,1,1775,6.72,1775,6.72,1775,6.72
1983-11-17 15:23:42,19.4545,-155.3887,11.35,1.55,11.2956,1,1776,6.72,1776,6.72,1776,6.72
1983-11-17 15:58:54,19.3798,-155.4485,11.06,2.52,17.5467,1,1777,6.72,1777,6.72,1777,6.72
1983-11-17 16:04:45,19.4478,-155.4678,9.01,1.65,19.1911,1,1778,6.72,1778,6.72,1778,6.72
1983-11-17 16:11:56,19.4258,-155.357,9.54,1.87,7.3598,1,1779,6.72,1779,6.72,1779,6.72
1983-11-17 16:21:43,19.4595,-155.4913,11.16,2.11,21.8453,1,1780,6.72,1780,6.72,1780,6.72
1983-11-17 16:24:14,19.4645,-155.433,8.68,1.75,16.0544,1,1781,6.72,1781,6.72,1781,6.72
1983-11-17 16:29:04,19.3475,-155.5,5.69,1.61,23.7896,1,1782,6.72,1782,6.72,1782,6.72
1983-11-17 16:40:59,19.3743,-155.4413,10.95,1.86,16.9959,1,1783,6.72,1783,6.72,1783,6.72
1983-11-17 16:50:08,19.3993,-155.4528,10.46,1.95,17.5546,1,1784,6.72,1784,6.72,1784,6.72
1983-11-17 16:54:01,19.4707,-155.4508,7.23,1.63,18.0417,1,1785,6.72,1785,6.72,1785,6.72
1983-11-17 16:54:42,19.4283,-155.3517,9.93,1.75,6.8329,1,1786,6.72,1786,6.72,1786,6.72
1983-11-17 17:12:27,19.4142,-155.4677,8.97,1.98,18.9649,1,1787,6.72,1787,6.72,1787,6.72
1983-11-17 17:22:26,19.4157,-155.4945,8.51,1.72,21.7682,1,1788,6.72,1788,6.72,1788,6.72
1983-11-17 17:28:41,19.3893,-155.4338,9.67,1.79,15.7942,1,1789,6.72,1789,6.72,1789,6.72
1983-11-17 17:30:41,19.3818,-155.4438,11.19,2.86,17.0129,1,1790,6.72,1790,6.72,1790,6.72
1983-11-17 17:35:14,19.4158,-155.4985,8.86,2.01,22.1872,1,1791,6.72,1791,6.72,1791,6.72
1983-11-17 17:46:16,19.534,-155.4573,3.04,1.87,21.831,1,1792,6.72,1792,6.72,1792,6.72
1983-11-17 17:50:32,19.453,-155.436,3.53,1.73,16.0236,1,1793,6.72,1793,6.72,1793,6.72
1983-11-17 17:54:22,19.4747,-155.4232,4.36,1.74,15.4785,1,1794,6.72,1794,6.72,1794,6.72
1983-11-17 17:54:47,19.4193,-155.3305,4.79,1.77,4.5654,1,1795,6.72,1795,6.72,1795,6.72
1983-11-17 17:55:10,19.4148,-155.3388,7.96,1.93,5.4756,1,1796,6.72,1796,6.72,1796,6.72
1983-11-17 18:29:06,19.4242,-155.4635,8.11,1.6,18.5122,1,1797,6.72,1797,6.72,1797,6.72
1983-11-17 18:33:02,19.3747,-155.4328,9.72,2.07,16.135,1,1798,6.72,1798,6.72,1798,6.72
1983-11-17 18:33:42,19.251,-155.3333,8.58,1.75,19.5173,1,1799,6.72,1799,6.72,1799,6.72
1983-11-17 18:40:05,19.4452,-155.4568,5.2,1.63,18.0072,1,1800,6.72,1800,6.72,1800,6.72
1983-11-17 18:49:47,19.2267,-155.3808,8.51,2.15,23.7413,1,1801,6.72,1801,6.72,1801,6.72
1983-11-17 19:27:53,19.4678,-155.444,7.51,1.67,17.2646,1,1802,6.72,1802,6.72,1802,6.72
1983-11-17 19:33:15,19.4498,-155.3945,12.01,1.96,11.7181,1,1803,6.72,1803,6.72,1803,6.72
1983-11-17 19:37:22,19.482,-155.4533,1.99,1.76,18.7089,1,1804,6.72,1804,6.72,1804,6.72
1983-11-17 19:41:21,19.4363,-155.3693,7.82,2.25,8.7961,1,1805,6.72,1805,6.72,1805,6.72
1983-11-17 19:57:57,19.4707,-155.4358,9.6,1.68,16.5516,1,1806,6.72,1806,6.72,1806,6.72
1983-11-17 20:05:26,19.384,-155.444,9.25,2.26,16.9721,1,1807,6.72,1807,6.72,1807,6.72
1983-11-17 20:10:08,19.4727,-155.4058,3.9,1.66,13.7187,1,1808,6.72,1808,6.72,1808,6.72
1983-11-17 20:17:58,19.363,-155.3532,8.84,1.91,9.4764,1,1809,6.72,1809,6.72,1809,6.72
1983-11-17 20:22:37,19.4608,-155.3998,9.31,1.88,12.6283,1,1810,6.72,1810,6.72,1810,6.72
1983-11-17 20:27:34,19.3673,-155.4812,3.87,2.71,21.2257,1,1811,6.72,1811,6.72,1811,6.72
1983-11-17 20:29:46,19.4618,-155.4233,9.39,1.71,14.9943,1,1812,6.72,1812,6.72,1812,6.72
1983-11-17 20:48:49,19.5035,-155.4843,3.3,2.15,22.6279,1,1813,6.72,1813,6.72,1813,6.72
1983-11-17 21:05:04,19.3942,-155.4353,6.66,1.91,15.8358,1,1814,6.72,1814,6.72,1814,6.72
1983-11-17 21:06:41,19.4263,-155.4758,7.23,2.06,19.8073,1,1815,6.72,1815,6.72,1815,6.72
1983-11-17 21:07:44,19.3847,-155.418,8.96,1.76,14.3196,1,1816,6.72,1816,6.72,1816,6.72
1983-11-17 21:14:48,19.4625,-155.4487,6.11,1.62,17.5715,1,1817,6.72,1817,6.72,1817,6.72
1983-11-17 21:15:37,19.3655,-155.4432,10.0,1.65,17.5067,1,1818,6.72,1818,6.72,1818,6.72
1983-11-17 21:26:11,19.418,-155.3538,8.96,1.68,7.0129,1,1819,6.72,1819,6.72,1819,6.72
1983-11-17 21:43:31,19.399,-155.4545,10.07,1.8,17.7358,1,1820,6.72,1820,6.72,1820,6.72
1983-11-17 22:09:03,19.3533,-155.4907,5.17,1.76,22.6532,1,1821,6.72,1821,6.72,1821,6.72
1983-11-17 22:12:48,19.3693,-155.477,8.54,3.76,20.7404,1,1822,6.72,1822,6.72,1822,6.72
1983-11-17 22:15:02,19.4165,-155.3313,5.19,2.58,4.6723,1,1823,6.72,1823,6.72,1823,6.72
1983-11-17 22:16:07,19.4365,-155.3208,1.68,1.83,3.941,1,1824,6.72,1824,6.72,1824,6.72
1983-11-17 22:25:46,19.431,-155.3225,8.18,2.04,3.885,1,1825,6.72,1825,6.72,1825,6.72
1983-11-17 22:34:27,19.436,-155.4897,9.22,1.65,21.3208,1,1826,6.72,1826,6.72,1826,6.72
1983-11-17 22:42:57,19.4215,-155.4758,9.86,1.59,19.7989,1,1827,6.72,1827,6.72,1827,6.72
1983-11-17 22:47:37,19.4168,-155.3205,5.75,1.93,3.5438,1,1828,6.72,1828,6.72,1828,6.72
1983-11-17 22:51:20,19.4295,-155.4893,9.66,1.95,21.235,1,1829,6.72,1829,6.72,1829,6.72
1983-11-17 23:22:42,19.422,-155.5085,11.45,1.68,23.2282,1,1830,6.72,1830,6.72,1830,6.72
1983-11-17 23:23:24,19.473,-155.3888,1.71,1.69,12.1392,1,1831,6.72,1831,6.72,1831,6.72
1983-11-17 23:24:06,19.3838,-155.4467,8.53,1.73,17.2523,1,1832,6.72,1832,6.72,1832,6.72
1983-11-17 23:40:25,19.3733,-155.4327,9.54,1.54,16.1755,1,1833,6.72,1833,6.72,1833,6.72
1983-11-17 23:44:44,19.4677,-155.428,5.98,1.51,15.6695,1,1834,6.72,1834,6.72,1834,6.72
1983-11-17 23:53:58,19.4655,-155.44,7.76,1.92,16.7881,1,1835,6.72,1835,6.72,1835,6.72
1983-11-18 00:04:07,19.3997,-155.4392,10.44,2.14,16.1364,1,1836,6.72,1836,6.72,1836,6.72
1983-11-18 00:12:29,19.3933,-155.4482,9.26,1.96,17.1842,1,1837,6.72,1837,6.72,1837,6.72
1983-11-18 00:23:34,19.4745,-155.4678,3.65,1.93,19.8683,1,1838,6.72,1838,6.72,1838,6.72
1983-11-18 00:25:07,19.3627,-155.3808,7.71,1.86,11.7819,1,1839,6.72,1839,6.72,1839,6.72
1983-11-18 00:57:21,19.3847,-155.4393,8.82,1.82,16.475,1,1840,6.72,1840,6.72,1840,6.72
1983-11-18 01:04:13,19.4472,-155.485,8.54,1.61,20.9653,1,1841,6.72,1841,6.72,1841,6.72
1983-11-18 01:48:41,19.387,-155.4428,11.49,1.92,16.7715,1,1842,6.72,1842,6.72,1842,6.72
1983-11-18 02:09:47,19.538,-155.4482,3.32,2.27,21.3263,1,1843,6.72,1843,6.72,1843,6.72
1983-11-18 02:25:23,19.3087,-155.2167,8.5,2.53,14.5024,1,1844,6.72,1844,6.72,1844,6.72
1983-11-18 02:32:36,19.4645,-155.4678,7.58,1.7,19.5647,1,1845,6.72,1845,6.72,1845,6.72
1983-11-18 02:33:06,19.3888,-155.4585,11.61,2.17,18.3393,1,1846,6.72,1846,6.72,1846,6.72
1983-11-18 02:35:32,19.3467,-155.3848,9.17,1.8,13.1714,1,1847,6.72,1847,6.72,1847,6.72
1983-11-18 02:43:57,19.3792,-155.3407,9.59,1.63,7.3021,1,1848,6.72,1848,6.72,1848,6.72
1983-11-18 02:46:23,19.3633,-155.3853,9.93,1.52,12.1434,1,1849,6.72,1849,6.72,1849,6.72
1983-11-18 02:49:17,19.4273,-155.467,5.15,1.84,18.8886,1,1850,6.72,1850,6.72,1850,6.72
1983-11-18 02:50:51,19.3975,-155.4472,9.63,2.0,17.0028,1,1851,6.72,1851,6.72,1851,6.72
1983-11-18 03:04:13,19.415,-155.4715,8.37,1.68,19.3597,1,1852,6.72,1852,6.72,1852,6.72
1983-11-18 03:27:58,19.3547,-155.3662,10.83,1.9,11.1065,1,1853,6.72,1853,6.72,1853,6.72
1983-11-18 03:55:50,19.2305,-155.3353,8.64,1.9,21.7804,1,1854,6.72,1854,6.72,1854,6.72
1983-11-18 03:57:10,19.3518,-155.4152,12.74,1.86,15.4926,1,1855,6.72,1855,6.72,1855,6.72
1983-11-18 04:01:54,19.471,-155.4533,5.1,1.55,18.3015,1,1856,6.72,1856,6.72,1856,6.72
1983-11-18 04:06:59,19.4092,-155.3365,6.96,1.77,5.3541,1,1857,6.72,1857,6.72,1857,6.72
1983-11-18 04:09:41,19.4413,-155.461,5.34,2.11,18.3847,1,1858,6.72,1858,6.72,1858,6.72
1983-11-18 04:20:25,19.4233,-155.3258,2.68,1.68,4.0766,1,1859,6.72,1859,6.72,1859,6.72
1983-11-18 04:27:05,19.4202,-155.489,9.91,1.99,21.1833,1,1860,6.72,1860,6.72,1860,6.72
1983-11-18 04:44:25,19.2913,-155.2328,6.75,2.29,15.5025,1,1861,6.72,1861,6.72,1861,6.72
1983-11-18 04:48:02,19.4145,-155.3458,9.51,1.88,6.2083,1,1862,6.72,1862,6.72,1862,6.72
1983-11-18 04:53:09,19.4312,-155.4668,6.55,1.51,18.8885,1,1863,6.72,1863,6.72,1863,6.72
1983-11-18 05:14:47,19.4547,-155.3948,8.06,1.87,11.9083,1,1864,6.72,1864,6.72,1864,6.72
1983-11-18 05:31:29,19.431,-155.4307,8.94,1.7,15.1098,1,1865,6.72,1865,6.72,1865,6.72
1983-11-18 05:32:49,19.4107,-155.363,9.86,1.56,8.0518,1,1866,6.72,1866,6.72,1866,6.72
1983-11-18 05:38:51,19.4203,-155.4855,8.78,1.53,20.8162,1,1867,6.72,1867,6.72,1867,6.72
1983-11-18 05:51:43,19.378,-155.4442,10.11,2.11,17.1665,1,1868,6.72,1868,6.72,1868,6.72
1983-11-18 05:59:01,19.3548,-155.3897,11.18,1.71,13.0468,1,1869,6.72,1869,6.72,1869,6.72
1983-11-18 06:17:05,19.3603,-155.394,9.64,2.46,13.096,1,1870,6.72,1870,6.72,1870,6.72
1983-11-18 06:18:36,19.462,-155.408,2.15,1.74,13.4814,1,1871,6.72,1871,6.72,1871,6.72
1983-11-18 06:40:39,19.4732,-155.3853,2.45,1.56,11.8287,1,1872,6.72,1872,6.72,1872,6.72
1983-11-18 06:44:15,19.3207,-155.2197,8.05,1.61,13.1996,1,1873,6.72,1873,6.72,1873,6.72
1983-11-18 07:07:02,19.4052,-155.4023,8.91,1.72,12.2186,1,1874,6.72,1874,6.72,1874,6.72
1983-11-18 07:10:00,19.3495,-155.3968,9.8,1.66,13.9944,1,1875,6.72,1875,6.72,1875,6.72
1983-11-18 07:19:19,19.4625,-155.4465,6.44,1.59,17.349,1,1876,6.72,1876,6.72,1876,6.72
1983-11-18 07:25:41,19.3542,-155.0363,6.16,2.25,27.325,1,1877,6.72,1877,6.72,1877,6.72
1983-11-18 07:32:41,19.4647,-155.444,2.46,1.58,17.164,1,1878,6.72,1878,6.72,1878,6.72
1983-11-18 07:35:11,19.4257,-155.3672,11.55,2.59,8.4262,1,1879,6.72,1879,6.72,1879,6.72
1983-11-18 07:47:01,19.4143,-155.3367,7.59,1.57,5.2647,1,1880,6.72,1880,6.72,1880,6.72
1983-11-18 08:01:48,19.452,-155.4338,5.62,2.08,15.7741,1,1881,6.72,1881,6.72,1881,6.72
1983-11-18 08:11:21,19.3702,-155.4397,9.78,1.62,16.9825,1,1882,6.72,1882,6.72,1882,6.72
1983-11-18 08:32:43,19.1722,-155.3622,0.01,1.75,28.7688,1,1883,6.72,1883,6.72,1883,6.72
1983-11-18 08:39:36,19.3425,-155.4023,13.06,1.99,14.9149,1,1884,6.72,1884,6.72,1884,6.72
1983-11-18 08:42:20,19.4222,-155.502,10.92,1.88,22.5467,1,1885,6.72,1885,6.72,1885,6.72
1983-11-18 09:12:46,19.359,-155.3672,10.34,1.75,10.8759,1,1886,6.72,1886,6.72,1886,6.72
1983-11-18 09:20:31,19.4243,-155.3297,8.83,1.73,4.4926,1,1887,6.72,1887,6.72,1887,6.72
1983-11-18 09:25:02,19.463,-155.411,8.65,1.6,13.815,1,1888,6.72,1888,6.72,1888,6.72
1983-11-18 09:25:31,19.4688,-155.4193,0.62,1.77,14.8552,1,1889,6.72,1889,6.72,1889,6.72
1983-11-18 09:28:02,19.4647,-155.4363,8.05,1.79,16.3913,1,1890,6.72,1890,6.72,1890,6.72
1983-11-18 09:30:40,19.4713,-155.3535,2.02,3.72,8.9385,1,1891,6.72,1891,6.72,1891,6.72
1983-11-18 09:40:00,19.4457,-155.4598,8.69,2.04,18.3265,1,1892,6.72,1892,6.72,1892,6.72
1983-11-18 09:43:11,19.314,-155.2193,3.94,1.75,13.8564,1,1893,6.72,1893,6.72,1893,6.72
1983-11-18 09:48:19,19.45,-155.4852,9.94,2.0,21.0314,1,1894,6.72,1894,6.72,1894,6.72
1983-11-18 10:11:26,19.4455,-155.4102,9.6,1.94,13.2026,1,1895,6.72,1895,6.72,1895,6.72
1983-11-18 10:14:43,19.3402,-155.4012,13.61,1.77,14.9736,1,1896,6.72,1896,6.72,1896,6.72
1983-11-18 10:22:51,19.386,-155.4238,10.73,1.92,14.8657,1,1897,6.72,1897,6.72,1897,6.72
1983-11-18 10:46:05,19.3698,-155.4407,10.86,2.1,17.0962,1,1898,6.72,1898,6.72,1898,6.72
1983-11-18 10:49:54,19.4005,-155.4423,10.87,2.54,16.4455,1,1899,6.72,1899,6.72,1899,6.72
1983-11-18 10:59:42,19.3175,-155.2232,7.92,2.22,13.3133,1,1900,6.72,1900,6.72,1900,6.72
1983-11-18 11:23:13,19.4203,-155.3408,8.17,1.94,5.6422,1,1901,6.72,1901,6.72,1901,6.72
1983-11-18 11:28:17,19.47,-155.4352,11.12,2.18,16.4664,1,1902,6.72,1902,6.72,1902,6.72
1983-11-18 11:30:45,19.4487,-155.3932,8.61,1.87,11.5539,1,1903,6.72,1903,6.72,1903,6.72
1983-11-18 11:33:35,19.3502,-155.4937,5.96,3.01,23.0657,1,1904,6.72,1904,6.72,1904,6.72
1983-11-18 11:56:24,19.4138,-155.3325,5.66,1.71,4.838,1,1905,6.72,1905,6.72,1905,6.72
1983-11-18 12:12:34,19.4135,-155.3325,5.61,1.6,4.8437,1,1906,6.72,1906,6.72,1906,6.72
1983-11-18 12:20:13,19.3682,-155.368,10.48,2.64,10.3267,1,1907,6.72,1907,6.72,1907,6.72
1983-11-18 12:31:02,19.3918,-155.353,11.28,2.07,7.6453,1,1908,6.72,1908,6.72,1908,6.72
1983-11-18 12:35:30,19.452,-155.4813,9.65,1.56,20.6632,1,1909,6.72,1909,6.72,1909,6.72
1983-11-18 12:46:22,19.4138,-155.359,11.47,1.61,7.5927,1,1910,6.72,1910,6.72,1910,6.72
1983-11-18 13:01:55,19.4235,-155.3292,3.81,3.24,4.4339,1,1911,6.72,1911,6.72,1911,6.72
1983-11-18 13:11:59,19.4157,-155.3273,3.15,1.73,4.2669,1,1912,6.72,1912,6.72,1912,6.72
1983-11-18 14:42:25,19.4205,-155.3408,8.85,2.15,5.6419,1,1913,6.72,1913,6.72,1913,6.72
1983-11-18 15:29:07,19.3697,-155.4013,12.52,1.97,13.276,1,1914,6.72,1914,6.72,1914,6.72
1983-11-18 15:35:31,19.4107,-155.5047,10.83,1.64,22.8589,1,1915,6.72,1915,6.72,1915,6.72
1983-11-18 15:49:58,19.4748,-155.4537,3.46,1.52,18.4738,1,1916,6.72,1916,6.72,1916,6.72
1983-11-18 16:51:05,19.4165,-155.3653,11.06,2.51,8.2262,1,1917,6.72,1917,6.72,1917,6.72
1983-11-18 17:04:14,19.4178,-155.3513,8.59,1.68,6.7522,1,1918,6.72,1918,6.72,1918,6.72
1983-11-18 17:04:45,19.4692,-155.4205,7.64,1.68,14.9886,1,1919,6.72,1919,6.72,1919,6.72
1983-11-18 17:05:25,19.387,-155.4302,9.79,1.98,15.4869,1,1920,6.72,1920,6.72,1920,6.72
1983-11-18 17:07:06,19.4598,-155.4175,8.26,1.62,14.3474,1,1921,6.72,1921,6.72,1921,6.72
1983-11-18 17:34:16,19.3757,-155.4645,10.18,1.71,19.2858,1,1922,6.72,1922,6.72,1922,6.72
1983-11-18 18:32:49,19.4152,-155.335,8.02,1.56,5.0746,1,1923,6.72,1923,6.72,1923,6.72
1983-11-18 18:50:35,19.4337,-155.4957,8.52,1.81,21.9303,1,1924,6.72,1924,6.72,1924,6.72
1983-11-18 19:31:20,19.1612,-155.3398,4.48,2.23,29.415,1,1925,6.72,1925,6.72,1925,6.72
1983-11-18 19:51:34,19.3865,-155.4503,9.92,2.29,17.5509,1,1926,6.72,1926,6.72,1926,6.72
1983-11-18 19:54:38,19.432,-155.3322,3.82,2.14,4.8949,1,1927,6.72,1927,6.72,1927,6.72
1983-11-18 19:58:06,19.3655,-155.44,12.18,2.4,17.193,1,1928,6.72,1928,6.72,1928,6.72
1983-11-18 19:58:32,19.3613,-155.4392,9.66,2.53,17.2888,1,1929,6.72,1929,6.72,1929,6.72
1983-11-18 20:23:00,19.232,-155.3882,5.98,2.29,23.546,1,1930,6.72,1930,6.72,1930,6.72
1983-11-18 20:36:46,19.2283,-155.382,6.27,2.12,23.6323,1,1931,6.72,1931,6.72,1931,6.72
1983-11-18 20:52:07,19.2997,-155.3965,8.18,1.52,17.7165,1,1932,6.72,1932,6.72,1932,6.72
1983-11-18 20:59:46,19.4867,-155.4143,1.46,1.85,15.2153,1,1933,6.72,1933,6.72,1933,6.72
1983-11-18 21:05:42,19.414,-155.3413,7.41,1.84,5.7471,1,1934,6.72,1934,6.72,1934,6.72
1983-11-18 21:27:07,19.4752,-155.4172,0.13,1.95,14.9225,1,1935,6.72,1935,6.72,1935,6.72
1983-11-18 22:20:24,19.4325,-155.362,10.63,1.76,7.9678,1,1936,6.72,1936,6.72,1936,6.72
1983-11-18 22:32:09,19.3275,-155.45,10.09,1.59,20.0109,1,1937,6.72,1937,6.72,1937,6.72
1983-11-18 22:45:11,19.4752,-155.4765,3.48,2.1,20.7628,1,1938,6.72,1938,6.72,1938,6.72
1983-11-18 23:26:01,19.4568,-155.4585,7.73,1.96,18.418,1,1939,6.72,1939,6.72,1939,6.72
1983-11-19 00:32:34,19.447,-155.3902,10.48,2.01,11.2008,1,1940,6.72,1940,6.72,1940,6.72
1983-11-19 01:02:17,19.4783,-155.4265,6.26,1.71,15.9538,1,1941,6.72,1941,6.72,1941,6.72
1983-11-19 01:15:47,19.4785,-155.437,3.0,2.07,16.9771,1,1942,6.72,1942,6.72,1942,6.72
1983-11-19 01:29:35,19.483,-155.4238,4.72,1.57,15.9138,1,1943,6.72,1943,6.72,1943,6.72
1983-11-19 01:33:26,19.3817,-155.4307,9.51,1.52,15.6918,1,1944,6.72,1944,6.72,1944,6.72
1983-11-19 02:07:46,19.4355,-155.483,8.53,1.67,20.6161,1,1945,6.72,1945,6.72,1945,6.72
1983-11-19 02:24:21,19.498,-155.4443,1.58,2.93,18.5817,1,1946,6.72,1946,6.72,1946,6.72
1983-11-19 02:30:06,19.47,-155.4412,10.42,2.73,17.0613,1,1947,6.72,1947,6.72,1947,6.72
1983-11-19 02:35:43,19.4528,-155.4563,7.55,2.0,18.1009,1,1948,6.72,1948,6.72,1948,6.72
1983-11-19 02:43:03,19.4482,-155.433,8.68,2.09,15.6051,1,1949,6.72,1949,6.72,1949,6.72
1983-11-19 03:11:07,19.3828,-155.4288,9.51,1.97,15.4665,1,1950,6.72,1950,6.72,1950,6.72
1983-11-19 03:20:08,19.4605,-155.437,7.89,2.04,16.3298,1,1951,6.72,1951,6.72,1951,6.72
1983-11-19 04:00:30,19.371,-155.4555,9.56,1.95,18.5266,1,1952,6.72,1952,6.72,1952,6.72
1983-11-19 04:01:40,19.4125,-155.338,8.12,1.68,5.431,1,1953,6.72,1953,6.72,1953,6.72
1983-11-19 04:13:34,19.5227,-155.4705,2.86,1.86,22.3147,1,1954,6.72,1954,6.72,1954,6.72
1983-11-19 04:17:33,19.4622,-155.5,9.38,1.61,22.7988,1,1955,6.72,1955,6.72,1955,6.72
1983-11-19 04:42:14,19.2155,-155.3407,0.02,1.69,23.535,1,1956,6.72,1956,6.72,1956,6.72
1983-11-19 05:19:25,19.4448,-155.48,8.75,2.44,20.4101,1,1957,6.72,1957,6.72,1957,6.72
1983-11-19 05:38:15,19.4658,-155.4462,5.67,1.63,17.4199,1,1958,6.72,1958,6.72,1958,6.72
1983-11-19 05:49:10,19.3907,-155.4385,10.33,1.67,16.242,1,1959,6.72,1959,6.72,1959,6.72
1983-11-19 05:58:10,19.3337,-155.4788,10.16,1.91,22.3383,1,1960,6.72,1960,6.72,1960,6.72
1983-11-19 06:24:15,19.4595,-155.467,9.46,1.65,19.3532,1,1961,6.72,1961,6.72,1961,6.72
1983-11-19 06:25:25,19.446,-155.4565,8.69,1.84,17.9896,1,1962,6.72,1962,6.72,1962,6.72
1983-11-19 06:29:43,19.3767,-155.3987,12.45,2.14,12.7086,1,1963,6.72,1963,6.72,1963,6.72
1983-11-19 06:38:06,19.4125,-155.3285,7.51,1.86,4.4533,1,1964,6.72,1964,6.72,1964,6.72
1983-11-19 06:47:14,19.4027,-155.4273,10.81,1.89,14.8536,1,1965,6.72,1965,6.72,1965,6.72
1983-11-19 07:17:12,19.4265,-155.3588,12.33,2.0,7.5539,1,1966,6.72,1966,6.72,1966,6.72
1983-11-19 07:18:45,19.2453,-155.2952,8.66,2.34,19.5558,1,1967,6.72,1967,6.72,1967,6.72
1983-11-19 07:19:54,19.4183,-155.5178,10.67,1.79,24.2053,1,1968,6.72,1968,6.72,1968,6.72
1983-11-19 07:53:41,19.4572,-155.418,10.15,1.57,14.3136,1,1969,6.72,1969,6.72,1969,6.72
1983-11-19 08:04:41,19.4023,-155.4543,9.7,1.77,17.6679,1,1970,6.72,1970,6.72,1970,6.72
1983-11-19 08:09:01,19.3527,-155.4742,9.45,2.11,21.0527,1,1971,6.72,1971,6.72,1971,6.72
1983-11-19 08:16:46,19.4215,-155.5002,9.53,2.15,22.3576,1,1972,6.72,1972,6.72,1972,6.72
1983-11-19 08:17:41,19.449,-155.4892,8.85,1.95,21.4296,1,1973,6.72,1973,6.72,1973,6.72
1983-11-19 08:26:38,19.4355,-155.4633,9.89,1.68,18.5573,1,1974,6.72,1974,6.72,1974,6.72
1983-11-19 08:28:12,19.4383,-155.3953,10.01,1.54,11.5181,1,1975,6.72,1975,6.72,1975,6.72
1983-11-19 08:42:11,19.253,-155.297,5.88,1.88,18.7101,1,1976,6.72,1976,6.72,1976,6.72
1983-11-19 08:46:22,19.1908,-155.3753,7.22,2.14,27.2226,1,1977,6.72,1977,6.72,1977,6.72
1983-11-19 08:50:17,19.4505,-155.4538,8.9,2.11,17.7951,1,1978,6.72,1978,6.72,1978,6.72
1983-11-19 08:51:15,19.4577,-155.4535,8.33,1.68,17.9289,1,1979,6.72,1979,6.72,1979,6.72
1983-11-19 08:56:07,19.3572,-155.3685,9.22,1.76,11.1085,1,1980,6.72,1980,6.72,1980,6.72
1983-11-19 09:15:43,19.3605,-155.3672,10.43,1.87,10.7709,1,1981,6.72,1981,6.72,1981,6.72
1983-11-19 09:31:35,19.4205,-155.3397,8.62,1.83,5.5266,1,1982,6.72,1982,6.72,1982,6.72
1983-11-19 09:53:48,19.2997,-155.2617,7.31,2.12,13.7466,1,1983,6.72,1983,6.72,1983,6.72
1983-11-19 10:03:47,19.5388,-155.4512,4.04,1.63,21.6301,1,1984,6.72,1984,6.72,1984,6.72
1983-11-19 10:25:02,19.4163,-155.3545,12.27,2.0,7.0977,1,1985,6.72,1985,6.72,1985,6.72
1983-11-19 10:42:22,19.4172,-155.3583,10.85,1.94,7.4888,1,1986,6.72,1986,6.72,1986,6.72
1983-11-19 10:58:46,19.4353,-155.3672,7.9,1.55,8.5588,1,1987,6.72,1987,6.72,1987,6.72
1983-11-19 11:02:23,19.4645,-155.4283,9.11,1.73,15.5852,1,1988,6.72,1988,6.72,1988,6.72
1983-11-19 11:04:15,19.4617,-155.45,6.88,2.46,17.6801,1,1989,6.72,1989,6.72,1989,6.72
1983-11-19 11:12:03,19.3748,-155.4103,13.9,2.07,13.9148,1,1990,6.72,1990,6.72,1990,6.72
1983-11-19 11:18:59,19.4182,-155.3588,10.99,1.58,7.5357,1,1991,6.72,1991,6.72,1991,6.72
1983-11-19 11:35:07,19.4475,-155.4455,8.46,1.78,16.8792,1,1992,6.72,1992,6.72,1992,6.72
1983-11-19 11:37:52,19.2892,-155.259,10.8,4.27,14.947,1,1993,6.72,1993,6.72,1993,6.72
1983-11-19 11:48:06,19.4158,-155.3347,8.42,2.06,5.0353,1,1994,6.72,1994,6.72,1994,6.72
1983-11-19 11:48:56,19.3797,-155.4295,10.22,1.88,15.635,1,1995,6.72,1995,6.72,1995,6.72
1983-11-19 11:58:50,19.3768,-155.4413,10.43,1.75,16.9129,1,1996,6.72,1996,6.72,1996,6.72
1983-11-19 12:01:29,19.385,-155.4502,11.25,1.91,17.5779,1,1997,6.72,1997,6.72,1997,6.72
1983-11-19 12:11:23,19.469,-155.4552,5.01,1.91,18.4259,1,1998,6.72,1998,6.72,1998,6.72
1983-11-19 12:13:45,19.3428,-155.0513,5.36,1.92,26.2081,1,1999,6.72,1999,6.72,1999,6.72
1983-11-19 12:27:35,19.4587,-155.3993,8.51,2.52,12.499,1,2000,6.72,2000,6.72,2000,6.72
1983-11-19 12:34:35,19.4182,-155.5018,8.04,2.4,22.5277,1,2001,6.72,2001,6.72,2001,6.72
1983-11-19 13:29:37,19.3045,-155.2653,8.6,2.34,13.1527,1,2002,6.72,2002,6.72,2002,6.72
1983-11-19 13:54:09,19.3012,-155.2653,6.42,2.07,13.5143,1,2003,6.72,2003,6.72,2003,6.72
1983-11-19 14:20:14,19.39,-155.4338,10.86,1.67,15.777,1,2004,6.72,2004,6.72,2004,6.72
1983-11-19 15:38:51,19.3072,-155.2648,9.34,2.24,12.8665,1,2005,6.72,2005,6.72,2005,6.72
1983-11-19 16:13:22,19.388,-155.4307,9.86,1.64,15.5111,1,2006,6.72,2006,6.72,2006,6.72
1983-11-19 16:22:00,19.4745,-155.4308,6.86,2.89,16.2085,1,2007,6.72,2007,6.72,2007,6.72
1983-11-19 16:32:37,19.487,-155.4338,9.24,3.02,17.0514,1,2008,6.72,2008,6.72,2008,6.72
1983-11-19 16:36:20,19.379,-155.5005,9.28,2.01,22.8738,1,2009,6.72,2009,6.72,2009,6.72
1983-11-19 16:57:53,19.451,-155.4432,5.29,1.8,16.7149,1,2010,6.72,2010,6.72,2010,6.72
1983-11-19 17:04:16,19.3838,-155.4262,9.25,1.75,15.1737,1,2011,6.72,2011,6.72,2011,6.72
1983-11-19 17:28:23,19.4328,-155.4698,6.46,2.72,19.2138,1,2012,6.72,2012,6.72,2012,6.72
1983-11-19 17:42:26,19.4448,-155.3813,9.01,2.74,10.2361,1,2013,6.72,2013,6.72,2013,6.72
1983-11-19 18:37:17,19.4252,-155.3458,10.74,1.67,6.1836,1,2014,6.72,2014,6.72,2014,6.72
1983-11-19 18:45:06,19.5373,-155.4487,3.2,1.97,21.3206,1,2015,6.72,2015,6.72,2015,6.72
1983-11-19 19:08:11,19.5343,-155.4565,3.88,2.01,21.7818,1,2016,6.72,2016,6.72,2016,6.72
1983-11-19 19:17:10,19.4285,-155.3553,10.48,1.98,7.2104,1,2017,6.72,2017,6.72,2017,6.72
1983-11-19 19:18:35,19.4172,-155.5005,10.31,3.18,22.3933,1,2018,6.72,2018,6.72,2018,6.72
1983-11-19 19:22:05,19.4385,-155.4935,9.93,1.9,21.7411,1,2019,6.72,2019,6.72,2019,6.72
1983-11-19 19:30:44,19.2463,-155.2943,0.97,1.72,19.4408,1,2020,6.72,2020,6.72,2020,6.72
1983-11-19 19:35:25,19.454,-155.4945,10.7,2.97,22.0649,1,2021,6.72,2021,6.72,2021,6.72
1983-11-19 19:47:08,19.4588,-155.4172,9.66,2.38,14.2844,1,2022,6.72,2022,6.72,2022,6.72
1983-11-19 19:51:21,19.3775,-155.3455,11.43,2.15,7.8127,1,2023,6.72,2023,6.72,2023,6.72
1983-11-19 21:21:12,19.4677,-155.4483,3.42,1.8,17.6918,1,2024,6.72,2024,6.72,2024,6.72
1983-11-19 21:26:54,19.4102,-155.4815,9.11,1.99,20.4326,1,2025,6.72,2025,6.72,2025,6.72
1983-11-19 21:30:32,19.4185,-155.357,11.77,2.98,7.3458,1,2026,6.72,2026,6.72,2026,6.72
1983-11-19 22:51:50,19.4363,-155.2857,16.13,2.04,1.7068,1,2027,6.72,2027,6.72,2027,6.72
1983-11-19 23:43:40,19.4592,-155.4242,10.02,2.04,14.9999,1,2028,6.72,2028,6.72,2028,6.72
1983-11-19 23:49:18,19.4632,-155.443,5.1,1.74,17.0168,1,2029,6.72,2029,6.72,2029,6.72
1983-11-19 23:58:00,19.4553,-155.4275,6.22,2.14,15.2178,1,2030,6.72,2030,6.72,2030,6.72
1983-11-20 00:01:20,19.4338,-155.3587,10.6,2.09,7.652,1,2031,6.72,2031,6.72,2031,6.72
1983-11-20 00:07:59,19.447,-155.4848,10.86,2.21,20.9415,1,2032,6.72,2032,6.72,2032,6.72
1983-11-20 00:13:57,19.3932,-155.4432,11.11,1.58,16.6706,1,2033,6.72,2033,6.72,2033,6.72
1983-11-20 00:59:23,19.4288,-155.3502,10.72,1.9,6.6837,1,2034,6.72,2034,6.72,2034,6.72
1983-11-20 01:10:33,19.3663,-155.4422,9.36,2.08,17.3772,1,2035,6.72,2035,6.72,2035,6.72
1983-11-20 01:33:42,19.4538,-155.4955,10.76,2.37,22.1646,1,2036,6.72,2036,6.72,2036,6.72
1983-11-20 01:34:22,19.397,-155.426,9.86,1.95,14.8197,1,2037,6.72,2037,6.72,2037,6.72
1983-11-20 01:40:16,19.343,-155.4082,12.93,1.73,15.3896,1,2038,6.72,2038,6.72,2038,6.72
1983-11-20 02:29:16,19.4597,-155.39,1.58,2.16,11.6256,1,2039,6.72,2039,6.72,2039,6.72
1983-11-20 02:57:18,19.4007,-155.4505,15.87,1.61,17.2947,1,2040,6.72,2040,6.72,2040,6.72
1983-11-20 03:09:23,19.4373,-155.3527,10.5,2.0,7.1237,1,2041,6.72,2041,6.72,2041,6.72
1983-11-20 04:17:00,19.4552,-155.4283,9.15,1.84,15.2963,1,2042,6.72,2042,6.72,2042,6.72
1983-11-20 04:27:24,19.3872,-155.4432,10.05,2.16,16.8074,1,2043,6.72,2043,6.72,2043,6.72
1983-11-20 04:51:32,19.448,-155.3895,9.59,1.55,11.1593,1,2044,6.72,2044,6.72,2044,6.72
1983-11-20 05:51:20,19.4397,-155.4892,10.38,2.15,21.3045,1,2045,6.72,2045,6.72,2045,6.72
1983-11-20 06:25:16,19.3987,-155.4937,9.16,1.69,21.8188,1,2046,6.72,2046,6.72,2046,6.72
1983-11-20 06:26:15,19.366,-155.4768,4.96,1.79,20.8253,1,2047,6.72,2047,6.72,2047,6.72
1983-11-20 06:27:43,19.2763,-155.4627,8.65,1.81,24.4677,1,2048,6.72,2048,6.72,2048,6.72
1983-11-20 06:34:19,19.4637,-155.4123,7.65,2.28,13.9696,1,2049,6.72,2049,6.72,2049,6.72
1983-11-20 07:21:44,19.4118,-155.479,8.57,2.69,20.1609,1,2050,6.72,2050,6.72,2050,6.72
1983-11-20 07:33:07,19.414,-155.3212,5.02,1.57,3.6698,1,2051,6.72,2051,6.72,2051,6.72
1983-11-20 07:38:33,19.4673,-155.4375,9.51,2.45,16.5987,1,2052,6.72,2052,6.72,2052,6.72
1983-11-20 07:46:53,19.4287,-155.363,5.32,1.57,8.0154,1,2053,6.72,2053,6.72,2053,6.72
1983-11-20 09:28:25,19.3772,-155.3473,9.89,2.0,7.9821,1,2054,6.72,2054,6.72,2054,6.72
1983-11-20 10:33:35,19.4302,-155.4923,9.7,1.99,21.5528,1,2055,6.72,2055,6.72,2055,6.72
1983-11-20 12:15:36,19.4127,-155.363,9.96,1.89,8.0232,1,2056,6.72,2056,6.72,2056,6.72
1983-11-20 12:42:59,19.443,-155.3835,9.03,1.75,10.4103,1,2057,6.72,2057,6.72,2057,6.72
1983-11-20 13:01:52,19.332,-155.185,6.66,1.94,14.5747,1,2058,6.72,2058,6.72,2058,6.72
1983-11-20 13:15:42,19.367,-155.4078,12.26,1.86,14.0207,1,2059,6.72,2059,6.72,2059,6.72
1983-11-20 13:30:24,19.368,-155.4775,5.21,2.64,20.8313,1,2060,6.72,2060,6.72,2060,6.72
1983-11-20 13:55:59,19.376,-155.3493,10.34,1.61,8.2298,1,2061,6.72,2061,6.72,2061,6.72
1983-11-20 13:56:43,19.3725,-155.473,6.47,3.26,20.2398,1,2062,6.72,2062,6.72,2062,6.72
1983-11-20 14:14:31,19.3727,-155.354,9.96,1.92,8.8443,1,2063,6.72,2063,6.72,2063,6.72
1983-11-20 14:32:29,19.399,-155.4463,10.5,1.97,16.8845,1,2064,6.72,2064,6.72,2064,6.72
1983-11-20 14:33:17,19.323,-155.1847,8.98,1.89,15.2941,1,2065,6.72,2065,6.72,2065,6.72
1983-11-20 14:43:19,19.4383,-155.4892,9.73,1.98,21.29,1,2066,6.72,2066,6.72,2066,6.72
1983-11-20 15:06:30,19.3568,-155.0562,6.45,1.84,25.2392,1,2067,6.72,2067,6.72,2067,6.72
1983-11-20 15:48:02,19.457,-155.4452,5.27,2.64,17.0642,1,2068,6.72,2068,6.72,2068,6.72
1983-11-20 16:03:04,19.3798,-155.434,10.57,2.9,16.0835,1,2069,6.72,2069,6.72,2069,6.72
1983-11-20 16:14:03,19.3545,-155.3742,10.67,2.13,11.7613,1,2070,6.72,2070,6.72,2070,6.72
1983-11-20 16:30:05,19.4592,-155.4173,9.41,2.44,14.3075,1,2071,6.72,2071,6.72,2071,6.72
1983-11-20 16:33:38,19.4178,-155.36,11.28,1.94,7.6634,1,2072,6.72,2072,6.72,2072,6.72
1983-11-20 17:14:54,19.4643,-155.4515,8.87,1.93,17.9076,1,2073,6.72,2073,6.72,2073,6.72
1983-11-20 17:46:08,19.4747,-155.4478,7.39,2.78,17.8859,1,2074,6.72,2074,6.72,2074,6.72
1983-11-20 18:53:17,19.4372,-155.4945,9.37,1.9,21.8332,1,2075,6.72,2075,6.72,2075,6.72
1983-11-20 19:01:51,19.4142,-155.36,10.23,1.93,7.6925,1,2076,6.72,2076,6.72,2076,6.72
1983-11-20 19:33:36,19.2058,-155.379,1.66,1.65,25.8031,1,2077,6.72,2077,6.72,2077,6.72
1983-11-20 19:34:47,19.3695,-155.501,7.65,1.73,23.164,1,2078,6.72,2078,6.72,2078,6.72
1983-11-20 20:08:28,19.3773,-155.4715,9.25,2.63,19.9513,1,2079,6.72,2079,6.72,2079,6.72
1983-11-20 20:19:30,19.3827,-155.4432,10.15,1.57,16.9265,1,2080,6.72,2080,6.72,2080,6.72
1983-11-20 20:30:48,19.4273,-155.3338,8.79,2.09,4.9572,1,2081,6.72,2081,6.72,2081,6.72
1983-11-20 21:32:37,19.4768,-155.4438,9.78,1.86,17.5721,1,2082,6.72,2082,6.72,2082,6.72
1983-11-20 21:33:54,19.366,-155.0307,7.28,2.16,27.5694,1,2083,6.72,2083,6.72,2083,6.72
1983-11-20 21:59:48,19.2967,-155.3482,7.75,1.67,15.2398,1,2084,6.72,2084,6.72,2084,6.72
1983-11-20 22:17:42,19.4232,-155.3313,7.76,1.85,4.6518,1,2085,6.72,2085,6.72,2085,6.72
1983-11-20 22:33:12,19.3575,-155.3728,10.06,1.7,11.4385,1,2086,6.72,2086,6.72,2086,6.72
1983-11-20 23:00:24,19.4107,-155.4183,8.01,1.7,13.8169,1,2087,6.72,2087,6.72,2087,6.72
1983-11-20 23:25:43,19.402,-155.4548,9.56,2.04,17.724,1,2088,6.72,2088,6.72,2088,6.72
1983-11-20 23:38:46,19.278,-155.2555,5.28,1.91,16.2407,1,2089,6.72,2089,6.72,2089,6.72
1983-11-20 23:42:23,19.3078,-155.232,5.4,1.51,13.8467,1,2090,6.72,2090,6.72,2090,6.72
1983-11-21 00:12:05,19.4288,-155.4893,9.23,2.16,21.2317,1,2091,6.72,2091,6.72,2091,6.72
1983-11-21 00:32:33,19.4572,-155.4502,5.5,1.75,17.5793,1,2092,6.72,2092,6.72,2092,6.72
1983-11-21 00:41:13,19.419,-155.4982,8.59,2.08,22.1491,1,2093,6.72,2093,6.72,2093,6.72
1983-11-21 01:44:42,19.3572,-155.044,7.4,1.94,26.4571,1,2094,6.72,2094,6.72,2094,6.72
1983-11-21 02:14:35,19.4007,-155.4298,10.61,1.89,15.145,1,2095,6.72,2095,6.72,2095,6.72
1983-11-21 02:26:23,19.4233,-155.3538,8.68,1.72,7.0095,1,2096,6.72,2096,6.72,2096,6.72
1983-11-21 02:31:31,19.4543,-155.4913,10.74,1.61,21.7397,1,2097,6.72,2097,6.72,2097,6.72
1983-11-21 02:36:25,19.4197,-155.372,10.53,1.83,8.9147,1,2098,6.72,2098,6.72,2098,6.72
1983-11-21 03:23:52,19.5292,-155.4428,24.34,1.63,20.2857,1,2099,6.72,2099,6.72,2099,6.72
1983-11-21 03:25:35,19.451,-155.455,5.23,1.51,17.929,1,2100,6.72,2100,6.72,2100,6.72
1983-11-21 05:19:15,19.3987,-155.4603,10.03,1.91,18.343,1,2101,6.72,2101,6.72,2101,6.72
1983-11-21 05:26:20,19.3768,-155.4998,8.79,1.6,22.8534,1,2102,6.72,2102,6.72,2102,6.72
1983-11-21 05:48:47,19.3172,-155.2168,4.99,1.63,13.6913,1,2103,6.72,2103,6.72,2103,6.72
1983-11-21 05:51:45,19.3823,-155.4295,10.41,2.59,15.5524,1,2104,6.72,2104,6.72,2104,6.72
1983-11-21 05:56:23,19.4112,-155.3572,10.44,1.89,7.4419,1,2105,6.72,2105,6.72,2105,6.72
1983-11-21 06:03:56,19.3895,-155.4442,9.91,1.86,16.8545,1,2106,6.72,2106,6.72,2106,6.72
1983-11-21 06:17:08,19.4625,-155.3968,9.04,1.79,12.4032,1,2107,6.72,2107,6.72,2107,6.72
1983-11-21 06:18:22,19.3712,-155.025,6.64,2.09,28.0323,1,2108,6.72,2108,6.72,2108,6.72
1983-11-21 06:21:32,19.378,-155.3455,8.43,1.78,7.7784,1,2109,6.72,2109,6.72,2109,6.72
1983-11-21 06:55:23,19.4123,-155.3595,10.4,1.77,7.6642,1,2110,6.72,2110,6.72,2110,6.72
1983-11-21 07:02:53,19.3843,-155.4375,10.25,1.78,16.3031,1,2111,6.72,2111,6.72,2111,6.72
1983-11-21 07:25:03,19.4557,-155.3915,10.35,1.93,11.6168,1,2112,6.72,2112,6.72,2112,6.72
1983-11-21 07:31:32,19.3727,-155.5015,8.69,1.51,23.1294,1,2113,6.72,2113,6.72,2113,6.72
1983-11-21 07:44:30,19.3873,-155.4388,10.07,1.67,16.3554,1,2114,6.72,2114,6.72,2114,6.72
1983-11-21 08:28:17,19.3668,-155.3488,8.13,1.68,8.8506,1,2115,6.72,2115,6.72,2115,6.72
1983-11-21 08:32:46,19.3893,-155.439,10.18,1.9,16.3263,1,2116,6.72,2116,6.72,2116,6.72
1983-11-21 09:12:23,19.36,-155.0467,7.97,1.81,26.1015,1,2117,6.72,2117,6.72,2117,6.72
1983-11-21 09:58:08,19.3187,-155.2185,4.66,1.61,13.4549,1,2118,6.72,2118,6.72,2118,6.72
1983-11-21 10:08:26,19.4643,-155.4273,7.65,1.64,15.4786,1,2119,6.72,2119,6.72,2119,6.72
1983-11-21 11:21:18,19.3862,-155.393,9.73,1.83,11.7711,1,2120,6.72,2120,6.72,2120,6.72
1983-11-21 12:55:27,19.4613,-155.4208,8.7,1.59,14.7276,1,2121,6.72,2121,6.72,2121,6.72
1983-11-21 13:34:00,19.4202,-155.3588,9.47,1.97,7.5298,1,2122,6.72,2122,6.72,2122,6.72
1983-11-21 13:48:54,19.3572,-155.3687,11.8,1.77,11.1246,1,2123,6.72,2123,6.72,2123,6.72
1983-11-21 14:11:34,19.4142,-155.4742,8.55,2.06,19.646,1,2124,6.72,2124,6.72,2124,6.72
1983-11-21 14:40:48,19.468,-155.4408,8.87,1.89,16.9518,1,2125,6.72,2125,6.72,2125,6.72
1983-11-21 14:50:31,19.3375,-155.1915,7.98,2.55,13.6587,1,2126,6.72,2126,6.72,2126,6.72
1983-11-21 15:05:21,19.457,-155.4305,5.56,1.61,15.57,1,2127,6.72,2127,6.72,2127,6.72
1983-11-21 15:34:10,19.4358,-155.483,9.18,1.63,20.6187,1,2128,6.72,2128,6.72,2128,6.72
1983-11-21 16:53:23,19.4213,-155.3543,9.02,1.89,7.0574,1,2129,6.72,2129,6.72,2129,6.72
1983-11-21 16:53:34,19.3443,-155.0727,4.24,2.33,24.0423,1,2130,6.72,2130,6.72,2130,6.72
1983-11-21 17:07:22,19.3815,-155.461,9.97,2.3,18.7701,1,2131,6.72,2131,6.72,2131,6.72
1983-11-21 18:18:54,19.3788,-155.3457,8.78,1.65,7.7407,1,2132,6.72,2132,6.72,2132,6.72
1983-11-21 20:09:29,19.352,-155.4778,9.99,1.74,21.4331,1,2133,6.72,2133,6.72,2133,6.72
1983-11-21 23:03:32,19.4003,-155.4405,10.13,1.87,16.2617,1,2134,6.72,2134,6.72,2134,6.72
1983-11-21 23:04:55,19.4532,-155.3805,9.85,2.83,10.4373,1,2135,6.72,2135,6.72,2135,6.72
1983-11-21 23:28:30,19.4255,-155.352,10.45,2.69,6.8344,1,2136,6.72,2136,6.72,2136,6.72
1983-11-21 23:59:10,19.36,-155.0403,7.61,2.15,26.7503,1,2137,6.72,2137,6.72,2137,6.72
1983-11-22 00:02:09,19.458,-155.4482,5.3,1.66,17.3961,1,2138,6.72,2138,6.72,2138,6.72
1983-11-22 00:48:46,19.3687,-155.4982,8.97,2.58,22.9021,1,2139,6.72,2139,6.72,2139,6.72
1983-11-22 01:24:42,19.468,-155.4402,9.81,1.93,16.892,1,2140,6.72,2140,6.72,2140,6.72
1983-11-22 02:04:03,19.3528,-155.493,5.56,1.8,22.8992,1,2141,6.72,2141,6.72,2141,6.72
1983-11-22 02:40:08,19.4298,-155.455,4.71,1.74,17.6442,1,2142,6.72,2142,6.72,2142,6.72
1983-11-22 02:42:03,19.4332,-155.494,8.88,1.99,21.7489,1,2143,6.72,2143,6.72,2143,6.72
1983-11-22 03:18:30,19.4153,-155.3197,5.36,1.51,3.487,1,2144,6.72,2144,6.72,2144,6.72
1983-11-22 03:20:58,19.4137,-155.3212,6.86,2.46,3.677,1,2145,6.72,2145,6.72,2145,6.72
1983-11-22 03:23:16,19.4557,-155.4143,7.44,1.62,13.8945,1,2146,6.72,2146,6.72,2146,6.72
1983-11-22 04:49:19,19.4408,-155.3802,7.4,1.99,10.0178,1,2147,6.72,2147,6.72,2147,6.72
1983-11-22 05:28:08,19.4535,-155.4418,6.56,2.52,16.6291,1,2148,6.72,2148,6.72,2148,6.72
1983-11-22 06:35:47,19.4482,-155.4378,3.62,1.65,16.0992,1,2149,6.72,2149,6.72,2149,6.72
1983-11-22 07:10:44,19.3978,-155.4465,9.87,2.02,16.9251,1,2150,6.72,2150,6.72,2150,6.72
1983-11-22 07:36:03,19.468,-155.4538,8.74,2.1,18.2534,1,2151,6.72,2151,6.72,2151,6.72
1983-11-22 08:20:33,19.3645,-155.4793,4.53,1.88,21.1252,1,2152,6.72,2152,6.72,2152,6.72
1983-11-22 09:41:55,19.4257,-155.5167,9.84,2.2,24.0932,1,2153,6.72,2153,6.72,2153,6.72
1983-11-22 10:10:18,19.386,-155.4422,10.63,2.6,16.7358,1,2154,6.72,2154,6.72,2154,6.72
1983-11-22 10:37:43,19.4843,-155.4507,4.04,1.77,18.5505,1,2155,6.72,2155,6.72,2155,6.72
1983-11-22 13:44:55,19.374,-155.4998,8.86,1.63,22.9226,1,2156,6.72,2156,6.72,2156,6.72
1983-11-22 14:39:16,19.3132,-155.2228,9.21,3.12,13.7493,1,2157,6.72,2157,6.72,2157,6.72
1983-11-22 15:12:08,19.3698,-155.0393,7.18,2.14,26.5966,1,2158,6.72,2158,6.72,2158,6.72
1983-11-22 15:50:39,19.4375,-155.3922,8.33,2.5,11.1828,1,2159,6.72,2159,6.72,2159,6.72
1983-11-22 20:19:33,19.3907,-155.4442,9.92,2.15,16.8273,1,2160,6.72,2160,6.72,2160,6.72
1983-11-22 20:39:26,19.4063,-155.5032,9.55,2.02,22.7321,1,2161,6.72,2161,6.72,2161,6.72
1983-11-22 21:28:36,19.4235,-155.4933,8.49,1.67,21.6356,1,2162,6.72,2162,6.72,2162,6.72
1983-11-23 03:09:48,19.3783,-155.4672,9.84,1.73,19.4867,1,2163,6.72,2163,6.72,2163,6.72
1983-11-23 03:26:13,19.418,-155.4638,8.35,1.56,18.5436,1,2164,6.72,2164,6.72,2164,6.72
1983-11-23 03:53:50,19.3462,-155.1832,7.79,1.97,13.7014,1,2165,6.72,2165,6.72,2165,6.72
1983-11-23 06:26:41,19.4197,-155.3522,8.88,1.87,6.8387,1,2166,6.72,2166,6.72,2166,6.72
1983-11-23 06:32:30,19.525,-155.4152,24.04,3.58,17.73,1,2167,6.72,2167,6.72,2167,6.72
1983-11-23 07:55:04,19.4742,-155.4625,3.03,2.53,19.3286,1,2168,6.72,2168,6.72,2168,6.72
1983-11-23 08:33:34,19.4332,-155.357,10.76,2.01,7.4645,1,2169,6.72,2169,6.72,2169,6.72
1983-11-23 09:37:51,19.4495,-155.4768,9.63,1.66,20.1527,1,2170,6.72,2170,6.72,2170,6.72
1983-11-23 10:04:02,19.4212,-155.3523,8.83,1.59,6.8476,1,2171,6.72,2171,6.72,2171,6.72
1983-11-23 10:34:49,19.4245,-155.4895,9.2,1.73,21.2388,1,2172,6.72,2172,6.72,2172,6.72
1983-11-23 10:38:46,19.4652,-155.4475,8.5,3.12,17.5318,1,2173,6.72,2173,6.72,2173,6.72
1983-11-23 12:04:37,19.461,-155.4132,9.88,1.55,13.96,1,2174,6.72,2174,6.72,2174,6.72
1983-11-23 12:20:52,19.4628,-155.4552,6.01,1.53,18.2385,1,2175,6.72,2175,6.72,2175,6.72
1983-11-23 12:33:41,19.3918,-155.4343,11.07,3.88,15.7857,1,2176,6.72,2176,6.72,2176,6.72
1983-11-23 12:50:18,19.429,-155.389,9.49,2.24,10.7329,1,2177,6.72,2177,6.72,2177,6.72
1983-11-23 13:04:17,19.3142,-155.2192,5.37,1.76,13.8426,1,2178,6.72,2178,6.72,2178,6.72
1983-11-23 13:34:24,19.4212,-155.356,9.21,1.85,7.2357,1,2179,6.72,2179,6.72,2179,6.72
1983-11-23 13:47:50,19.4637,-155.3973,9.04,1.68,12.5019,1,2180,6.72,2180,6.72,2180,6.72
1983-11-23 13:56:17,19.4137,-155.3355,5.2,1.67,5.1503,1,2181,6.72,2181,6.72,2181,6.72
1983-11-23 15:15:23,19.4277,-155.3623,9.87,2.07,7.9312,1,2182,6.72,2182,6.72,2182,6.72
1983-11-23 16:22:41,19.4137,-155.3413,7.67,2.73,5.7517,1,2183,6.72,2183,6.72,2183,6.72
1983-11-23 17:41:37,19.4285,-155.3597,10.64,2.42,7.6689,1,2184,6.72,2184,6.72,2184,6.72
1983-11-23 21:21:31,19.527,-155.4585,4.69,2.18,21.4979,1,2185,6.72,2185,6.72,2185,6.72
1983-11-23 21:39:36,19.3927,-155.4397,9.82,1.6,16.3207,1,2186,6.72,2186,6.72,2186,6.72
1983-11-23 22:05:14,19.3783,-155.5035,8.07,1.52,23.1977,1,2187,6.72,2187,6.72,2187,6.72
1983-11-23 22:24:11,19.534,-155.4487,3.1,2.04,21.1002,1,2188,6.72,2188,6.72,2188,6.72
1983-11-24 00:04:59,19.4248,-155.33,9.31,1.61,4.5288,1,2189,6.72,2189,6.72,2189,6.72
1983-11-24 00:08:09,19.4213,-155.3502,10.16,1.96,6.6275,1,2190,6.72,2190,6.72,2190,6.72
1983-11-24 02:41:30,19.4375,-155.4882,10.62,2.53,21.1777,1,2191,6.72,2191,6.72,2191,6.72
1983-11-24 03:10:00,19.3258,-155.2265,7.58,2.08,12.3425,1,2192,6.72,2192,6.72,2192,6.72
1983-11-24 04:05:29,19.3525,-155.0453,7.81,2.13,26.4717,1,2193,6.72,2193,6.72,2193,6.72
1983-11-24 05:05:14,19.3707,-155.4845,10.32,2.59,21.4562,1,2194,6.72,2194,6.72,2194,6.72
1983-11-24 05:10:28,19.4568,-155.4685,8.37,1.52,19.4431,1,2195,6.72,2195,6.72,2195,6.72
1983-11-24 06:20:34,19.4217,-155.352,8.84,1.89,6.8166,1,2196,6.72,2196,6.72,2196,6.72
1983-11-24 06:32:45,19.4637,-155.4572,2.93,2.09,18.4668,1,2197,6.72,2197,6.72,2197,6.72
1983-11-24 07:00:55,19.4108,-155.406,9.27,1.98,12.5308,1,2198,6.72,2198,6.72,2198,6.72
1983-11-24 07:45:00,19.3763,-155.443,10.08,1.69,17.0997,1,2199,6.72,2199,6.72,2199,6.72
1983-11-24 07:59:24,19.3782,-155.4145,13.24,1.94,14.1938,1,2200,6.72,2200,6.72,2200,6.72
1983-11-24 08:00:30,19.3043,-155.2275,7.15,1.58,14.3997,1,2201,6.72,2201,6.72,2201,6.72
1983-11-24 09:09:38,19.379,-155.441,9.41,1.7,16.8131,1,2202,6.72,2202,6.72,2202,6.72
1983-11-24 09:37:32,19.4555,-155.4245,8.07,1.91,14.9192,1,2203,6.72,2203,6.72,2203,6.72
1983-11-24 09:38:39,19.453,-155.428,7.24,1.79,15.2068,1,2204,6.72,2204,6.72,2204,6.72
1983-11-24 09:44:19,19.4553,-155.4578,5.95,2.32,18.3109,1,2205,6.72,2205,6.72,2205,6.72
1983-11-24 09:53:37,19.431,-155.332,1.94,2.02,4.8479,1,2206,6.72,2206,6.72,2206,6.72
1983-11-24 10:02:41,19.3783,-155.445,10.2,1.99,17.2378,1,2207,6.72,2207,6.72,2207,6.72
1983-11-24 10:11:25,19.4207,-155.3593,9.54,1.85,7.5818,1,2208,6.72,2208,6.72,2208,6.72
1983-11-24 10:11:57,19.4128,-155.3645,10.92,1.58,8.1782,1,2209,6.72,2209,6.72,2209,6.72
1983-11-24 12:29:20,19.4562,-155.4292,4.83,1.88,15.4155,1,2210,6.72,2210,6.72,2210,6.72
1983-11-24 12:42:16,19.4337,-155.4917,8.6,1.94,21.5118,1,2211,6.72,2211,6.72,2211,6.72
1983-11-24 12:50:15,19.3588,-155.5098,8.41,2.75,24.3708,1,2212,6.72,2212,6.72,2212,6.72
1983-11-24 13:34:40,19.3758,-155.5012,8.03,1.62,23.0209,1,2213,6.72,2213,6.72,2213,6.72
1983-11-24 13:57:31,19.387,-155.4478,9.09,1.64,17.2828,1,2214,6.72,2214,6.72,2214,6.72
1983-11-24 14:47:15,19.4877,-155.3947,9.14,2.73,13.5096,1,2215,6.72,2215,6.72,2215,6.72
1983-11-24 15:33:11,19.4655,-155.4225,8.64,2.71,15.0444,1,2216,6.72,2216,6.72,2216,6.72
1983-11-24 16:19:32,19.4272,-155.4825,7.93,1.79,20.5126,1,2217,6.72,2217,6.72,2217,6.72
1983-11-24 16:33:46,19.4582,-155.425,9.64,1.74,15.0495,1,2218,6.72,2218,6.72,2218,6.72
1983-11-24 18:38:15,19.357,-155.4973,9.85,1.66,23.1774,1,2219,6.72,2219,6.72,2219,6.72
1983-11-24 19:12:36,19.4633,-155.449,8.98,2.75,17.6253,1,2220,6.72,2220,6.72,2220,6.72
1983-11-24 19:21:14,19.4517,-155.3943,7.97,2.73,11.7575,1,2221,6.72,2221,6.72,2221,6.72
1983-11-24 20:22:33,19.367,-155.4438,10.19,1.97,17.5076,1,2222,6.72,2222,6.72,2222,6.72
1983-11-24 20:32:37,19.3745,-155.4493,9.14,1.7,17.7902,1,2223,6.72,2223,6.72,2223,6.72
1983-11-24 21:52:32,19.3342,-155.5123,7.58,1.8,25.5277,1,2224,6.72,2224,6.72,2224,6.72
1983-11-25 00:45:26,19.3705,-155.466,6.13,2.02,19.5958,1,2225,6.72,2225,6.72,2225,6.72
1983-11-25 00:56:16,19.455,-155.4742,8.96,1.78,19.9897,1,2226,6.72,2226,6.72,2226,6.72
1983-11-25 01:28:30,19.4792,-155.4355,9.5,1.77,16.8612,1,2227,6.72,2227,6.72,2227,6.72
1983-11-25 02:22:30,19.4833,-155.3728,12.23,1.61,11.354,1,2228,6.72,2228,6.72,2228,6.72
1983-11-25 02:42:05,19.4158,-155.5012,10.51,1.56,22.4703,1,2229,6.72,2229,6.72,2229,6.72
1983-11-25 02:43:39,19.3987,-155.4232,9.75,1.95,14.4974,1,2230,6.72,2230,6.72,2230,6.72
1983-11-25 05:29:31,19.4265,-155.3595,9.66,1.77,7.6271,1,2231,6.72,2231,6.72,2231,6.72
1983-11-25 05:49:58,19.4027,-155.441,9.66,1.96,16.278,1,2232,6.72,2232,6.72,2232,6.72
1983-11-25 06:48:54,19.399,-155.4412,9.4,1.71,16.3554,1,2233,6.72,2233,6.72,2233,6.72
1983-11-25 07:23:28,19.442,-155.3745,6.29,1.89,9.4676,1,2234,6.72,2234,6.72,2234,6.72
1983-11-25 08:26:17,19.4168,-155.5187,8.35,1.73,24.3024,1,2235,6.72,2235,6.72,2235,6.72
1983-11-25 08:55:08,19.3688,-155.4422,9.83,2.0,17.2817,1,2236,6.72,2236,6.72,2236,6.72
1983-11-25 08:57:29,19.365,-155.3607,11.81,1.66,9.9259,1,2237,6.72,2237,6.72,2237,6.72
1983-11-25 09:09:45,19.4308,-155.4873,7.93,1.85,21.0324,1,2238,6.72,2238,6.72,2238,6.72
1983-11-25 11:08:26,19.4247,-155.364,11.32,2.59,8.085,1,2239,6.72,2239,6.72,2239,6.72
1983-11-25 11:43:53,19.4352,-155.3547,11.15,1.92,7.2725,1,2240,6.72,2240,6.72,2240,6.72
1983-11-25 12:46:29,19.4937,-155.4615,1.19,2.16,20.0015,1,2241,6.72,2241,6.72,2241,6.72
1983-11-25 12:59:43,19.4845,-155.4618,5.89,2.92,19.6402,1,2242,6.72,2242,6.72,2242,6.72
1983-11-25 13:03:59,19.4282,-155.4663,7.77,2.0,18.8192,1,2243,6.72,2243,6.72,2243,6.72
1983-11-25 13:22:52,19.4852,-155.4593,4.11,2.6,19.4243,1,2244,6.72,2244,6.72,2244,6.72
1983-11-25 15:29:03,19.4733,-155.4187,9.2,1.88,14.9833,1,2245,6.72,2245,6.72,2245,6.72
1983-11-25 16:27:49,19.4235,-155.3525,10.32,1.7,6.8742,1,2246,6.72,2246,6.72,2246,6.72
1983-11-25 17:14:06,19.4282,-155.33,8.12,2.15,4.5795,1,2247,6.72,2247,6.72,2247,6.72
1983-11-25 19:09:56,19.489,-155.3905,8.5,1.62,13.2259,1,2248,6.72,2248,6.72,2248,6.72
1983-11-25 20:45:59,19.3703,-155.4588,9.79,2.14,18.8802,1,2249,6.72,2249,6.72,2249,6.72
1983-11-25 20:49:20,19.418,-155.3383,5.58,2.59,5.3898,1,2250,6.72,2250,6.72,2250,6.72
1983-11-25 23:14:29,19.334,-155.4733,9.76,1.6,21.8052,1,2251,6.72,2251,6.72,2251,6.72
1983-11-25 23:32:05,19.3878,-155.4555,10.59,1.66,18.0533,1,2252,6.72,2252,6.72,2252,6.72
1983-11-25 23:43:51,19.4593,-155.431,8.85,2.57,15.6881,1,2253,6.72,2253,6.72,2253,6.72
1983-11-26 01:13:08,19.3583,-155.0288,7.27,2.39,27.9654,1,2254,6.72,2254,6.72,2254,6.72
1983-11-26 01:30:45,19.3438,-155.4742,9.49,1.73,21.4301,1,2255,6.72,2255,6.72,2255,6.72
1983-11-26 04:08:29,19.4662,-155.4465,5.72,1.54,17.4628,1,2256,6.72,2256,6.72,2256,6.72
1983-11-26 07:43:44,19.469,-155.458,6.39,1.75,18.7071,1,2257,6.72,2257,6.72,2257,6.72
1983-11-26 08:13:32,19.3805,-155.3435,10.77,1.95,7.4426,1,2258,6.72,2258,6.72,2258,6.72
1983-11-26 11:08:03,19.311,-155.222,9.93,2.4,14.0038,1,2259,6.72,2259,6.72,2259,6.72
1983-11-26 11:14:18,19.4788,-155.4442,7.57,2.56,17.6908,1,2260,6.72,2260,6.72,2260,6.72
1983-11-26 11:29:12,19.365,-155.0332,8.43,2.27,27.3389,1,2261,6.72,2261,6.72,2261,6.72
1983-11-26 12:52:20,19.457,-155.4465,8.6,1.53,17.1967,1,2262,6.72,2262,6.72,2262,6.72
1983-11-26 13:41:26,19.3707,-155.5043,10.28,1.63,23.4673,1,2263,6.72,2263,6.72,2263,6.72
1983-11-26 14:58:39,19.3937,-155.4585,10.22,1.58,18.2405,1,2264,6.72,2264,6.72,2264,6.72
1983-11-26 15:16:55,19.3875,-155.3528,10.64,2.29,7.8419,1,2265,6.72,2265,6.72,2265,6.72
1983-11-26 15:25:21,19.3998,-155.4472,10.98,1.74,16.9652,1,2266,6.72,2266,6.72,2266,6.72
1983-11-26 15:45:55,19.3888,-155.439,11.12,1.7,16.3384,1,2267,6.72,2267,6.72,2267,6.72
1983-11-26 16:14:02,19.3777,-155.4457,11.12,2.09,17.3269,1,2268,6.72,2268,6.72,2268,6.72
1983-11-26 16:20:00,19.3862,-155.4447,10.64,1.73,16.9858,1,2269,6.72,2269,6.72,2269,6.72
1983-11-26 17:30:03,19.4227,-155.3315,8.67,1.9,4.6702,1,2270,6.72,2270,6.72,2270,6.72
1983-11-26 19:07:01,19.4502,-155.4427,9.01,1.97,16.646,1,2271,6.72,2271,6.72,2271,6.72
1983-11-26 19:34:55,19.3648,-155.505,9.86,1.87,23.7035,1,2272,6.72,2272,6.72,2272,6.72
1983-11-26 20:23:28,19.3643,-155.0927,7.64,1.77,21.3326,1,2273,6.72,2273,6.72,2273,6.72
1983-11-26 23:47:22,19.4332,-155.4847,10.19,1.98,20.7757,1,2274,6.72,2274,6.72,2274,6.72
1983-11-27 02:03:09,19.389,-155.3422,10.02,1.94,6.7951,1,2275,6.72,2275,6.72,2275,6.72
1983-11-27 02:17:46,19.3905,-155.4563,11.5,2.15,18.0765,1,2276,6.72,2276,6.72,2276,6.72
1983-11-27 03:08:53,19.4715,-155.4552,9.47,3.02,18.5082,1,2277,6.72,2277,6.72,2277,6.72
1983-11-27 04:41:46,19.4298,-155.3318,8.04,1.65,4.7985,1,2278,6.72,2278,6.72,2278,6.72
1983-11-27 06:06:21,19.3935,-155.4505,11.58,2.25,17.4176,1,2279,6.72,2279,6.72,2279,6.72
1983-11-27 06:59:14,19.2942,-155.3927,10.07,1.94,17.9374,1,2280,6.72,2280,6.72,2280,6.72
1983-11-27 07:44:38,19.3065,-155.2232,7.01,1.92,14.3839,1,2281,6.72,2281,6.72,2281,6.72
1983-11-27 08:02:37,19.4413,-155.4953,10.38,1.8,21.9587,1,2282,6.72,2282,6.72,2282,6.72
1983-11-27 09:17:44,19.489,-155.4993,2.47,2.79,23.5078,1,2283,6.72,2283,6.72,2283,6.72
1983-11-27 10:51:25,19.3603,-155.476,8.43,1.85,20.941,1,2284,6.72,2284,6.72,2284,6.72
1983-11-27 12:55:16,19.4123,-155.3633,10.4,1.89,8.0596,1,2285,6.72,2285,6.72,2285,6.72
1983-11-27 13:30:08,19.4092,-155.3595,10.87,1.72,7.7153,1,2286,6.72,2286,6.72,2286,6.72
1983-11-27 13:42:27,19.4205,-155.3638,10.23,1.63,8.0538,1,2287,6.72,2287,6.72,2287,6.72
1983-11-27 14:24:03,19.4408,-155.4903,8.62,1.67,21.4315,1,2288,6.72,2288,6.72,2288,6.72
1983-11-27 14:33:15,19.4182,-155.335,5.19,1.57,5.0431,1,2289,6.72,2289,6.72,2289,6.72
1983-11-27 14:34:35,19.4097,-155.4965,7.58,1.56,22.0062,1,2290,6.72,2290,6.72,2290,6.72
1983-11-27 14:36:43,19.379,-155.4338,9.7,1.55,16.089,1,2291,6.72,2291,6.72,2291,6.72
1983-11-27 16:10:45,19.3988,-155.286,15.81,1.87,2.4707,1,2292,6.72,2292,6.72,2292,6.72
1983-11-27 19:27:32,19.3573,-155.0498,8.97,3.93,25.8684,1,2293,6.72,2293,6.72,2293,6.72
1983-11-27 19:46:27,19.3517,-155.0463,7.87,2.59,26.3971,1,2294,6.72,2294,6.72,2294,6.72
1983-11-27 20:23:05,19.3555,-155.0433,8.1,1.52,26.5791,1,2295,6.72,2295,6.72,2295,6.72
1983-11-27 20:47:18,19.3627,-155.048,6.11,1.83,25.8929,1,2296,6.72,2296,6.72,2296,6.72
1983-11-27 20:55:54,19.385,-155.4525,9.62,1.99,17.8129,1,2297,6.72,2297,6.72,2297,6.72
1983-11-27 23:01:13,19.3607,-155.4023,13.74,3.28,13.8276,1,2298,6.72,2298,6.72,2298,6.72
1983-11-28 00:06:28,19.368,-155.4015,11.52,2.12,13.3772,1,2299,6.72,2299,6.72,2299,6.72
1983-11-28 01:20:42,19.3718,-155.4573,10.74,3.44,18.6805,1,2300,6.72,2300,6.72,2300,6.72
1983-11-28 01:24:20,19.3745,-155.3492,10.47,1.92,8.324,1,2301,6.72,2301,6.72,2301,6.72
1983-11-28 01:39:18,19.3717,-155.4582,9.68,3.05,18.774,1,2302,6.72,2302,6.72,2302,6.72
1983-11-28 03:50:12,19.3662,-155.4748,4.1,2.2,20.6182,1,2303,6.72,2303,6.72,2303,6.72
1983-11-28 05:11:18,19.376,-155.3502,9.51,1.8,8.3049,1,2304,6.72,2304,6.72,2304,6.72
1983-11-28 05:33:28,19.4867,-155.4572,6.99,3.66,19.2822,1,2305,6.72,2305,6.72,2305,6.72
1983-11-28 07:29:30,19.356,-155.5053,9.4,3.23,24.0106,1,2306,6.72,2306,6.72,2306,6.72
1983-11-28 12:20:50,19.4243,-155.3635,10.5,1.68,8.0304,1,2307,6.72,2307,6.72,2307,6.72
1983-11-28 12:29:43,19.4238,-155.3518,8.62,1.57,6.8022,1,2308,6.72,2308,6.72,2308,6.72
1983-11-28 13:14:05,19.3955,-155.4373,10.87,2.27,16.0156,1,2309,6.72,2309,6.72,2309,6.72
1983-11-28 14:11:34,19.3547,-155.3638,10.74,1.66,10.9195,1,2310,6.72,2310,6.72,2310,6.72
1983-11-28 17:12:08,19.3317,-155.1917,8.86,1.58,14.0903,1,2311,6.72,2311,6.72,2311,6.72
1983-11-28 17:22:29,19.4218,-155.3548,8.61,1.57,7.1103,1,2312,6.72,2312,6.72,2312,6.72
1983-11-28 17:48:26,19.4473,-155.3888,11.25,1.61,11.0678,1,2313,6.72,2313,6.72,2313,6.72
1983-11-28 18:00:34,19.4108,-155.3397,7.08,1.75,5.6416,1,2314,6.72,2314,6.72,2314,6.72
1983-11-28 18:06:06,19.3157,-155.2263,5.03,1.58,13.3283,1,2315,6.72,2315,6.72,2315,6.72
1983-11-28 18:07:44,19.3653,-155.0365,7.48,2.83,26.9943,1,2316,6.72,2316,6.72,2316,6.72
1983-11-28 18:22:20,19.429,-155.493,8.18,1.88,21.6203,1,2317,6.72,2317,6.72,2317,6.72
1983-11-28 20:56:43,19.4295,-155.4883,9.53,1.75,21.1303,1,2318,6.72,2318,6.72,2318,6.72
1983-11-28 21:13:00,19.443,-155.392,11.17,2.56,11.2786,1,2319,6.72,2319,6.72,2319,6.72
1983-11-29 02:27:10,19.3225,-155.2553,6.38,1.91,11.4464,1,2320,6.72,2320,6.72,2320,6.72
1983-11-29 03:45:02,19.3965,-155.4328,7.04,2.13,15.5314,1,2321,6.72,2321,6.72,2321,6.72
1983-11-29 07:19:24,19.4,-155.4267,7.53,1.56,14.8356,1,2322,6.72,2322,6.72,2322,6.72
1983-11-29 09:52:10,19.3758,-155.4483,10.11,1.57,17.6481,1,2323,6.72,2323,6.72,2323,6.72
1983-11-29 10:09:28,19.4248,-155.5157,10.05,1.83,23.9865,1,2324,6.72,2324,6.72,2324,6.72
1983-11-29 11:51:58,19.3055,-155.2145,3.37,1.68,14.9262,1,2325,6.72,2325,6.72,2325,6.72
1983-11-29 12:33:05,19.4142,-155.3613,10.18,1.75,7.8282,1,2326,6.72,2326,6.72,2326,6.72
1983-11-29 13:21:17,19.4288,-155.3628,10.43,1.6,7.9957,1,2327,6.72,2327,6.72,2327,6.72
1983-11-29 13:39:52,19.4245,-155.328,2.43,1.79,4.3169,1,2328,6.72,2328,6.72,2328,6.72
1983-11-29 16:00:21,19.357,-155.0422,7.06,1.54,26.6449,1,2329,6.72,2329,6.72,2329,6.72
1983-11-29 18:30:26,19.4298,-155.4615,7.57,1.95,18.3248,1,2330,6.72,2330,6.72,2330,6.72
1983-11-29 19:05:02,19.4187,-155.3507,10.1,2.18,6.6848,1,2331,6.72,2331,6.72,2331,6.72
1983-11-29 20:19:55,19.3752,-155.3875,14.13,3.75,11.7063,1,2332,6.72,2332,6.72,2332,6.72
1983-11-29 20:45:03,19.3603,-155.3622,8.15,1.87,10.381,1,2333,6.72,2333,6.72,2333,6.72
1983-11-29 21:08:41,19.4337,-155.4878,9.23,1.98,21.1037,1,2334,6.72,2334,6.72,2334,6.72
1983-11-30 00:45:50,19.3828,-155.4442,10.12,1.98,17.0253,1,2335,6.72,2335,6.72,2335,6.72
1983-11-30 01:43:12,19.3753,-155.3873,13.44,3.13,11.6825,1,2336,6.72,2336,6.72,2336,6.72
1983-11-30 04:36:20,19.3688,-155.5017,8.43,1.76,23.2545,1,2337,6.72,2337,6.72,2337,6.72
1983-11-30 05:19:03,19.4215,-155.3553,9.87,2.59,7.1624,1,2338,6.72,2338,6.72,2338,6.72
1983-11-30 07:31:51,19.3978,-155.4503,10.13,1.67,17.3191,1,2339,6.72,2339,6.72,2339,6.72
1983-11-30 07:38:15,19.3962,-155.4497,10.2,1.68,17.2844,1,2340,6.72,2340,6.72,2340,6.72
1983-11-30 08:35:29,19.3167,-155.214,4.73,1.65,13.8978,1,2341,6.72,2341,6.72,2341,6.72
1983-11-30 11:52:06,19.4503,-155.4338,3.69,2.08,15.734,1,2342,6.72,2342,6.72,2342,6.72
1983-11-30 12:27:23,19.3673,-155.0467,5.74,1.82,25.9019,1,2343,6.72,2343,6.72,2343,6.72
1983-11-30 15:15:56,19.4243,-155.3558,8.93,2.05,7.2239,1,2344,6.72,2344,6.72,2344,6.72
1983-12-01 01:59:51,19.4505,-155.3933,8.3,2.59,11.6189,1,2345,6.72,2345,6.72,2345,6.72
1983-12-01 02:38:45,19.3367,-155.2107,5.97,1.76,12.3258,1,2346,6.72,2346,6.72,2346,6.72
1983-12-01 03:20:07,19.463,-155.444,8.39,1.74,17.1115,1,2347,6.72,2347,6.72,2347,6.72
1983-12-01 03:25:25,19.4152,-155.3495,8.58,1.77,6.5857,1,2348,6.72,2348,6.72,2348,6.72
1983-12-01 06:06:58,19.386,-155.4247,10.29,1.52,14.9568,1,2349,6.72,2349,6.72,2349,6.72
1983-12-01 11:13:12,19.4255,-155.4727,5.15,1.82,19.4799,1,2350,6.72,2350,6.72,2350,6.72
1983-12-01 15:43:21,19.4272,-155.3905,8.81,2.59,10.8752,1,2351,6.72,2351,6.72,2351,6.72
1983-12-01 16:42:52,19.4168,-155.3563,10.58,1.71,7.2822,1,2352,6.72,2352,6.72,2352,6.72
1983-12-01 17:16:32,19.3977,-155.4488,10.8,1.98,17.1652,1,2353,6.72,2353,6.72,2353,6.72
1983-12-01 17:33:47,19.431,-155.402,8.0,2.2,12.1103,1,2354,6.72,2354,6.72,2354,6.72
1983-12-01 20:03:49,19.4255,-155.4892,10.43,1.66,21.2097,1,2355,6.72,2355,6.72,2355,6.72
1983-12-01 21:49:24,19.3615,-155.502,9.16,2.6,23.501,1,2356,6.72,2356,6.72,2356,6.72
1983-12-01 22:05:36,19.4335,-155.4542,5.81,2.12,17.588,1,2357,6.72,2357,6.72,2357,6.72
1983-12-01 22:39:34,19.4588,-155.453,6.42,2.68,17.9061,1,2358,6.72,2358,6.72,2358,6.72
1983-12-02 04:29:23,19.3773,-155.3462,9.19,1.61,7.8842,1,2359,6.72,2359,6.72,2359,6.72
1983-12-02 08:20:11,19.415,-155.3587,11.1,2.5,7.5484,1,2360,6.72,2360,6.72,2360,6.72
1983-12-02 08:26:43,19.3723,-155.4842,10.07,2.55,21.3799,1,2361,6.72,2361,6.72,2361,6.72
1983-12-02 10:30:19,19.441,-155.4922,9.11,1.58,21.6319,1,2362,6.72,2362,6.72,2362,6.72
1983-12-02 11:40:57,19.4403,-155.4997,9.25,1.69,22.4068,1,2363,6.72,2363,6.72,2363,6.72
1983-12-02 12:56:05,19.3583,-155.0445,7.23,2.24,26.3739,1,2364,6.72,2364,6.72,2364,6.72
1983-12-02 16:33:52,19.3885,-155.4435,9.31,1.92,16.8063,1,2365,6.72,2365,6.72,2365,6.72
1983-12-02 18:46:17,19.4187,-155.4905,7.89,1.61,21.3421,1,2366,6.72,2366,6.72,2366,6.72
1983-12-02 20:14:52,19.3348,-155.5045,7.83,1.85,24.7462,1,2367,6.72,2367,6.72,2367,6.72
1983-12-02 20:47:17,19.4525,-155.3893,11.58,2.71,11.2841,1,2368,6.72,2368,6.72,2368,6.72
1983-12-02 21:57:36,19.417,-155.3565,9.99,1.81,7.3017,1,2369,6.72,2369,6.72,2369,6.72
1983-12-03 00:11:07,19.4233,-155.3487,9.32,1.57,6.4751,1,2370,6.72,2370,6.72,2370,6.72
1983-12-03 01:32:08,19.3753,-155.3465,10.69,2.62,8.0475,1,2371,6.72,2371,6.72,2371,6.72
1983-12-03 02:20:24,19.3958,-155.2813,14.55,1.73,2.8652,1,2372,6.72,2372,6.72,2372,6.72
1983-12-03 02:32:36,19.444,-155.4727,9.22,1.77,19.6396,1,2373,6.72,2373,6.72,2373,6.72
1983-12-03 03:35:13,19.4452,-155.4798,9.55,2.16,20.3951,1,2374,6.72,2374,6.72,2374,6.72
1983-12-03 04:39:06,19.4242,-155.4932,7.11,1.56,21.6262,1,2375,6.72,2375,6.72,2375,6.72
1983-12-03 05:26:07,19.4807,-155.3995,10.16,1.69,13.535,1,2376,6.72,2376,6.72,2376,6.72
1983-12-03 09:07:54,19.3603,-155.0983,8.37,3.09,20.9117,1,2377,6.72,2377,6.72,2377,6.72
1983-12-03 09:42:29,19.4787,-155.4363,6.59,2.59,16.9176,1,2378,6.72,2378,6.72,2378,6.72
1983-12-03 12:22:30,19.4345,-155.4878,7.0,1.74,21.1098,1,2379,6.72,2379,6.72,2379,6.72
1983-12-03 13:09:23,19.4833,-155.4635,4.99,2.21,19.7595,1,2380,6.72,2380,6.72,2380,6.72
1983-12-03 13:21:04,19.4357,-155.3298,7.3,1.53,4.7763,1,2381,6.72,2381,6.72,2381,6.72
1983-12-03 15:15:49,19.464,-155.4475,7.01,1.71,17.4949,1,2382,6.72,2382,6.72,2382,6.72
1983-12-03 18:19:20,19.4285,-155.4662,6.66,1.82,18.8101,1,2383,6.72,2383,6.72,2383,6.72
1983-12-03 20:46:16,19.3058,-155.4957,5.55,2.29,25.3655,1,2384,6.72,2384,6.72,2384,6.72
1983-12-04 01:22:54,19.4777,-155.4517,3.56,2.2,18.3834,1,2385,6.72,2385,6.72,2385,6.72
1983-12-04 02:18:43,19.377,-155.3595,8.73,1.54,9.0417,1,2386,6.72,2386,6.72,2386,6.72
1983-12-04 05:46:59,19.4237,-155.3507,9.05,2.05,6.6865,1,2387,6.72,2387,6.72,2387,6.72
1983-12-04 06:24:32,19.4622,-155.4323,7.84,1.9,15.909,1,2388,6.72,2388,6.72,2388,6.72
1983-12-04 08:27:44,19.3057,-155.3225,5.68,1.58,13.3506,1,2389,6.72,2389,6.72,2389,6.72
1983-12-04 09:22:47,19.4302,-155.3283,7.45,1.81,4.4499,1,2390,6.72,2390,6.72,2390,6.72
1983-12-04 13:23:18,19.45,-155.3905,12.14,2.72,11.3216,1,2391,6.72,2391,6.72,2391,6.72
1983-12-04 16:47:30,19.4187,-155.3688,10.33,1.79,8.5818,1,2392,6.72,2392,6.72,2392,6.72
1983-12-04 17:39:20,19.4798,-155.4633,6.79,3.6,19.6069,1,2393,6.72,2393,6.72,2393,6.72
1983-12-04 17:56:06,19.4203,-155.36,9.01,1.56,7.6555,1,2394,6.72,2394,6.72,2394,6.72
1983-12-04 18:54:29,19.3942,-155.4517,9.82,1.62,17.5281,1,2395,6.72,2395,6.72,2395,6.72
1983-12-04 18:56:25,19.3373,-155.0668,7.03,2.74,24.9027,1,2396,6.72,2396,6.72,2396,6.72
1983-12-04 19:39:47,19.4213,-155.3235,5.66,1.55,3.8276,1,2397,6.72,2397,6.72,2397,6.72
1983-12-04 20:21:09,19.3643,-155.507,8.46,2.6,23.9205,1,2398,6.72,2398,6.72,2398,6.72
1983-12-04 21:43:33,19.35,-155.052,7.81,3.37,25.883,1,2399,6.72,2399,6.72,2399,6.72
1983-12-04 22:36:43,19.4197,-155.357,10.07,1.74,7.3419,1,2400,6.72,2400,6.72,2400,6.72
1983-12-05 01:12:53,19.4227,-155.3577,8.42,1.86,7.4163,1,2401,6.72,2401,6.72,2401,6.72
1983-12-05 04:27:34,19.422,-155.3568,10.61,2.03,7.3203,1,2402,6.72,2402,6.72,2402,6.72
1983-12-05 05:51:41,19.4612,-155.423,8.34,3.67,14.9442,1,2403,6.72,2403,6.72,2403,6.72
1983-12-05 06:24:53,19.4188,-155.5077,8.72,1.89,23.1455,1,2404,6.72,2404,6.72,2404,6.72
1983-12-05 06:47:17,19.4268,-155.3522,8.6,1.89,6.8674,1,2405,6.72,2405,6.72,2405,6.72
1983-12-05 06:51:09,19.3848,-155.4608,10.94,2.0,18.667,1,2406,6.72,2406,6.72,2406,6.72
1983-12-05 07:13:17,19.373,-155.3863,8.23,1.9,11.7026,1,2407,6.72,2407,6.72,2407,6.72
1983-12-05 08:41:41,19.4172,-155.5035,10.74,2.68,22.7079,1,2408,6.72,2408,6.72,2408,6.72
1983-12-05 13:30:37,19.3765,-155.3522,8.52,1.54,8.4406,1,2409,6.72,2409,6.72,2409,6.72
1983-12-05 15:17:55,19.3882,-155.4485,5.45,2.55,17.3258,1,2410,6.72,2410,6.72,2410,6.72
1983-12-05 16:11:32,19.4107,-155.3407,7.5,2.05,5.7466,1,2411,6.72,2411,6.72,2411,6.72
1983-12-05 17:50:36,19.4165,-155.4245,10.84,2.57,14.428,1,2412,6.72,2412,6.72,2412,6.72
1983-12-05 21:28:50,19.4153,-155.4843,9.18,1.58,20.7003,1,2413,6.72,2413,6.72,2413,6.72
1983-12-05 21:31:22,19.337,-155.064,6.86,2.16,25.1877,1,2414,6.72,2414,6.72,2414,6.72
1983-12-05 23:13:48,19.5285,-155.4587,3.95,3.03,21.6072,1,2415,6.72,2415,6.72,2415,6.72
1983-12-05 23:26:41,19.4768,-155.4663,3.51,1.52,19.7968,1,2416,6.72,2416,6.72,2416,6.72
1983-12-05 23:35:20,19.4463,-155.4172,9.32,1.75,13.9393,1,2417,6.72,2417,6.72,2417,6.72
1983-12-06 00:02:23,19.3275,-155.2203,9.39,2.63,12.5319,1,2418,6.72,2418,6.72,2418,6.72
1983-12-06 01:17:17,19.4903,-155.392,9.44,2.33,13.4376,1,2419,6.72,2419,6.72,2419,6.72
1983-12-06 04:20:29,19.3398,-155.2212,7.37,1.58,11.365,1,2420,6.72,2420,6.72,2420,6.72
1983-12-06 10:27:11,19.4642,-155.4352,7.27,1.57,16.2647,1,2421,6.72,2421,6.72,2421,6.72
1983-12-06 11:09:47,19.4745,-155.4408,10.55,2.08,17.1881,1,2422,6.72,2422,6.72,2422,6.72
1983-12-06 11:20:13,19.4848,-155.4368,7.65,2.94,17.2338,1,2423,6.72,2423,6.72,2423,6.72
1983-12-06 12:06:21,19.3163,-155.2557,6.47,1.62,12.0963,1,2424,6.72,2424,6.72,2424,6.72
1983-12-06 12:14:02,19.3388,-155.508,8.02,2.49,24.9183,1,2425,6.72,2425,6.72,2425,6.72
1983-12-06 13:54:44,19.3962,-155.4433,10.26,1.93,16.6222,1,2426,6.72,2426,6.72,2426,6.72
1983-12-06 15:09:03,19.3178,-155.2403,6.2,1.65,12.4773,1,2427,6.72,2427,6.72,2427,6.72
1983-12-06 17:46:58,19.4688,-155.45,9.43,2.26,17.8981,1,2428,6.72,2428,6.72,2428,6.72
1983-12-06 19:20:54,19.3775,-155.4568,9.74,2.51,18.4539,1,2429,6.72,2429,6.72,2429,6.72
1983-12-06 21:06:29,19.4343,-155.4103,10.87,1.89,13.0137,1,2430,6.72,2430,6.72,2430,6.72
1983-12-06 22:08:17,19.4985,-155.4472,5.21,1.98,18.8774,1,2431,6.72,2431,6.72,2431,6.72
1983-12-06 22:52:02,19.3895,-155.4385,11.33,2.02,16.2703,1,2432,6.72,2432,6.72,2432,6.72
1983-12-07 02:58:17,19.2558,-155.3808,6.38,1.54,20.8395,1,2433,6.72,2433,6.72,2433,6.72
1983-12-07 03:04:36,19.269,-155.3822,5.88,1.88,19.6321,1,2434,6.72,2434,6.72,2434,6.72
1983-12-07 03:24:10,19.4242,-155.37,11.03,1.89,8.711,1,2435,6.72,2435,6.72,2435,6.72
1983-12-07 03:25:13,19.4402,-155.481,9.08,1.8,20.4546,1,2436,6.72,2436,6.72,2436,6.72
1983-12-07 05:42:27,19.3973,-155.457,11.76,2.41,18.0223,1,2437,6.72,2437,6.72,2437,6.72
1983-12-07 06:54:46,19.4,-155.442,10.45,2.05,16.4222,1,2438,6.72,2438,6.72,2438,6.72
1983-12-07 10:19:48,19.4242,-155.3497,9.36,1.56,6.5845,1,2439,6.72,2439,6.72,2439,6.72
1983-12-07 11:03:17,19.3128,-155.1883,6.91,1.92,15.8732,1,2440,6.72,2440,6.72,2440,6.72
1983-12-07 11:32:36,19.3688,-155.442,10.14,1.84,17.262,1,2441,6.72,2441,6.72,2441,6.72
1983-12-07 13:00:28,19.3768,-155.4432,11.15,1.69,17.1037,1,2442,6.72,2442,6.72,2442,6.72
1983-12-07 13:45:11,19.3715,-155.495,9.27,2.75,22.4992,1,2443,6.72,2443,6.72,2443,6.72
1983-12-07 20:26:24,19.4185,-155.3592,10.91,2.06,7.5764,1,2444,6.72,2444,6.72,2444,6.72
1983-12-07 20:32:11,19.3317,-155.1937,7.89,2.06,13.9422,1,2445,6.72,2445,6.72,2445,6.72
1983-12-07 22:42:22,19.3528,-155.0403,4.89,1.85,26.965,1,2446,6.72,2446,6.72,2446,6.72
1983-12-08 00:31:14,19.3545,-155.0213,6.91,2.03,28.8337,1,2447,6.72,2447,6.72,2447,6.72
1983-12-08 00:31:56,19.3632,-155.0242,6.95,1.96,28.3038,1,2448,6.72,2448,6.72,2448,6.72
1983-12-08 00:54:07,19.2708,-155.4453,8.07,1.99,23.5534,1,2449,6.72,2449,6.72,2449,6.72
1983-12-08 03:44:13,19.386,-155.4533,9.88,1.95,17.8701,1,2450,6.72,2450,6.72,2450,6.72
1983-12-08 05:22:05,19.3715,-155.4937,8.73,1.59,22.367,1,2451,6.72,2451,6.72,2451,6.72
1983-12-08 07:22:56,19.3365,-155.2137,8.19,1.72,12.1411,1,2452,6.72,2452,6.72,2452,6.72
1983-12-08 07:43:08,19.2808,-155.4847,8.88,2.22,25.9465,1,2453,6.72,2453,6.72,2453,6.72
1983-12-08 08:07:11,19.3452,-155.1043,6.21,1.85,20.9357,1,2454,6.72,2454,6.72,2454,6.72
1983-12-08 08:09:57,19.3897,-155.455,10.77,2.5,17.9597,1,2455,6.72,2455,6.72,2455,6.72
1983-12-08 12:35:17,19.3832,-155.4613,10.55,2.62,18.7573,1,2456,6.72,2456,6.72,2456,6.72
1983-12-08 12:41:58,19.3963,-155.4187,7.82,1.54,14.0823,1,2457,6.72,2457,6.72,2457,6.72
1983-12-08 12:53:12,19.4255,-155.365,10.95,1.89,8.1946,1,2458,6.72,2458,6.72,2458,6.72
1983-12-08 15:22:02,19.3933,-155.4473,10.69,1.73,17.0913,1,2459,6.72,2459,6.72,2459,6.72
1983-12-08 16:50:07,19.4848,-155.4395,7.59,2.59,17.4922,1,2460,6.72,2460,6.72,2460,6.72
1983-12-08 17:49:43,19.3967,-155.4463,10.19,1.75,16.9235,1,2461,6.72,2461,6.72,2461,6.72
1983-12-08 19:32:34,19.417,-155.5042,11.72,2.19,22.7817,1,2462,6.72,2462,6.72,2462,6.72
1983-12-08 20:06:42,19.4728,-155.4477,3.6,1.6,17.8067,1,2463,6.72,2463,6.72,2463,6.72
1983-12-08 21:21:31,19.3555,-155.4018,13.1,2.22,14.0723,1,2464,6.72,2464,6.72,2464,6.72
1983-12-09 00:19:46,19.4175,-155.3618,11.45,2.86,7.8536,1,2465,6.72,2465,6.72,2465,6.72
1983-12-09 01:06:48,19.425,-155.4905,8.34,1.87,21.3447,1,2466,6.72,2466,6.72,2466,6.72
1983-12-09 02:49:21,19.4237,-155.4942,10.38,2.3,21.7303,1,2467,6.72,2467,6.72,2467,6.72
1983-12-09 03:12:11,19.426,-155.3455,10.58,2.17,6.1596,1,2468,6.72,2468,6.72,2468,6.72
1983-12-09 08:43:12,19.3917,-155.341,10.53,1.76,6.5334,1,2469,6.72,2469,6.72,2469,6.72
1983-12-09 10:41:12,19.4165,-155.5052,12.31,1.76,22.8877,1,2470,6.72,2470,6.72,2470,6.72
1983-12-09 12:07:55,19.4197,-155.466,9.02,1.88,18.7717,1,2471,6.72,2471,6.72,2471,6.72
1983-12-09 12:19:42,19.4152,-155.364,10.84,2.24,8.1004,1,2472,6.72,2472,6.72,2472,6.72
1983-12-09 13:34:13,19.3237,-155.256,8.23,1.98,11.2974,1,2473,6.72,2473,6.72,2473,6.72
1983-12-09 20:40:50,19.3898,-155.4452,6.3,2.52,16.9503,1,2474,6.72,2474,6.72,2474,6.72
1983-12-09 22:05:50,19.3922,-155.4497,5.68,1.63,17.3612,1,2475,6.72,2475,6.72,2475,6.72
1983-12-10 03:26:32,19.3932,-155.4283,10.94,2.26,15.1378,1,2476,6.72,2476,6.72,2476,6.72
1983-12-10 05:36:58,19.4615,-155.4842,11.04,2.09,21.1619,1,2477,6.72,2477,6.72,2477,6.72
1983-12-10 06:56:05,19.4152,-155.3585,12.44,2.12,7.5256,1,2478,6.72,2478,6.72,2478,6.72
1983-12-10 07:14:40,19.3248,-155.2588,9.05,3.08,11.0985,1,2479,6.72,2479,6.72,2479,6.72
1983-12-10 09:33:42,19.349,-155.4933,6.14,1.9,23.0723,1,2480,6.72,2480,6.72,2480,6.72
1983-12-10 10:20:18,19.3595,-155.3633,11.01,1.78,10.5265,1,2481,6.72,2481,6.72,2481,6.72
1983-12-10 14:36:15,19.3543,-155.1127,7.23,2.14,19.7296,1,2482,6.72,2482,6.72,2482,6.72
1983-12-10 20:15:48,19.333,-155.1872,9.18,2.06,14.3299,1,2483,6.72,2483,6.72,2483,6.72
1983-12-10 22:15:15,19.3497,-155.489,5.92,1.53,22.6224,1,2484,6.72,2484,6.72,2484,6.72
1983-12-10 22:30:31,19.3497,-155.395,10.01,1.98,13.8267,1,2485,6.72,2485,6.72,2485,6.72
1983-12-10 23:24:54,19.3678,-155.4038,12.67,2.42,13.6038,1,2486,6.72,2486,6.72,2486,6.72
1983-12-11 01:56:02,19.373,-155.0165,6.56,2.13,28.8689,1,2487,6.72,2487,6.72,2487,6.72
1983-12-11 02:06:47,19.4318,-155.487,9.52,1.68,21.007,1,2488,6.72,2488,6.72,2488,6.72
1983-12-11 02:33:28,19.3773,-155.4982,8.31,1.86,22.6775,1,2489,6.72,2489,6.72,2489,6.72
1983-12-11 06:14:18,19.4297,-155.4845,8.04,1.66,20.7332,1,2490,6.72,2490,6.72,2490,6.72
1983-12-11 11:47:10,19.5057,-155.456,3.65,3.24,20.0655,1,2491,6.72,2491,6.72,2491,6.72
1983-12-11 19:37:33,19.3208,-155.2192,5.53,1.8,13.2184,1,2492,6.72,2492,6.72,2492,6.72
1983-12-11 19:39:58,19.4373,-155.4783,8.8,1.97,20.1417,1,2493,6.72,2493,6.72,2493,6.72
1983-12-11 20:31:16,19.3308,-155.4547,8.86,2.57,20.2494,1,2494,6.72,2494,6.72,2494,6.72
1983-12-11 21:20:29,19.4253,-155.408,10.53,2.09,12.6976,1,2495,6.72,2495,6.72,2495,6.72
1983-12-11 22:39:40,19.4713,-155.4465,5.91,2.57,17.6341,1,2496,6.72,2496,6.72,2496,6.72
1983-12-12 01:17:44,19.4722,-155.456,3.08,2.55,18.6118,1,2497,6.72,2497,6.72,2497,6.72
1983-12-12 02:11:46,19.2632,-155.4945,10.75,1.68,27.9612,1,2498,6.72,2498,6.72,2498,6.72
1983-12-12 03:02:35,19.361,-155.4693,8.81,2.24,20.2512,1,2499,6.72,2499,6.72,2499,6.72
1983-12-12 05:01:00,19.3663,-155.4952,12.32,2.6,22.6682,1,2500,6.72,2500,6.72,2500,6.72
1983-12-12 05:52:49,19.4172,-155.5028,12.03,2.56,22.6345,1,2501,6.72,2501,6.72,2501,6.72
1983-12-12 06:06:19,19.444,-155.3867,12.04,1.89,10.7626,1,2502,6.72,2502,6.72,2502,6.72
1983-12-12 07:52:53,19.3368,-155.2158,6.88,1.71,11.9767,1,2503,6.72,2503,6.72,2503,6.72
1983-12-12 10:09:19,19.3767,-155.477,10.26,1.7,20.5272,1,2504,6.72,2504,6.72,2504,6.72
1983-12-12 11:01:42,19.3828,-155.4317,10.63,1.83,15.7591,1,2505,6.72,2505,6.72,2505,6.72
1983-12-12 11:50:41,19.4407,-155.3878,13.07,1.77,10.7944,1,2506,6.72,2506,6.72,2506,6.72
1983-12-12 14:11:54,19.3362,-155.2128,8.52,1.85,12.2268,1,2507,6.72,2507,6.72,2507,6.72
1983-12-12 15:29:09,19.4583,-155.4017,10.34,1.58,12.7218,1,2508,6.72,2508,6.72,2508,6.72
1983-12-12 17:48:24,19.3497,-155.3592,11.02,2.18,10.9637,1,2509,6.72,2509,6.72,2509,6.72
1983-12-12 19:39:18,19.3225,-155.2507,6.32,2.09,11.5958,1,2510,6.72,2510,6.72,2510,6.72
1983-12-12 21:26:01,19.3787,-155.4072,13.58,1.9,13.4554,1,2511,6.72,2511,6.72,2511,6.72
1983-12-12 22:51:58,19.4005,-155.448,10.72,2.12,17.0377,1,2512,6.72,2512,6.72,2512,6.72
1983-12-13 02:04:37,19.4207,-155.4917,10.02,2.14,21.4663,1,2513,6.72,2513,6.72,2513,6.72
1983-12-13 03:39:36,19.339,-155.2252,9.41,1.59,11.1876,1,2514,6.72,2514,6.72,2514,6.72
1983-12-13 04:41:34,19.3157,-155.2247,8.15,1.52,13.4093,1,2515,6.72,2515,6.72,2515,6.72
1983-12-13 06:20:11,19.376,-155.3482,10.58,2.11,8.1385,1,2516,6.72,2516,6.72,2516,6.72
1983-12-13 10:18:05,19.3868,-155.4375,9.41,1.97,16.2357,1,2517,6.72,2517,6.72,2517,6.72
1983-12-13 15:23:32,19.3933,-155.284,14.02,1.94,3.0961,1,2518,6.72,2518,6.72,2518,6.72
1983-12-13 16:58:25,19.3062,-155.2572,8.17,2.14,13.1424,1,2519,6.72,2519,6.72,2519,6.72
1983-12-13 17:01:35,19.472,-155.4502,9.2,2.75,18.0267,1,2520,6.72,2520,6.72,2520,6.72
1983-12-13 18:56:14,19.389,-155.3452,9.59,2.0,7.0651,1,2521,6.72,2521,6.72,2521,6.72
1983-12-13 20:52:24,19.4567,-155.435,9.94,2.03,16.0182,1,2522,6.72,2522,6.72,2522,6.72
1983-12-14 02:41:00,19.3135,-155.2585,6.93,1.66,12.3217,1,2523,6.72,2523,6.72,2523,6.72
1983-12-14 03:13:29,19.3982,-155.4473,10.9,1.89,17.0013,1,2524,6.72,2524,6.72,2524,6.72
1983-12-14 04:17:37,19.3557,-155.3915,11.07,1.84,13.1475,1,2525,6.72,2525,6.72,2525,6.72
1983-12-14 06:32:00,19.4117,-155.3633,9.72,2.05,8.0679,1,2526,6.72,2526,6.72,2526,6.72
1983-12-14 06:59:36,19.4307,-155.3615,8.48,1.51,7.8863,1,2527,6.72,2527,6.72,2527,6.72
1983-12-14 10:05:05,19.3757,-155.4425,9.44,1.79,17.0691,1,2528,6.72,2528,6.72,2528,6.72
1983-12-14 10:06:03,19.4103,-155.3673,10.54,2.12,8.5045,1,2529,6.72,2529,6.72,2529,6.72
1983-12-14 12:25:18,19.341,-155.4978,5.9,1.83,23.8336,1,2530,6.72,2530,6.72,2530,6.72
1983-12-14 14:19:24,19.453,-155.4903,8.88,1.83,21.6122,1,2531,6.72,2531,6.72,2531,6.72
1983-12-14 14:34:34,19.4733,-155.4247,1.16,1.97,15.565,1,2532,6.72,2532,6.72,2532,6.72
1983-12-14 17:17:10,19.3975,-155.4458,11.01,2.97,16.8577,1,2533,6.72,2533,6.72,2533,6.72
1983-12-14 19:01:44,19.3958,-155.4518,9.83,1.87,17.509,1,2534,6.72,2534,6.72,2534,6.72
1983-12-14 20:45:25,19.4263,-155.3387,5.04,2.7,5.4533,1,2535,6.72,2535,6.72,2535,6.72
1983-12-14 23:12:19,19.3528,-155.1303,6.1,2.07,18.1016,1,2536,6.72,2536,6.72,2536,6.72
1983-12-15 00:06:53,19.3745,-155.5018,8.35,1.57,23.1143,1,2537,6.72,2537,6.72,2537,6.72
1983-12-15 00:54:34,19.4747,-155.4097,9.92,1.52,14.1831,1,2538,6.72,2538,6.72,2538,6.72
1983-12-15 04:59:39,19.4605,-155.4112,8.07,2.55,13.7435,1,2539,6.72,2539,6.72,2539,6.72
1983-12-15 06:36:19,19.3117,-155.219,3.9,1.61,14.0925,1,2540,6.72,2540,6.72,2540,6.72
1983-12-15 06:37:00,19.3143,-155.2175,4.01,1.9,13.9256,1,2541,6.72,2541,6.72,2541,6.72
1983-12-15 06:56:24,19.3662,-155.5017,10.01,3.67,23.3285,1,2542,6.72,2542,6.72,2542,6.72
1983-12-15 08:22:33,19.3983,-155.4442,10.22,2.45,16.6782,1,2543,6.72,2543,6.72,2543,6.72
1983-12-15 10:59:23,19.4248,-155.3515,9.69,2.53,6.7768,1,2544,6.72,2544,6.72,2544,6.72
1983-12-15 11:09:41,19.4548,-155.3913,8.94,1.97,11.5641,1,2545,6.72,2545,6.72,2545,6.72
1983-12-15 16:09:34,19.3882,-155.3927,13.4,3.08,11.6699,1,2546,6.72,2546,6.72,2546,6.72
1983-12-15 16:50:30,19.4037,-155.4382,9.52,1.58,15.9729,1,2547,6.72,2547,6.72,2547,6.72
1983-12-15 17:14:29,19.3855,-155.4558,9.9,1.65,18.1381,1,2548,6.72,2548,6.72,2548,6.72
1983-12-15 17:27:19,19.425,-155.3532,9.36,2.05,6.9561,1,2549,6.72,2549,6.72,2549,6.72
1983-12-15 18:42:25,19.379,-155.4335,10.52,1.98,16.0589,1,2550,6.72,2550,6.72,2550,6.72
1983-12-15 21:22:49,19.4723,-155.4633,9.36,2.06,19.3452,1,2551,6.72,2551,6.72,2551,6.72
1983-12-15 23:37:51,19.3642,-155.4352,10.68,1.67,16.778,1,2552,6.72,2552,6.72,2552,6.72
1983-12-16 00:47:47,19.441,-155.331,6.55,2.6,5.1217,1,2553,6.72,2553,6.72,2553,6.72
1983-12-16 00:50:18,19.4442,-155.3322,6.65,1.58,5.3961,1,2554,6.72,2554,6.72,2554,6.72
1983-12-16 01:00:40,19.4283,-155.3568,9.12,1.72,7.3642,1,2555,6.72,2555,6.72,2555,6.72
1983-12-16 03:29:05,19.328,-155.1885,5.42,2.06,14.6186,1,2556,6.72,2556,6.72,2556,6.72
1983-12-16 04:16:59,19.3027,-155.434,9.25,1.62,20.2692,1,2557,6.72,2557,6.72,2557,6.72
1983-12-16 06:04:05,19.4608,-155.453,5.6,2.09,17.9595,1,2558,6.72,2558,6.72,2558,6.72
1983-12-16 08:08:45,19.4047,-155.424,8.03,1.54,14.4812,1,2559,6.72,2559,6.72,2559,6.72
1983-12-16 13:47:08,19.465,-155.4348,9.13,2.3,16.2511,1,2560,6.72,2560,6.72,2560,6.72
1983-12-16 14:22:07,19.3842,-155.4537,11.26,2.65,17.9557,1,2561,6.72,2561,6.72,2561,6.72
1983-12-16 20:41:20,19.4088,-155.3268,6.66,1.98,4.3885,1,2562,6.72,2562,6.72,2562,6.72
1983-12-17 01:45:26,19.3643,-155.3637,9.57,1.91,10.2207,1,2563,6.72,2563,6.72,2563,6.72
1983-12-17 01:58:39,19.3252,-155.246,6.08,1.6,11.488,1,2564,6.72,2564,6.72,2564,6.72
1983-12-17 02:44:01,19.4222,-155.3607,10.24,1.88,7.7296,1,2565,6.72,2565,6.72,2565,6.72
1983-12-17 03:16:22,19.4267,-155.2663,20.42,2.35,2.2616,1,2566,6.72,2566,6.72,2566,6.72
1983-12-17 06:31:03,19.3795,-155.3458,8.71,1.91,7.7021,1,2567,6.72,2567,6.72,2567,6.72
1983-12-17 06:47:03,19.3247,-155.2608,6.37,2.09,11.0552,1,2568,6.72,2568,6.72,2568,6.72
1983-12-17 08:35:56,19.397,-155.3432,8.97,1.59,6.4698,1,2569,6.72,2569,6.72,2569,6.72
1983-12-17 09:18:28,19.4728,-155.4257,9.31,2.49,15.6417,1,2570,6.72,2570,6.72,2570,6.72
1983-12-17 09:43:59,19.4042,-155.4448,9.98,1.96,16.6539,1,2571,6.72,2571,6.72,2571,6.72
1983-12-17 12:22:17,19.456,-155.424,9.63,2.2,14.883,1,2572,6.72,2572,6.72,2572,6.72
1983-12-17 12:55:16,19.3792,-155.0055,6.38,2.12,29.888,1,2573,6.72,2573,6.72,2573,6.72
1983-12-17 14:12:53,19.3027,-155.215,4.23,1.62,15.1688,1,2574,6.72,2574,6.72,2574,6.72
1983-12-17 14:32:02,19.308,-155.2135,3.35,1.61,14.7423,1,2575,6.72,2575,6.72,2575,6.72
1983-12-17 15:11:54,19.3385,-155.2283,6.8,1.88,11.0485,1,2576,6.72,2576,6.72,2576,6.72
1983-12-17 15:28:15,19.4205,-155.3508,10.12,2.48,6.6905,1,2577,6.72,2577,6.72,2577,6.72
1983-12-17 16:48:21,19.4643,-155.4063,9.08,1.58,13.4035,1,2578,6.72,2578,6.72,2578,6.72
1983-12-17 18:15:15,19.2933,-155.213,7.02,1.85,16.1833,1,2579,6.72,2579,6.72,2579,6.72
1983-12-17 20:56:50,19.3132,-155.2233,3.89,1.83,13.7237,1,2580,6.72,2580,6.72,2580,6.72
1983-12-18 05:27:28,19.4022,-155.4375,10.1,2.07,15.9211,1,2581,6.72,2581,6.72,2581,6.72
1983-12-18 06:15:13,19.424,-155.3525,9.28,2.17,6.8766,1,2582,6.72,2582,6.72,2582,6.72
1983-12-18 07:29:26,19.466,-155.4502,5.78,2.14,17.8284,1,2583,6.72,2583,6.72,2583,6.72
1983-12-18 07:54:32,19.422,-155.3485,8.32,1.87,6.4501,1,2584,6.72,2584,6.72,2584,6.72
1983-12-18 09:38:24,19.416,-155.3553,8.66,2.18,7.1839,1,2585,6.72,2585,6.72,2585,6.72
1983-12-18 14:25:42,19.4217,-155.3362,7.42,1.86,5.1598,1,2586,6.72,2586,6.72,2586,6.72
1983-12-18 14:27:55,19.4687,-155.4433,9.01,2.56,17.2252,1,2587,6.72,2587,6.72,2587,6.72
1983-12-18 14:54:26,19.4643,-155.4438,8.1,2.39,17.1314,1,2588,6.72,2588,6.72,2588,6.72
1983-12-18 20:20:24,19.3875,-155.4333,11.51,2.67,15.7892,1,2589,6.72,2589,6.72,2589,6.72
1983-12-18 20:23:34,19.3502,-155.3628,10.24,1.81,11.1887,1,2590,6.72,2590,6.72,2590,6.72
1983-12-18 20:25:51,19.3483,-155.3575,10.23,1.57,10.9557,1,2591,6.72,2591,6.72,2591,6.72
1983-12-18 21:16:40,19.3585,-155.3873,11.31,1.96,12.6083,1,2592,6.72,2592,6.72,2592,6.72
1983-12-18 21:39:11,19.4203,-155.3203,5.76,2.55,3.4927,1,2593,6.72,2593,6.72,2593,6.72
1983-12-18 22:16:36,19.416,-155.3208,5.01,2.79,3.5877,1,2594,6.72,2594,6.72,2594,6.72
1983-12-18 22:26:22,19.4192,-155.3173,5.36,1.66,3.1835,1,2595,6.72,2595,6.72,2595,6.72
1983-12-18 22:29:27,19.4143,-155.3182,4.95,1.6,3.3554,1,2596,6.72,2596,6.72,2596,6.72
1983-12-19 00:03:38,19.412,-155.3282,6.52,2.99,4.4348,1,2597,6.72,2597,6.72,2597,6.72
1983-12-19 00:27:36,19.42,-155.3295,3.89,1.55,4.458,1,2598,6.72,2598,6.72,2598,6.72
1983-12-19 02:19:12,19.4258,-155.4902,9.2,2.58,21.3153,1,2599,6.72,2599,6.72,2599,6.72
1983-12-19 03:24:21,19.4603,-155.4082,9.31,1.59,13.4386,1,2600,6.72,2600,6.72,2600,6.72
1983-12-19 06:15:22,19.3445,-155.3742,11.44,1.67,12.4906,1,2601,6.72,2601,6.72,2601,6.72
1983-12-19 07:11:56,19.4853,-155.443,8.23,3.19,17.8504,1,2602,6.72,2602,6.72,2602,6.72
1983-12-19 09:13:51,19.3898,-155.3935,13.51,2.24,11.6956,1,2603,6.72,2603,6.72,2603,6.72
1983-12-19 09:41:32,19.3577,-155.5008,9.6,3.23,23.5035,1,2604,6.72,2604,6.72,2604,6.72
1983-12-19 11:48:09,19.4263,-155.3475,11.12,1.87,6.3715,1,2605,6.72,2605,6.72,2605,6.72
1983-12-19 13:02:50,19.3932,-155.446,10.71,1.76,16.9593,1,2606,6.72,2606,6.72,2606,6.72
1983-12-19 19:15:01,19.3623,-155.4383,10.24,1.87,17.159,1,2607,6.72,2607,6.72,2607,6.72
1983-12-19 19:36:44,19.4202,-155.3537,9.47,2.51,6.995,1,2608,6.72,2608,6.72,2608,6.72
1983-12-19 20:13:42,19.3397,-155.2258,6.45,1.88,11.0877,1,2609,6.72,2609,6.72,2609,6.72
1983-12-19 21:57:53,19.3188,-155.1667,7.36,1.82,16.9824,1,2610,6.72,2610,6.72,2610,6.72
1983-12-19 23:26:44,19.3273,-155.1843,7.75,2.06,14.9873,1,2611,6.72,2611,6.72,2611,6.72
1983-12-20 00:50:59,19.4713,-155.4478,9.35,3.0,17.7634,1,2612,6.72,2612,6.72,2612,6.72
1983-12-20 03:22:27,19.3697,-155.4992,9.16,1.88,22.9756,1,2613,6.72,2613,6.72,2613,6.72
1983-12-20 14:20:47,19.4167,-155.3408,10.05,2.69,5.6619,1,2614,6.72,2614,6.72,2614,6.72
1983-12-20 15:44:38,19.4145,-155.354,11.44,1.9,7.0631,1,2615,6.72,2615,6.72,2615,6.72
1983-12-20 16:06:31,19.4242,-155.3332,7.47,1.52,4.8576,1,2616,6.72,2616,6.72,2616,6.72
1983-12-20 16:52:00,19.4537,-155.4998,10.51,1.98,22.6077,1,2617,6.72,2617,6.72,2617,6.72
1983-12-20 19:00:04,19.3267,-155.1352,5.08,1.89,19.0661,1,2618,6.72,2618,6.72,2618,6.72
1983-12-21 00:56:58,19.3172,-155.2612,7.11,1.92,11.8551,1,2619,6.72,2619,6.72,2619,6.72
1983-12-21 03:31:46,19.3393,-155.0738,7.38,2.16,24.1385,1,2620,6.72,2620,6.72,2620,6.72
1983-12-21 03:36:21,19.3695,-155.4995,9.24,1.54,23.0116,1,2621,6.72,2621,6.72,2621,6.72
1983-12-21 06:23:44,19.4258,-155.3448,10.06,2.75,6.0845,1,2622,6.72,2622,6.72,2622,6.72
1983-12-21 07:44:06,19.3158,-155.227,4.59,1.74,13.2836,1,2623,6.72,2623,6.72,2623,6.72
1983-12-21 07:54:34,19.3555,-155.5068,9.23,1.6,24.1774,1,2624,6.72,2624,6.72,2624,6.72
1983-12-21 10:12:05,19.3543,-155.3913,9.49,1.65,13.2168,1,2625,6.72,2625,6.72,2625,6.72
1983-12-21 10:39:25,19.3808,-155.442,10.09,2.16,16.8596,1,2626,6.72,2626,6.72,2626,6.72
1983-12-21 12:34:49,19.3773,-155.079,8.23,2.91,22.3504,1,2627,6.72,2627,6.72,2627,6.72
1983-12-21 14:28:07,19.36,-155.0457,7.86,2.32,26.2028,1,2628,6.72,2628,6.72,2628,6.72
1983-12-21 16:18:52,19.3982,-155.3473,10.04,1.82,6.813,1,2629,6.72,2629,6.72,2629,6.72
1983-12-21 16:23:42,19.4208,-155.3207,5.26,1.68,3.5339,1,2630,6.72,2630,6.72,2630,6.72
1983-12-21 23:32:55,19.3843,-155.4382,9.23,1.56,16.3742,1,2631,6.72,2631,6.72,2631,6.72
1983-12-22 00:31:37,19.3352,-155.1152,7.0,2.41,20.3909,1,2632,6.72,2632,6.72,2632,6.72
1983-12-22 01:03:34,19.349,-155.498,2.57,2.75,23.5353,1,2633,6.72,2633,6.72,2633,6.72
1983-12-22 01:06:18,19.3497,-155.5013,2.72,3.27,23.8351,1,2634,6.72,2634,6.72,2634,6.72
1983-12-22 01:18:07,19.345,-155.4997,2.44,2.82,23.8572,1,2635,6.72,2635,6.72,2635,6.72
1983-12-22 01:23:18,19.3478,-155.5027,3.11,2.58,24.0444,1,2636,6.72,2636,6.72,2636,6.72
1983-12-22 01:32:52,19.3485,-155.4997,2.47,3.4,23.7219,1,2637,6.72,2637,6.72,2637,6.72
1983-12-22 02:36:05,19.4183,-155.3292,5.8,2.09,4.4354,1,2638,6.72,2638,6.72,2638,6.72
1983-12-22 03:38:52,19.386,-155.489,10.57,1.59,21.5398,1,2639,6.72,2639,6.72,2639,6.72
1983-12-22 05:30:19,19.3722,-155.4978,8.82,1.75,22.7654,1,2640,6.72,2640,6.72,2640,6.72
1983-12-23 09:48:40,19.4143,-155.3622,10.83,2.5,7.9211,0,2641,6.72,2641,6.72,2641,6.72
1983-12-23 10:33:31,19.3172,-155.2528,6.83,2.11,12.0868,0,2642,6.72,2642,6.72,2642,6.72
1983-12-23 10:38:54,19.4252,-155.3538,10.79,2.82,7.0204,0,2643,6.72,2643,6.72,2643,6.72
1983-12-23 11:26:12,19.4192,-155.3593,10.12,1.58,7.5844,0,2644,6.72,2644,6.72,2644,6.72
1983-12-23 18:41:49,19.3105,-155.2223,8.8,2.66,14.0371,0,2645,6.72,2645,6.72,2645,6.72
1983-12-23 21:17:31,19.3698,-155.4967,9.09,2.59,22.7189,0,2646,6.72,2646,6.72,2646,6.72
1983-12-24 04:38:07,19.345,-155.3577,10.36,1.83,11.2431,0,2647,6.72,2647,6.72,2647,6.72
1983-12-24 06:53:33,19.2138,-155.461,8.44,3.01,29.3971,0,2648,6.72,2648,6.72,2648,6.72
1983-12-24 09:28:41,19.371,-155.4817,9.54,2.03,21.164,0,2649,6.72,2649,6.72,2649,6.72
1983-12-24 09:40:55,19.3798,-155.3462,11.05,2.64,7.7159,0,2650,6.72,2650,6.72,2650,6.72
1983-12-24 11:30:21,19.4495,-155.3893,6.81,1.57,11.1851,0,2651,6.72,2651,6.72,2651,6.72
1983-12-24 17:15:16,19.4292,-155.463,6.45,1.85,18.4785,0,2652,6.72,2652,6.72,2652,6.72
1983-12-24 22:36:25,19.4707,-155.4535,5.89,2.51,18.3114,0,2653,6.72,2653,6.72,2653,6.72
1983-12-24 22:38:48,19.3272,-155.2265,7.87,2.6,12.2092,0,2654,6.72,2654,6.72,2654,6.72
1983-12-24 23:20:43,19.4208,-155.3543,10.57,1.88,7.0574,0,2655,6.72,2655,6.72,2655,6.72
1983-12-24 23:42:22,19.3493,-155.4945,5.46,1.76,23.1789,0,2656,6.72,2656,6.72,2656,6.72
1983-12-25 02:20:55,19.4452,-155.3947,10.63,1.67,11.6094,0,2657,6.72,2657,6.72,2657,6.72
1983-12-25 02:54:00,19.312,-155.2193,5.85,1.82,14.0478,0,2658,6.72,2658,6.72,2658,6.72
1983-12-25 03:27:08,19.3627,-155.4657,5.51,2.97,19.8324,0,2659,6.72,2659,6.72,2659,6.72
1983-12-25 07:04:48,19.3532,-155.124,7.13,2.54,18.6857,0,2660,6.72,2660,6.72,2660,6.72
1983-12-25 08:38:52,19.3935,-155.4378,10.52,1.97,16.1081,0,2661,6.72,2661,6.72,2661,6.72
1983-12-26 17:07:47,19.3698,-155.4573,9.62,2.55,18.7469,0,2662,6.72,2662,6.72,2662,6.72
1983-12-26 20:18:14,19.4258,-155.3533,10.57,2.05,6.9728,0,2663,6.72,2663,6.72,2663,6.72
1983-12-26 22:59:59,19.3308,-155.1623,7.1,2.53,16.4835,0,2664,6.72,2664,6.72,2664,6.72
1983-12-27 10:09:58,19.3208,-155.189,6.24,1.59,15.16,0,2665,6.72,2665,6.72,2665,6.72
1983-12-27 11:02:57,19.3092,-155.218,7.29,2.31,14.3855,0,2666,6.72,2666,6.72,2666,6.72
1983-12-27 13:26:45,19.3908,-155.4548,11.05,1.69,17.9157,0,2667,6.72,2667,6.72,2667,6.72
1983-12-27 16:13:50,19.4262,-155.3497,9.94,2.53,6.6002,0,2668,6.72,2668,6.72,2668,6.72
1983-12-27 16:21:18,19.4317,-155.499,10.22,2.04,22.2628,0,2669,6.72,2669,6.72,2669,6.72
1983-12-27 19:34:04,19.4378,-155.4778,9.57,1.97,20.0945,0,2670,6.72,2670,6.72,2670,6.72
1983-12-28 00:50:27,19.3107,-155.1942,8.72,3.49,15.6589,0,2671,6.72,2671,6.72,2671,6.72
1983-12-28 02:46:19,19.383,-155.4433,10.43,1.68,16.9283,0,2672,6.72,2672,6.72,2672,6.72
1983-12-28 04:03:37,19.3273,-155.25,6.44,1.59,11.1184,0,2673,6.72,2673,6.72,2673,6.72
1983-12-28 06:57:25,19.3723,-155.4962,9.34,2.05,22.5998,0,2674,6.72,2674,6.72,2674,6.72
1983-12-28 07:09:41,19.3252,-155.1825,8.16,1.89,15.2854,0,2675,6.72,2675,6.72,2675,6.72
1983-12-28 08:52:01,19.4365,-155.338,6.78,1.54,5.6186,0,2676,6.72,2676,6.72,2676,6.72
1983-12-28 09:07:13,19.2937,-155.2707,8.15,1.96,14.258,0,2677,6.72,2677,6.72,2677,6.72
1983-12-28 09:26:55,19.4567,-155.4737,8.22,1.94,19.9749,0,2678,6.72,2678,6.72,2678,6.72
1983-12-28 11:56:23,19.3183,-155.2542,6.88,2.09,11.9268,0,2679,6.72,2679,6.72,2679,6.72
1983-12-28 13:36:01,19.3622,-155.027,5.22,1.53,28.0437,0,2680,6.72,2680,6.72,2680,6.72
1983-12-28 13:41:04,19.3737,-155.462,10.01,1.71,19.093,0,2681,6.72,2681,6.72,2681,6.72
1983-12-28 20:26:52,19.3422,-155.2163,7.53,1.58,11.4793,0,2682,6.72,2682,6.72,2682,6.72
1983-12-28 20:52:43,19.389,-155.4393,10.58,1.67,16.3642,0,2683,6.72,2683,6.72,2683,6.72
1983-12-28 23:42:23,19.417,-155.3335,5.8,1.86,4.8964,0,2684,6.72,2684,6.72,2684,6.72
1983-12-29 03:52:26,19.3832,-155.3472,10.23,1.61,7.5846,0,2685,6.72,2685,6.72,2685,6.72
1983-12-29 04:23:35,19.3483,-155.3563,9.96,1.73,10.8712,0,2686,6.72,2686,6.72,2686,6.72
1983-12-29 04:29:45,19.348,-155.359,11.53,1.65,11.0869,0,2687,6.72,2687,6.72,2687,6.72
1983-12-29 07:07:24,19.3658,-155.4943,9.99,1.75,22.5923,0,2688,6.72,2688,6.72,2688,6.72
1983-12-29 09:37:50,19.4323,-155.354,8.74,1.86,7.1371,0,2689,6.72,2689,6.72,2689,6.72
1983-12-29 10:04:59,19.4242,-155.3575,9.52,1.57,7.4014,0,2690,6.72,2690,6.72,2690,6.72
1983-12-29 11:15:05,19.3715,-155.4982,9.39,1.75,22.8248,0,2691,6.72,2691,6.72,2691,6.72
1983-12-29 12:58:07,19.3052,-155.2237,10.18,3.78,14.4879,0,2692,6.72,2692,6.72,2692,6.72
1983-12-29 13:57:18,19.3595,-155.506,9.06,1.77,23.9665,0,2693,6.72,2693,6.72,2693,6.72
1983-12-29 15:39:29,19.3772,-155.4508,9.21,1.69,17.8564,0,2694,6.72,2694,6.72,2694,6.72
1983-12-29 16:04:54,19.314,-155.2172,3.45,1.6,13.9706,0,2695,6.72,2695,6.72,2695,6.72
1983-12-29 16:16:57,19.3147,-155.2262,7.33,2.09,13.4311,0,2696,6.72,2696,6.72,2696,6.72
1983-12-29 19:58:51,19.5022,-155.4543,5.51,3.48,19.7273,0,2697,6.72,2697,6.72,2697,6.72
1983-12-29 23:19:56,19.493,-155.4565,4.48,2.07,19.4911,0,2698,6.72,2698,6.72,2698,6.72
1983-12-30 07:08:11,19.4225,-155.514,9.21,1.72,23.8052,0,2699,6.72,2699,6.72,2699,6.72
1983-12-30 11:26:18,19.4355,-155.3738,8.97,1.88,9.2436,0,2700,6.72,2700,6.72,2700,6.72
1983-12-30 12:24:42,19.3127,-155.2225,6.33,1.91,13.8132,0,2701,6.72,2701,6.72,2701,6.72
1983-12-30 12:57:45,19.4138,-155.3585,9.81,1.89,7.5406,0,2702,6.72,2702,6.72,2702,6.72
1983-12-30 16:05:40,19.424,-155.3625,11.29,1.88,7.9242,0,2703,6.72,2703,6.72,2703,6.72
1983-12-30 19:42:47,19.4268,-155.3593,10.12,2.68,7.6089,0,2704,6.72,2704,6.72,2704,6.72
1983-12-30 21:32:04,19.3623,-155.1167,6.64,1.83,19.0177,0,2705,6.72,2705,6.72,2705,6.72
1983-12-30 23:55:26,19.4453,-155.3915,10.87,2.51,11.2859,0,2706,6.72,2706,6.72,2706,6.72
1983-12-31 00:19:30,19.2625,-155.3868,4.79,2.07,20.5,0,2707,6.72,2707,6.72,2707,6.72
1983-12-31 01:35:27,19.3057,-155.2218,5.28,1.51,14.5313,0,2708,6.72,2708,6.72,2708,6.72
1984-01-01 00:10:26,19.3925,-155.4253,9.89,1.56,14.8464,0,2709,6.72,2709,6.72,2709,6.72
1984-01-01 03:01:16,19.3418,-155.5002,9.65,1.58,24.0346,0,2710,6.72,2710,6.72,2710,6.72
1984-01-01 07:27:50,19.2753,-155.3802,5.72,1.95,18.923,0,2711,6.72,2711,6.72,2711,6.72
1984-01-01 11:09:40,19.338,-155.2138,6.46,1.58,12.0057,0,2712,6.72,2712,6.72,2712,6.72
1984-01-01 14:32:08,19.4448,-155.3897,7.58,2.0,11.0893,0,2713,6.72,2713,6.72,2713,6.72
1984-01-01 15:15:54,19.4788,-155.4078,5.81,2.61,14.2029,0,2714,6.72,2714,6.72,2714,6.72
1984-01-01 15:34:50,19.2782,-155.375,7.92,2.83,18.3674,0,2715,6.72,2715,6.72,2715,6.72
1984-01-01 18:23:07,19.4187,-155.3578,11.9,2.24,7.4288,0,2716,6.72,2716,6.72,2716,6.72
1984-01-02 01:37:51,19.3087,-155.2502,5.5,1.57,13.0703,0,2717,6.72,2717,6.72,2717,6.72
1984-01-02 01:44:28,19.3737,-155.4828,9.86,1.68,21.1987,0,2718,6.72,2718,6.72,2718,6.72
1984-01-02 03:05:35,19.3543,-155.405,14.14,2.61,14.4288,0,2719,6.72,2719,6.72,2719,6.72
1984-01-02 03:32:14,19.3607,-155.3507,11.42,2.84,9.4654,0,2720,6.72,2720,6.72,2720,6.72
1984-01-02 05:43:09,19.3625,-155.438,10.86,1.95,17.1215,0,2721,6.72,2721,6.72,2721,6.72
1984-01-02 06:55:58,19.4228,-155.336,7.75,3.16,5.1421,0,2722,6.72,2722,6.72,2722,6.72
1984-01-02 08:09:35,19.4475,-155.5008,9.6,1.84,22.6115,0,2723,6.72,2723,6.72,2723,6.72
1984-01-02 13:59:30,19.4923,-155.4985,3.1,1.87,23.5492,0,2724,6.72,2724,6.72,2724,6.72
1984-01-02 16:23:42,19.4593,-155.3953,4.48,1.59,12.1279,0,2725,6.72,2725,6.72,2725,6.72
1984-01-02 21:44:19,19.4373,-155.4835,8.86,1.78,20.6848,0,2726,6.72,2726,6.72,2726,6.72
1984-01-05 07:31:22,19.368,-155.028,7.89,2.14,27.7974,0,2727,6.72,2727,6.72,2727,6.72
1984-01-05 09:30:21,19.3845,-155.446,10.13,2.35,17.1624,0,2728,6.72,2728,6.72,2728,6.72
1984-01-05 10:23:08,19.3727,-155.479,10.36,2.08,20.8413,0,2729,6.72,2729,6.72,2729,6.72
1984-01-05 11:43:43,19.3587,-155.0322,5.49,1.79,27.609,0,2730,6.72,2730,6.72,2730,6.72
1984-01-05 15:08:50,19.309,-155.2593,7.18,1.63,12.7884,0,2731,6.72,2731,6.72,2731,6.72
1984-01-05 15:54:15,19.3577,-155.1107,8.59,1.85,19.7863,0,2732,6.72,2732,6.72,2732,6.72
1984-01-05 16:03:26,19.4503,-155.4883,10.26,2.53,21.3577,0,2733,6.72,2733,6.72,2733,6.72
1984-01-05 17:41:36,19.329,-155.1987,7.73,2.02,13.8003,0,2734,6.72,2734,6.72,2734,6.72
1984-01-06 00:15:50,19.409,-155.3203,4.85,1.51,3.7382,0,2735,6.72,2735,6.72,2735,6.72
1984-01-06 06:01:54,19.4222,-155.3493,9.72,1.87,6.5343,0,2736,6.72,2736,6.72,2736,6.72
1984-01-06 07:18:11,19.3337,-155.5088,5.28,2.28,25.2096,0,2737,6.72,2737,6.72,2737,6.72
1984-01-06 11:08:37,19.453,-155.4297,10.12,2.81,15.3802,0,2738,6.72,2738,6.72,2738,6.72
1984-01-06 19:25:49,19.349,-155.0857,6.93,2.02,22.5817,0,2739,6.72,2739,6.72,2739,6.72
1984-01-06 21:33:02,19.3527,-155.394,10.07,1.55,13.5511,0,2740,6.72,2740,6.72,2740,6.72
1984-01-07 20:50:33,19.2978,-155.221,8.79,2.11,15.3496,0,2741,6.72,2741,6.72,2741,6.72
1984-01-07 20:53:06,19.4875,-155.4603,3.88,2.52,19.6167,0,2742,6.72,2742,6.72,2742,6.72
1984-01-07 21:09:12,19.2952,-155.2602,7.07,1.65,14.2681,0,2743,6.72,2743,6.72,2743,6.72
1984-01-08 04:48:06,19.3062,-155.466,8.93,2.09,22.7058,0,2744,6.72,2744,6.72,2744,6.72
1984-01-08 04:52:46,19.2958,-155.4995,5.44,1.53,26.2826,0,2745,6.72,2745,6.72,2745,6.72
1984-01-08 07:10:31,19.4493,-155.4162,9.17,1.67,13.9082,0,2746,6.72,2746,6.72,2746,6.72
1984-01-08 07:16:40,19.3478,-155.3983,10.04,1.68,14.2315,0,2747,6.72,2747,6.72,2747,6.72
1984-01-08 10:47:54,19.3503,-155.3642,10.33,1.65,11.2858,0,2748,6.72,2748,6.72,2748,6.72
1984-01-08 11:03:42,19.4548,-155.485,10.36,2.36,21.0989,0,2749,6.72,2749,6.72,2749,6.72
1984-01-08 11:15:02,19.381,-155.4627,10.27,2.53,18.9565,0,2750,6.72,2750,6.72,2750,6.72
1984-01-08 13:42:38,19.3562,-155.3683,9.71,1.65,11.1638,0,2751,6.72,2751,6.72,2751,6.72
1984-01-08 15:32:20,19.412,-155.3647,11.62,2.56,8.2094,0,2752,6.72,2752,6.72,2752,6.72
1984-01-08 17:40:35,19.268,-155.336,8.39,2.63,17.7725,0,2753,6.72,2753,6.72,2753,6.72
1984-01-08 19:28:21,19.3702,-155.5032,7.88,2.06,23.3687,0,2754,6.72,2754,6.72,2754,6.72
1984-01-08 19:44:03,19.3277,-155.2292,9.05,2.55,12.0164,0,2755,6.72,2755,6.72,2755,6.72
1984-01-08 21:14:30,19.4155,-155.3588,10.34,1.89,7.5542,0,2756,6.72,2756,6.72,2756,6.72
1984-01-09 00:28:25,19.3728,-155.4893,9.21,1.74,21.8841,0,2757,6.72,2757,6.72,2757,6.72
1984-01-09 02:00:06,19.3872,-155.3502,10.37,1.9,7.6195,0,2758,6.72,2758,6.72,2758,6.72
1984-01-09 06:28:26,19.3783,-155.448,10.94,2.72,17.5405,0,2759,6.72,2759,6.72,2759,6.72
1984-01-09 07:32:43,19.3813,-155.4392,9.89,1.68,16.5617,0,2760,6.72,2760,6.72,2760,6.72
1984-01-09 07:53:49,19.3718,-155.0303,5.26,1.82,27.4741,0,2761,6.72,2761,6.72,2761,6.72
1984-01-09 08:47:25,19.2692,-155.3738,8.27,2.36,19.1792,0,2762,6.72,2762,6.72,2762,6.72
1984-01-09 08:57:07,19.3173,-155.1852,7.85,2.07,15.7165,0,2763,6.72,2763,6.72,2763,6.72
1984-01-09 16:26:40,19.2357,-155.313,6.46,1.54,20.7842,0,2764,6.72,2764,6.72,2764,6.72
1984-01-09 21:25:50,19.4235,-155.506,10.24,2.01,22.9673,0,2765,6.72,2765,6.72,2765,6.72
1984-01-10 00:52:42,19.4395,-155.478,7.43,1.66,20.1338,0,2766,6.72,2766,6.72,2766,6.72
1984-01-10 05:43:33,19.3503,-155.0463,7.52,1.85,26.4431,0,2767,6.72,2767,6.72,2767,6.72
1984-01-10 08:49:05,19.3358,-155.2288,5.64,2.06,11.2706,0,2768,6.72,2768,6.72,2768,6.72
1984-01-10 09:13:30,19.3608,-155.4773,5.83,1.73,21.0524,0,2769,6.72,2769,6.72,2769,6.72
1984-01-10 11:05:55,19.3645,-155.4817,5.28,2.03,21.3656,0,2770,6.72,2770,6.72,2770,6.72
1984-01-10 13:57:55,19.328,-155.2268,8.18,2.6,12.1169,0,2771,6.72,2771,6.72,2771,6.72
1984-01-10 18:21:18,19.3137,-155.2552,7.92,2.54,12.3888,0,2772,6.72,2772,6.72,2772,6.72
1984-01-10 18:58:02,19.4143,-155.3618,10.52,2.57,7.8793,0,2773,6.72,2773,6.72,2773,6.72
1984-01-10 23:30:13,19.3242,-155.1693,8.68,2.19,16.3799,0,2774,6.72,2774,6.72,2774,6.72
1984-01-11 02:26:03,19.3442,-155.3635,10.74,1.96,11.718,0,2775,6.72,2775,6.72,2775,6.72
1984-01-11 04:39:58,19.3123,-155.2303,9.0,2.52,13.4712,0,2776,6.72,2776,6.72,2776,6.72
1984-01-11 11:59:19,19.4608,-155.4652,9.93,1.64,19.2019,0,2777,6.72,2777,6.72,2777,6.72
1984-01-11 12:28:22,19.3407,-155.2175,7.22,1.88,11.5271,0,2778,6.72,2778,6.72,2778,6.72
1984-01-11 15:57:39,19.3957,-155.4553,10.61,1.68,17.8732,0,2779,6.72,2779,6.72,2779,6.72
1984-01-11 16:26:25,19.2937,-155.2182,5.61,1.52,15.8892,0,2780,6.72,2780,6.72,2780,6.72
1984-01-11 17:59:15,19.3705,-155.4838,10.3,2.34,21.3911,0,2781,6.72,2781,6.72,2781,6.72
1984-01-11 21:41:07,19.4272,-155.3475,11.19,1.79,6.3815,0,2782,6.72,2782,6.72,2782,6.72
1984-01-12 01:24:35,19.3982,-155.4493,10.47,1.64,17.2088,0,2783,6.72,2783,6.72,2783,6.72
1984-01-12 01:51:27,19.4175,-155.4523,3.35,1.75,17.339,0,2784,6.72,2784,6.72,2784,6.72
1984-01-12 02:52:23,19.3923,-155.4545,10.34,2.32,17.8542,0,2785,6.72,2785,6.72,2785,6.72
1984-01-12 05:47:16,19.3267,-155.1877,8.16,2.59,14.7802,0,2786,6.72,2786,6.72,2786,6.72
1984-01-12 06:57:29,19.3317,-155.1872,8.0,2.48,14.429,0,2787,6.72,2787,6.72,2787,6.72
1984-01-12 07:20:00,19.3942,-155.5032,9.85,1.69,22.869,0,2788,6.72,2788,6.72,2788,6.72
1984-01-12 07:37:56,19.3822,-155.4462,11.27,2.1,17.2451,0,2789,6.72,2789,6.72,2789,6.72
1984-01-12 13:27:42,19.4215,-155.489,8.97,1.56,21.1831,0,2790,6.72,2790,6.72,2790,6.72
1984-01-12 16:09:30,19.3222,-155.2505,6.31,1.61,11.6342,0,2791,6.72,2791,6.72,2791,6.72
1984-01-12 20:30:40,19.305,-155.2353,8.52,1.92,13.9925,0,2792,6.72,2792,6.72,2792,6.72
1984-01-12 20:32:28,19.3067,-155.2368,9.74,3.23,13.7575,0,2793,6.72,2793,6.72,2793,6.72
1984-01-12 22:49:31,19.3403,-155.2602,6.77,1.89,9.4035,0,2794,6.72,2794,6.72,2794,6.72
1984-01-13 00:03:29,19.3067,-155.2345,9.63,2.23,13.8516,0,2795,6.72,2795,6.72,2795,6.72
1984-01-13 00:32:50,19.4235,-155.3472,9.22,1.87,6.3189,0,2796,6.72,2796,6.72,2796,6.72
1984-01-13 02:13:32,19.3008,-155.2345,8.73,1.93,14.456,0,2797,6.72,2797,6.72,2797,6.72
1984-01-13 03:48:16,19.2963,-155.2367,10.6,3.53,14.8362,0,2798,6.72,2798,6.72,2798,6.72
1984-01-13 06:37:39,19.4675,-155.439,4.71,2.07,16.7552,0,2799,6.72,2799,6.72,2799,6.72
1984-01-13 10:54:17,19.4165,-155.328,4.53,2.6,4.3284,0,2800,6.72,2800,6.72,2800,6.72
1984-01-13 12:10:31,19.3227,-155.1943,6.52,2.19,14.6301,0,2801,6.72,2801,6.72,2801,6.72
1984-01-13 13:50:12,19.4277,-155.362,9.33,1.57,7.8999,0,2802,6.72,2802,6.72,2802,6.72
1984-01-13 17:38:32,19.3755,-155.5023,11.04,2.36,23.1408,0,2803,6.72,2803,6.72,2803,6.72
1984-01-13 17:57:04,19.3238,-155.1982,8.8,2.2,14.2685,0,2804,6.72,2804,6.72,2804,6.72
1984-01-13 19:26:06,19.4267,-155.3575,9.24,2.05,7.4199,0,2805,6.72,2805,6.72,2805,6.72
1984-01-13 21:20:46,19.3538,-155.0283,7.45,1.85,28.1453,0,2806,6.72,2806,6.72,2806,6.72
1984-01-13 22:22:36,19.4632,-155.39,11.56,3.38,11.7751,0,2807,6.72,2807,6.72,2807,6.72
1984-01-14 00:36:49,19.4388,-155.486,8.59,1.67,20.961,0,2808,6.72,2808,6.72,2808,6.72
1984-01-14 01:42:11,19.4543,-155.3988,10.69,2.71,12.2937,0,2809,6.72,2809,6.72,2809,6.72
1984-01-14 07:46:29,19.3523,-155.1242,4.76,2.13,18.7072,0,2810,6.72,2810,6.72,2810,6.72
1984-01-14 10:50:03,19.37,-155.5053,8.6,2.06,23.5878,0,2811,6.72,2811,6.72,2811,6.72
1984-01-14 19:50:13,19.3572,-155.503,9.94,1.76,23.7404,0,2812,6.72,2812,6.72,2812,6.72
1984-01-14 22:38:23,19.3698,-155.0075,6.62,1.85,29.8632,0,2813,6.72,2813,6.72,2813,6.72
1984-01-15 05:26:12,19.4193,-155.3198,6.18,1.79,3.4446,0,2814,6.72,2814,6.72,2814,6.72
1984-01-15 22:56:03,19.3227,-155.2038,6.28,1.93,13.9875,0,2815,6.72,2815,6.72,2815,6.72
1984-01-16 02:55:38,19.3613,-155.0092,7.9,1.67,29.8846,0,2816,6.72,2816,6.72,2816,6.72
1984-01-16 07:59:43,19.3302,-155.195,7.27,1.58,13.967,0,2817,6.72,2817,6.72,2817,6.72
1984-01-16 09:15:40,19.3177,-155.4583,9.91,2.13,21.3268,0,2818,6.72,2818,6.72,2818,6.72
1984-01-16 12:47:14,19.396,-155.5157,10.51,1.69,24.1454,0,2819,6.72,2819,6.72,2819,6.72
1984-01-16 15:09:16,19.2607,-155.3633,9.03,1.98,19.5396,0,2820,6.72,2820,6.72,2820,6.72
1984-01-16 22:39:41,19.4077,-155.3277,6.99,1.96,4.517,0,2821,6.72,2821,6.72,2821,6.72
1984-01-17 01:46:13,19.363,-155.2,3.31,1.53,11.1744,0,2822,6.72,2822,6.72,2822,6.72
1984-01-17 07:45:47,19.4238,-155.3353,7.79,2.55,5.0744,0,2823,6.72,2823,6.72,2823,6.72
1984-01-17 07:57:38,19.3915,-155.4553,11.07,1.72,17.9528,0,2824,6.72,2824,6.72,2824,6.72
1984-01-17 12:01:48,19.3215,-155.2565,6.31,1.61,11.5172,0,2825,6.72,2825,6.72,2825,6.72
1984-01-17 20:21:34,19.3975,-155.516,11.74,2.57,24.158,0,2826,6.72,2826,6.72,2826,6.72
1984-01-18 00:16:26,19.4312,-155.357,11.2,1.84,7.4274,0,2827,6.72,2827,6.72,2827,6.72
1984-01-18 10:45:40,19.4128,-155.3532,11.5,2.15,7.0018,0,2828,6.72,2828,6.72,2828,6.72
1984-01-18 14:32:50,19.382,-155.4375,10.07,1.67,16.3691,0,2829,6.72,2829,6.72,2829,6.72
1984-01-18 15:23:52,19.332,-155.5065,10.21,1.8,25.0613,0,2830,6.72,2830,6.72,2830,6.72
1984-01-18 15:26:49,19.4872,-155.4602,7.23,2.3,19.5944,0,2831,6.72,2831,6.72,2831,6.72
1984-01-18 17:20:56,19.3975,-155.346,10.85,1.59,6.7165,0,2832,6.72,2832,6.72,2832,6.72
1984-01-18 20:38:16,19.415,-155.324,5.82,1.94,3.9369,0,2833,6.72,2833,6.72,2833,6.72
1984-01-19 03:53:33,19.3775,-155.4468,10.49,1.65,17.4439,0,2834,6.72,2834,6.72,2834,6.72
1984-01-19 08:33:23,19.3262,-155.199,5.6,1.89,14.012,0,2835,6.72,2835,6.72,2835,6.72
1984-01-19 18:23:52,19.381,-155.4413,10.24,2.53,16.7829,0,2836,6.72,2836,6.72,2836,6.72
1984-01-20 00:09:51,19.3928,-155.3435,11.6,2.67,6.7038,1,2837,6.72,2837,6.72,2837,6.72
1984-01-20 01:14:22,19.3672,-155.4428,10.92,1.91,17.4015,1,2838,6.72,2838,6.72,2838,6.72
1984-01-20 06:15:58,19.3307,-155.1933,7.86,1.99,14.051,1,2839,6.72,2839,6.72,2839,6.72
1984-01-20 07:04:49,19.3653,-155.1202,8.78,3.03,18.5592,1,2840,6.72,2840,6.72,2840,6.72
1984-01-20 11:29:35,19.4558,-155.3772,9.9,2.93,10.2188,1,2841,6.72,2841,6.72,2841,6.72
1984-01-20 11:52:07,19.286,-155.3427,9.58,1.52,16.1084,1,2842,6.72,2842,6.72,2842,6.72
1984-01-20 13:58:31,19.3663,-155.3925,10.27,1.96,12.6267,1,2843,6.72,2843,6.72,2843,6.72
1984-01-20 19:19:42,19.3568,-155.1143,8.18,2.67,19.4704,1,2844,6.72,2844,6.72,2844,6.72
1984-01-21 04:00:02,19.3963,-155.436,8.06,1.66,15.8658,1,2845,6.72,2845,6.72,2845,6.72
1984-01-21 04:42:30,19.4477,-155.4918,9.81,2.41,21.6792,1,2846,6.72,2846,6.72,2846,6.72
1984-01-21 05:44:51,19.317,-155.185,8.69,2.44,15.7552,1,2847,6.72,2847,6.72,2847,6.72
1984-01-21 14:16:29,19.4577,-155.4967,11.18,2.37,22.3636,1,2848,6.72,2848,6.72,2848,6.72
1984-01-21 14:56:35,19.4188,-155.324,5.76,1.55,3.8876,1,2849,6.72,2849,6.72,2849,6.72
1984-01-22 01:30:50,19.3063,-155.1893,4.3,1.6,16.362,1,2850,6.72,2850,6.72,2850,6.72
1984-01-22 05:31:29,19.338,-155.3958,10.88,1.86,14.6771,1,2851,6.72,2851,6.72,2851,6.72
1984-01-22 10:09:44,19.2543,-155.2318,9.01,1.69,19.42,1,2852,6.72,2852,6.72,2852,6.72
1984-01-22 12:51:35,19.341,-155.0463,8.11,2.86,26.7694,1,2853,6.72,2853,6.72,2853,6.72
1984-01-22 15:08:59,19.3555,-155.0377,2.05,2.01,27.1445,1,2854,6.72,2854,6.72,2854,6.72
1984-01-22 20:12:44,19.4267,-155.346,9.21,2.54,6.2192,1,2855,6.72,2855,6.72,2855,6.72
1984-01-22 20:14:26,19.2955,-155.2677,8.07,1.65,14.1011,1,2856,6.72,2856,6.72,2856,6.72
1984-01-23 01:09:31,19.3723,-155.4983,8.95,1.75,22.8137,1,2857,6.72,2857,6.72,2857,6.72
1984-01-23 02:42:41,19.4493,-155.4852,8.41,1.66,21.0197,1,2858,6.72,2858,6.72,2858,6.72
1984-01-23 10:14:26,19.3768,-155.5018,8.96,1.57,23.0583,1,2859,6.72,2859,6.72,2859,6.72
1984-01-23 21:18:46,19.307,-155.2218,5.22,1.68,14.4039,1,2860,6.72,2860,6.72,2860,6.72
1984-01-23 21:34:12,19.302,-155.2228,6.19,1.66,14.8477,1,2861,6.72,2861,6.72,2861,6.72
1984-01-23 23:12:44,19.3268,-155.2047,7.75,1.86,13.5739,1,2862,6.72,2862,6.72,2862,6.72
1984-01-24 00:34:23,19.3398,-155.1898,9.24,2.18,13.6191,1,2863,6.72,2863,6.72,2863,6.72
1984-01-24 04:08:04,19.365,-155.481,4.19,1.58,21.2791,1,2864,6.72,2864,6.72,2864,6.72
1984-01-24 04:59:40,19.3472,-155.3545,10.9,1.53,10.8382,1,2865,6.72,2865,6.72,2865,6.72
1984-01-24 05:09:16,19.3228,-155.2647,8.74,2.22,11.1671,1,2866,6.72,2866,6.72,2866,6.72
1984-01-24 07:21:29,19.311,-155.2163,6.71,1.97,14.3045,1,2867,6.72,2867,6.72,2867,6.72
1984-01-24 07:50:35,19.4253,-155.3515,10.16,1.96,6.7805,1,2868,6.72,2868,6.72,2868,6.72
1984-01-24 07:53:08,19.3875,-155.4277,11.01,1.72,15.2191,1,2869,6.72,2869,6.72,2869,6.72
1984-01-24 12:14:38,19.3667,-155.0412,7.41,1.58,26.4787,1,2870,6.72,2870,6.72,2870,6.72
1984-01-25 01:04:42,19.3788,-155.4997,9.68,1.58,22.7962,1,2871,6.72,2871,6.72,2871,6.72
1984-01-25 02:02:52,19.3522,-155.3767,8.52,1.87,12.1261,1,2872,6.72,2872,6.72,2872,6.72
1984-01-25 02:32:10,19.4588,-155.475,10.03,1.88,20.1558,1,2873,6.72,2873,6.72,2873,6.72
1984-01-25 08:14:37,19.4715,-155.4338,9.64,1.97,16.3843,1,2874,6.72,2874,6.72,2874,6.72
1984-01-26 03:18:36,19.3798,-155.4463,10.04,1.7,17.324,1,2875,6.72,2875,6.72,2875,6.72
1984-01-26 03:48:06,19.4517,-155.4362,3.5,1.6,16.0127,1,2876,6.72,2876,6.72,2876,6.72
1984-01-26 10:33:27,19.3592,-155.0848,8.18,2.14,22.2941,1,2877,6.72,2877,6.72,2877,6.72
1984-01-26 14:34:18,19.391,-155.4315,10.5,2.14,15.5173,1,2878,6.72,2878,6.72,2878,6.72
1984-01-26 15:45:14,19.3362,-155.1308,8.57,2.61,18.9044,1,2879,6.72,2879,6.72,2879,6.72
1984-01-26 17:16:27,19.4342,-155.3557,9.61,3.13,7.3519,1,2880,6.72,2880,6.72,2880,6.72
1984-01-26 19:52:23,19.4412,-155.5017,7.83,1.54,22.6253,1,2881,6.72,2881,6.72,2881,6.72
1984-01-27 06:37:26,19.4227,-155.3543,9.28,1.87,7.0598,1,2882,6.72,2882,6.72,2882,6.72
1984-01-27 09:10:25,19.3903,-155.454,9.75,1.8,17.8439,1,2883,6.72,2883,6.72,2883,6.72
1984-01-27 16:59:18,19.4595,-155.4925,10.74,2.06,21.9687,1,2884,6.72,2884,6.72,2884,6.72
1984-01-27 17:27:59,19.3442,-155.0715,4.6,1.79,24.164,1,2885,6.72,2885,6.72,2885,6.72
1984-01-27 21:08:28,19.3763,-155.3493,10.02,2.93,8.2095,1,2886,6.72,2886,6.72,2886,6.72
1984-01-27 22:40:30,19.3752,-155.46,9.66,2.55,18.8456,1,2887,6.72,2887,6.72,2887,6.72
1984-01-28 03:51:52,19.363,-155.5012,8.66,1.76,23.3738,1,2888,6.72,2888,6.72,2888,6.72
1984-01-28 16:32:58,19.4837,-155.4535,5.18,2.65,18.7976,1,2889,6.72,2889,6.72,2889,6.72
1984-01-28 17:00:43,19.3783,-155.45,9.87,2.17,17.7425,1,2890,6.72,2890,6.72,2890,6.72
1984-01-28 18:16:52,19.3787,-155.4978,10.85,2.7,22.6036,1,2891,6.72,2891,6.72,2891,6.72
1984-01-29 00:56:45,19.3782,-155.3463,10.68,1.57,7.8312,1,2892,6.72,2892,6.72,2892,6.72
1984-01-29 04:13:55,19.3475,-155.4773,9.82,2.06,21.569,1,2893,6.72,2893,6.72,2893,6.72
1984-01-29 07:43:23,19.4,-155.5215,14.38,2.34,24.7035,1,2894,6.72,2894,6.72,2894,6.72
1984-01-29 17:13:35,19.3217,-155.1628,6.86,1.58,17.0783,1,2895,6.72,2895,6.72,2895,6.72
1984-01-29 18:35:49,19.5153,-155.4617,4.56,1.89,21.1041,1,2896,6.72,2896,6.72,2896,6.72
1984-01-29 21:33:13,19.3288,-155.246,6.89,1.9,11.1178,1,2897,6.72,2897,6.72,2897,6.72
1984-01-31 18:57:56,19.343,-155.3657,10.42,1.55,11.9735,1,2898,6.72,2898,6.72,2898,6.72
1984-01-31 21:34:44,19.3398,-155.2188,8.54,2.18,11.5197,1,2899,6.72,2899,6.72,2899,6.72
1984-01-31 22:38:54,19.3508,-155.1052,4.97,2.14,20.6052,1,2900,6.72,2900,6.72,2900,6.72
1984-01-31 22:51:12,19.356,-155.0095,3.99,2.14,29.9909,1,2901,6.72,2901,6.72,2901,6.72
1984-02-01 02:48:14,19.3558,-155.3692,10.61,2.51,11.2647,1,2902,6.72,2902,6.72,2902,6.72
1984-02-01 08:22:38,19.3862,-155.4602,9.8,1.54,18.5724,1,2903,6.72,2903,6.72,2903,6.72
1984-02-01 08:23:39,19.307,-155.2212,8.14,2.1,14.4339,1,2904,6.72,2904,6.72,2904,6.72
1984-02-01 08:36:06,19.3492,-155.3695,11.38,1.87,11.7737,1,2905,6.72,2905,6.72,2905,6.72
1984-02-01 19:25:54,19.3632,-155.3862,10.63,1.84,12.2295,1,2906,6.72,2906,6.72,2906,6.72
1984-02-02 09:06:04,19.3203,-155.1993,7.23,1.77,14.4921,1,2907,6.72,2907,6.72,2907,6.72
1984-02-02 09:56:41,19.3672,-155.4805,9.88,1.54,21.1584,1,2908,6.72,2908,6.72,2908,6.72
1984-02-02 14:25:12,19.474,-155.4518,7.96,2.75,18.2565,1,2909,6.72,2909,6.72,2909,6.72
1984-02-03 19:24:59,19.3282,-155.1837,7.62,2.33,14.9634,1,2910,6.72,2910,6.72,2910,6.72
1984-02-04 02:22:05,19.3947,-155.4358,10.59,2.67,15.877,1,2911,6.72,2911,6.72,2911,6.72
1984-02-04 06:38:36,19.4273,-155.3463,10.36,3.09,6.2576,1,2912,6.72,2912,6.72,2912,6.72
1984-02-04 07:11:42,19.3195,-155.2217,7.21,1.6,13.2025,1,2913,6.72,2913,6.72,2913,6.72
1984-02-04 08:24:55,19.471,-155.455,8.23,2.77,18.4714,1,2914,6.72,2914,6.72,2914,6.72
1984-02-04 09:44:23,19.3978,-155.4473,10.43,2.93,17.008,1,2915,6.72,2915,6.72,2915,6.72
1984-02-04 14:29:51,19.4127,-155.3355,4.92,1.86,5.169,1,2916,6.72,2916,6.72,2916,6.72
1984-02-04 20:12:05,19.4338,-155.5018,11.62,1.71,22.5694,1,2917,6.72,2917,6.72,2917,6.72
1984-02-05 02:35:17,19.446,-155.497,10.13,2.3,22.1951,1,2918,6.72,2918,6.72,2918,6.72
1984-02-05 06:32:01,19.3353,-155.206,7.62,1.88,12.7673,1,2919,6.72,2919,6.72,2919,6.72
1984-02-05 16:57:48,19.2752,-155.3763,6.88,2.22,18.7245,1,2920,6.72,2920,6.72,2920,6.72
1984-02-05 18:56:48,19.4835,-155.4173,4.34,2.04,15.3275,1,2921,6.72,2921,6.72,2921,6.72
1984-02-06 00:27:10,19.4568,-155.4953,9.95,1.97,22.2011,1,2922,6.72,2922,6.72,2922,6.72
1984-02-06 03:14:06,19.3838,-155.4448,11.0,1.54,17.0589,1,2923,6.72,2923,6.72,2923,6.72
1984-02-06 14:21:11,19.4685,-155.4305,9.64,1.72,15.9462,1,2924,6.72,2924,6.72,2924,6.72
1984-02-06 17:21:00,19.4602,-155.4855,9.61,1.69,21.2651,1,2925,6.72,2925,6.72,2925,6.72
1984-02-07 04:01:47,19.2892,-155.3465,8.85,1.85,15.9293,1,2926,6.72,2926,6.72,2926,6.72
1984-02-07 06:52:56,19.4183,-155.3177,6.38,2.95,3.2332,1,2927,6.72,2927,6.72,2927,6.72
1984-02-07 07:54:13,19.4195,-155.315,5.79,2.62,2.9408,1,2928,6.72,2928,6.72,2928,6.72
1984-02-07 11:45:29,19.3628,-155.4765,4.67,2.03,20.9028,1,2929,6.72,2929,6.72,2929,6.72
1984-02-07 13:41:00,19.4007,-155.431,10.54,2.72,15.2694,1,2930,6.72,2930,6.72,2930,6.72
1984-02-07 13:42:34,19.3745,-155.347,9.82,1.61,8.1445,1,2931,6.72,2931,6.72,2931,6.72
1984-02-08 03:59:54,19.3945,-155.438,3.64,1.79,16.1079,1,2932,6.72,2932,6.72,2932,6.72
1984-02-08 04:43:57,19.3423,-155.0762,7.31,2.03,23.7805,1,2933,6.72,2933,6.72,2933,6.72
1984-02-08 12:15:40,19.3908,-155.5025,8.45,2.34,22.849,1,2934,6.72,2934,6.72,2934,6.72
1984-02-08 12:48:34,19.3233,-155.1975,6.82,1.89,14.3586,1,2935,6.72,2935,6.72,2935,6.72
1984-02-08 13:32:51,19.419,-155.3398,6.96,1.56,5.5413,1,2936,6.72,2936,6.72,2936,6.72
1984-02-09 02:02:21,19.4935,-155.3648,0.02,1.99,11.4683,1,2937,6.72,2937,6.72,2937,6.72
1984-02-09 02:18:16,19.3355,-155.1992,7.69,2.48,13.2367,1,2938,6.72,2938,6.72,2938,6.72
1984-02-09 04:14:02,19.3495,-155.3615,9.83,2.3,11.1476,1,2939,6.72,2939,6.72,2939,6.72
1984-02-09 05:02:45,19.3918,-155.4318,10.66,2.53,15.5292,1,2940,6.72,2940,6.72,2940,6.72
1984-02-09 15:36:02,19.4728,-155.4555,5.27,2.21,18.5824,1,2941,6.72,2941,6.72,2941,6.72
1984-02-09 19:07:43,19.4218,-155.3617,9.49,2.18,7.8339,1,2942,6.72,2942,6.72,2942,6.72
1984-02-10 00:25:53,19.3115,-155.2563,6.41,2.23,12.5946,1,2943,6.72,2943,6.72,2943,6.72
1984-02-10 03:23:32,19.471,-155.4117,2.78,2.58,14.2078,1,2944,6.72,2944,6.72,2944,6.72
1984-02-11 05:48:11,19.3677,-155.0438,5.25,1.55,26.1878,1,2945,6.72,2945,6.72,2945,6.72
1984-02-11 14:33:23,19.4307,-155.3635,8.75,1.56,8.0941,1,2946,6.72,2946,6.72,2946,6.72
1984-02-12 05:25:33,19.3097,-155.2593,6.99,1.69,12.7126,1,2947,6.72,2947,6.72,2947,6.72
1984-02-12 15:29:44,19.3207,-155.2237,9.35,2.57,12.98,1,2948,6.72,2948,6.72,2948,6.72
1984-02-12 20:35:54,19.404,-155.4383,9.39,1.56,15.9793,1,2949,6.72,2949,6.72,2949,6.72
1984-02-13 03:07:31,19.354,-155.4152,13.33,1.91,15.3725,1,2950,6.72,2950,6.72,2950,6.72
1984-02-13 03:53:45,19.4123,-155.4032,9.94,1.9,12.2241,1,2951,6.72,2951,6.72,2951,6.72
1984-02-13 03:54:28,19.411,-155.4073,8.42,1.92,12.6646,1,2952,6.72,2952,6.72,2952,6.72
1984-02-13 04:07:10,19.3208,-155.2608,8.28,2.0,11.4757,1,2953,6.72,2953,6.72,2953,6.72
1984-02-13 04:44:15,19.4127,-155.4057,8.74,1.82,12.482,1,2954,6.72,2954,6.72,2954,6.72
1984-02-13 05:06:20,19.4923,-155.4683,3.05,2.77,20.5953,1,2955,6.72,2955,6.72,2955,6.72
1984-02-13 05:08:51,19.4985,-155.4692,4.49,2.87,20.956,1,2956,6.72,2956,6.72,2956,6.72
1984-02-13 05:52:47,19.4002,-155.4292,11.18,1.56,15.0912,1,2957,6.72,2957,6.72,2957,6.72
1984-02-13 14:05:58,19.427,-155.3712,10.43,1.58,8.8546,1,2958,6.72,2958,6.72,2958,6.72
1984-02-13 20:27:22,19.399,-155.4355,9.25,3.22,15.7646,1,2959,6.72,2959,6.72,2959,6.72
1984-02-14 02:50:41,19.4812,-155.4533,1.97,2.58,18.6769,1,2960,6.72,2960,6.72,2960,6.72
1984-02-14 04:16:11,19.4213,-155.3305,5.48,2.9,4.5616,1,2961,6.72,2961,6.72,2961,6.72
1984-02-14 13:08:22,19.3268,-155.1995,5.77,1.89,13.9272,1,2962,6.72,2962,6.72,2962,6.72
1984-02-14 13:53:51,19.3462,-155.101,6.72,1.62,21.2091,1,2963,6.72,2963,6.72,2963,6.72
1984-02-14 13:55:47,19.3353,-155.2197,5.98,1.88,11.8595,1,2964,6.72,2964,6.72,2964,6.72
1984-02-15 03:53:40,19.3602,-155.0472,7.53,2.56,26.0451,1,2965,6.72,2965,6.72,2965,6.72
1984-02-15 05:56:34,19.4205,-155.321,5.11,1.84,3.5657,1,2966,6.72,2966,6.72,2966,6.72
1984-02-15 08:57:30,19.4275,-155.353,9.2,2.61,6.9585,1,2967,6.72,2967,6.72,2967,6.72
1984-02-15 17:22:41,19.3988,-155.4542,11.53,3.59,17.7078,1,2968,6.72,2968,6.72,2968,6.72
1984-02-16 16:52:33,19.4822,-155.4457,12.27,3.31,17.977,1,2969,6.72,2969,6.72,2969,6.72
1984-02-16 17:41:53,19.3162,-155.2527,7.1,1.76,12.1961,1,2970,6.72,2970,6.72,2970,6.72
1984-02-17 10:26:25,19.4143,-155.4218,6.59,1.93,14.1558,1,2971,6.72,2971,6.72,2971,6.72
1984-02-17 12:45:06,19.3812,-155.0742,8.73,3.23,22.7534,1,2972,6.72,2972,6.72,2972,6.72
1984-02-17 18:38:42,19.3777,-155.4998,8.67,1.57,22.832,1,2973,6.72,2973,6.72,2973,6.72
1984-02-18 07:51:55,19.3132,-155.2193,7.17,1.91,13.9328,1,2974,6.72,2974,6.72,2974,6.72
1984-02-18 10:47:37,19.3493,-155.3912,11.54,1.67,13.5283,1,2975,6.72,2975,6.72,2975,6.72
1984-02-18 15:51:04,19.371,-155.4647,10.49,2.57,19.4492,1,2976,6.72,2976,6.72,2976,6.72
1984-02-19 02:00:52,19.4048,-155.439,9.64,2.05,16.0419,1,2977,6.72,2977,6.72,2977,6.72
1984-02-19 14:24:17,19.4225,-155.3477,10.7,2.27,6.3674,1,2978,6.72,2978,6.72,2978,6.72
1984-02-19 20:48:56,19.3827,-155.0388,8.31,2.18,26.3776,1,2979,6.72,2979,6.72,2979,6.72
1984-02-20 18:41:54,19.3927,-155.4317,10.54,2.02,15.4983,1,2980,6.72,2980,6.72,2980,6.72
1984-02-21 04:53:02,19.4133,-155.336,5.68,2.04,5.2092,1,2981,6.72,2981,6.72,2981,6.72
1984-02-21 05:52:29,19.3982,-155.5152,10.93,2.29,24.0662,1,2982,6.72,2982,6.72,2982,6.72
1984-02-21 06:40:42,19.4693,-155.4083,2.9,2.53,13.8058,1,2983,6.72,2983,6.72,2983,6.72
1984-02-21 07:06:39,19.3635,-155.3657,8.61,1.94,10.4409,1,2984,6.72,2984,6.72,2984,6.72
1984-02-21 08:12:44,19.313,-155.2268,7.98,1.91,13.5684,1,2985,6.72,2985,6.72,2985,6.72
1984-02-21 09:46:56,19.3202,-155.2548,7.78,1.92,11.7064,1,2986,6.72,2986,6.72,2986,6.72
1984-02-21 14:50:36,19.3248,-155.3937,10.12,1.71,15.4821,1,2987,6.72,2987,6.72,2987,6.72
1984-02-22 03:29:17,19.3567,-155.042,6.11,1.89,26.6741,1,2988,6.72,2988,6.72,2988,6.72
1984-02-22 08:42:47,19.4022,-155.4262,11.38,1.59,14.7471,1,2989,6.72,2989,6.72,2989,6.72
1984-02-22 18:50:05,19.3787,-155.4483,9.74,1.56,17.5588,1,2990,6.72,2990,6.72,2990,6.72
1984-02-23 00:55:04,19.383,-155.435,11.14,1.58,16.0868,1,2991,6.72,2991,6.72,2991,6.72
1984-02-23 06:32:28,19.3205,-155.1688,7.54,1.59,16.6922,1,2992,6.72,2992,6.72,2992,6.72
1984-02-23 09:03:30,19.3928,-155.4518,9.83,1.57,17.5656,1,2993,6.72,2993,6.72,2993,6.72
1984-02-24 23:51:03,19.3218,-155.1813,6.52,1.89,15.6403,1,2994,6.72,2994,6.72,2994,6.72
1984-02-25 06:07:12,19.4222,-155.3483,11.14,1.66,6.4295,1,2995,6.72,2995,6.72,2995,6.72
1984-02-25 06:59:11,19.314,-155.2315,7.2,1.61,13.246,1,2996,6.72,2996,6.72,2996,6.72
1984-02-25 10:33:45,19.3262,-155.1963,7.22,1.78,14.2002,1,2997,6.72,2997,6.72,2997,6.72
1984-02-25 11:04:59,19.3138,-155.1875,5.67,1.91,15.8443,1,2998,6.72,2998,6.72,2998,6.72
1984-02-25 11:33:35,19.3393,-155.2267,6.36,1.84,11.0698,1,2999,6.72,2999,6.72,2999,6.72
1984-02-25 15:05:47,19.4968,-155.4547,5.43,2.49,19.4979,1,3000,6.72,3000,6.72,3000,6.72
1984-02-25 16:04:12,19.3092,-155.2538,7.49,1.63,12.9103,1,3001,6.72,3001,6.72,3001,6.72
1984-02-25 16:07:16,19.3408,-155.2208,8.63,2.48,11.3026,1,3002,6.72,3002,6.72,3002,6.72
1984-02-25 16:43:05,19.32,-155.4747,8.89,2.08,22.6673,1,3003,6.72,3003,6.72,3003,6.72
1984-02-25 21:16:00,19.3547,-155.0382,6.96,2.55,27.1181,1,3004,6.72,3004,6.72,3004,6.72
1984-02-25 22:02:40,19.3903,-155.343,10.85,1.6,6.7929,1,3005,6.72,3005,6.72,3005,6.72
1984-02-26 04:44:19,19.4155,-155.324,5.69,1.52,3.9278,1,3006,6.72,3006,6.72,3006,6.72
1984-02-26 05:00:23,19.293,-155.2163,5.82,1.63,16.0497,1,3007,6.72,3007,6.72,3007,6.72
1984-02-26 16:00:43,19.3195,-155.223,7.17,1.9,13.1322,1,3008,6.72,3008,6.72,3008,6.72
1984-02-26 18:17:42,19.4113,-155.3477,8.5,1.88,6.4561,1,3009,6.72,3009,6.72,3009,6.72
1984-02-26 20:40:21,19.5055,-155.4833,3.63,1.91,22.6234,1,3010,6.72,3010,6.72,3010,6.72
1984-02-26 22:06:49,19.4592,-155.403,11.3,2.28,12.8834,1,3011,6.72,3011,6.72,3011,6.72
1984-02-26 23:41:41,19.3342,-155.136,7.18,1.57,18.5485,1,3012,6.72,3012,6.72,3012,6.72
1984-02-27 00:03:41,19.4568,-155.4285,6.17,2.44,15.3617,1,3013,6.72,3013,6.72,3013,6.72
1984-02-27 03:38:00,19.4557,-155.4257,6.13,1.56,15.0465,1,3014,6.72,3014,6.72,3014,6.72
1984-02-27 13:55:45,19.4193,-155.5058,12.28,2.25,22.9457,1,3015,6.72,3015,6.72,3015,6.72
1984-02-27 22:22:49,19.391,-155.3487,11.22,1.9,7.2799,1,3016,6.72,3016,6.72,3016,6.72
1984-02-28 04:42:20,19.32,-155.2485,7.46,1.83,11.9348,1,3017,6.72,3017,6.72,3017,6.72
1984-02-28 05:15:15,19.3982,-155.439,10.05,2.09,16.1411,1,3018,6.72,3018,6.72,3018,6.72
1984-02-28 08:06:26,19.3617,-155.3937,10.02,1.7,12.9893,1,3019,6.72,3019,6.72,3019,6.72
1984-02-28 13:43:19,19.3425,-155.0343,6.93,1.85,27.907,1,3020,6.72,3020,6.72,3020,6.72
1984-02-28 16:41:19,19.324,-155.204,4.82,1.96,13.8616,1,3021,6.72,3021,6.72,3021,6.72
1984-02-28 20:17:31,19.3535,-155.5042,9.24,2.55,23.9863,1,3022,6.72,3022,6.72,3022,6.72
1984-02-28 22:32:03,19.36,-155.5047,10.72,2.01,23.8199,1,3023,6.72,3023,6.72,3023,6.72
1984-02-28 22:36:33,19.3522,-155.5043,10.52,2.08,24.042,1,3024,6.72,3024,6.72,3024,6.72
1984-02-29 00:02:29,19.3395,-155.2163,7.48,1.73,11.7101,1,3025,6.72,3025,6.72,3025,6.72
1984-02-29 01:20:08,19.3483,-155.1297,8.51,3.18,18.3736,1,3026,6.72,3026,6.72,3026,6.72
1984-02-29 04:15:31,19.3317,-155.1835,8.43,2.0,14.7131,1,3027,6.72,3027,6.72,3027,6.72
1984-02-29 07:22:49,19.4408,-155.4322,11.46,1.69,15.384,1,3028,6.72,3028,6.72,3028,6.72
1984-02-29 07:43:45,19.351,-155.4913,6.66,2.06,22.7987,1,3029,6.72,3029,6.72,3029,6.72
1984-02-29 17:38:41,19.4712,-155.4473,6.45,2.75,17.7102,1,3030,6.72,3030,6.72,3030,6.72
1984-03-01 10:17:44,19.3207,-155.2212,8.25,1.9,13.1161,1,3031,6.72,3031,6.72,3031,6.72
1984-03-01 22:03:42,19.3048,-155.2262,6.2,1.92,14.4095,1,3032,6.72,3032,6.72,3032,6.72
1984-03-02 05:29:47,19.405,-155.4908,9.15,1.71,21.4468,1,3033,6.72,3033,6.72,3033,6.72
1984-03-02 19:15:34,19.3197,-155.2033,6.31,1.6,14.2819,1,3034,6.72,3034,6.72,3034,6.72
1984-03-03 10:13:42,19.3738,-155.5077,9.93,1.76,23.735,1,3035,6.72,3035,6.72,3035,6.72
1984-03-04 00:55:10,19.3695,-155.3942,12.85,3.1,12.6177,1,3036,6.72,3036,6.72,3036,6.72
1984-03-04 02:29:35,19.398,-155.4353,5.55,1.65,15.7616,1,3037,6.72,3037,6.72,3037,6.72
1984-03-04 03:20:23,19.335,-155.2003,5.13,2.18,13.197,1,3038,6.72,3038,6.72,3038,6.72
1984-03-04 06:21:15,19.4617,-155.4042,12.11,1.89,13.0956,1,3039,6.72,3039,6.72,3039,6.72
1984-03-04 11:37:50,19.4175,-155.3217,6.06,1.55,3.6594,1,3040,6.72,3040,6.72,3040,6.72
1984-03-04 12:37:01,19.4762,-155.449,8.06,2.96,18.0605,1,3041,6.72,3041,6.72,3041,6.72
1984-03-05 00:04:08,19.3897,-155.3455,10.41,2.75,7.0535,1,3042,6.72,3042,6.72,3042,6.72
1984-03-05 07:03:10,19.3972,-155.2655,2.81,1.53,3.4769,1,3043,6.72,3043,6.72,3043,6.72
1984-03-05 09:20:27,19.3247,-155.1945,6.86,1.59,14.4505,1,3044,6.72,3044,6.72,3044,6.72
1984-03-05 12:56:43,19.4305,-155.3555,8.87,1.57,7.2602,1,3045,6.72,3045,6.72,3045,6.72
1984-03-05 14:10:03,19.373,-155.0372,7.99,1.87,26.7383,1,3046,6.72,3046,6.72,3046,6.72
1984-03-06 00:43:29,19.2968,-155.2528,6.47,1.94,14.2689,1,3047,6.72,3047,6.72,3047,6.72
1984-03-06 11:00:40,19.4443,-155.4385,7.19,2.4,16.096,1,3048,6.72,3048,6.72,3048,6.72
1984-03-06 13:24:05,19.3157,-155.2563,7.24,1.92,12.1437,1,3049,6.72,3049,6.72,3049,6.72
1984-03-06 17:36:15,19.4253,-155.3448,10.36,1.87,6.0799,1,3050,6.72,3050,6.72,3050,6.72
1984-03-06 21:07:51,19.4265,-155.4943,8.85,1.98,21.7471,1,3051,6.72,3051,6.72,3051,6.72
1984-03-07 02:19:01,19.3737,-155.4827,9.65,1.98,21.1885,1,3052,6.72,3052,6.72,3052,6.72
1984-03-07 03:17:43,19.3103,-155.3417,8.64,1.77,13.5809,1,3053,6.72,3053,6.72,3053,6.72
1984-03-07 06:12:09,19.4315,-155.4855,8.63,1.97,20.8481,1,3054,6.72,3054,6.72,3054,6.72
1984-03-07 06:13:24,19.3115,-155.2655,3.61,1.71,12.383,1,3055,6.72,3055,6.72,3055,6.72
1984-03-07 07:16:21,19.3617,-155.387,11.05,1.96,12.3889,1,3056,6.72,3056,6.72,3056,6.72
1984-03-07 09:19:09,19.5872,-155.1043,6.47,2.09,26.613,1,3057,6.72,3057,6.72,3057,6.72
1984-03-07 16:25:36,19.4165,-155.4995,11.53,1.94,22.2901,1,3058,6.72,3058,6.72,3058,6.72
1984-03-07 17:24:52,19.3793,-155.0435,8.17,1.94,25.9564,1,3059,6.72,3059,6.72,3059,6.72
1984-03-07 19:31:29,19.4277,-155.4952,9.75,2.33,21.8455,1,3060,6.72,3060,6.72,3060,6.72
1984-03-07 22:41:48,19.3762,-155.5042,8.39,2.05,23.3185,1,3061,6.72,3061,6.72,3061,6.72
1984-03-08 02:50:17,19.3663,-155.0445,7.87,1.83,26.1522,1,3062,6.72,3062,6.72,3062,6.72
1984-03-08 03:34:35,19.3648,-155.4662,10.12,2.47,19.807,1,3063,6.72,3063,6.72,3063,6.72
1984-03-08 06:53:02,19.426,-155.487,8.31,2.16,20.9804,1,3064,6.72,3064,6.72,3064,6.72
1984-03-08 11:35:03,19.3465,-155.0385,6.22,2.55,27.3506,1,3065,6.72,3065,6.72,3065,6.72
1984-03-08 20:58:50,19.3203,-155.1948,8.77,3.64,14.7962,1,3066,6.72,3066,6.72,3066,6.72
1984-03-09 04:51:59,19.4818,-155.4382,6.63,3.19,17.2342,1,3067,6.72,3067,6.72,3067,6.72
1984-03-09 05:00:31,19.3547,-155.0557,6.22,2.14,25.3565,1,3068,6.72,3068,6.72,3068,6.72
1984-03-09 06:18:49,19.3302,-155.193,8.84,2.49,14.1128,1,3069,6.72,3069,6.72,3069,6.72
1984-03-09 08:08:16,19.3303,-155.197,7.11,1.58,13.8147,1,3070,6.72,3070,6.72,3070,6.72
1984-03-09 10:32:40,19.3678,-155.4057,13.8,1.67,13.7835,1,3071,6.72,3071,6.72,3071,6.72
1984-03-10 02:52:50,19.3325,-155.199,6.58,1.58,13.4927,1,3072,6.72,3072,6.72,3072,6.72
1984-03-10 08:45:55,19.4695,-155.4495,5.38,2.5,17.8714,1,3073,6.72,3073,6.72,3073,6.72
1984-03-10 10:26:50,19.3673,-155.5032,8.58,2.06,23.4489,1,3074,6.72,3074,6.72,3074,6.72
1984-03-10 12:22:44,19.3357,-155.206,7.42,1.88,12.7342,1,3075,6.72,3075,6.72,3075,6.72
1984-03-10 16:27:45,19.3657,-155.0332,4.63,2.01,27.3213,1,3076,6.72,3076,6.72,3076,6.72
1984-03-10 23:45:22,19.3365,-155.2218,7.5,2.28,11.6216,1,3077,6.72,3077,6.72,3077,6.72
1984-03-11 05:54:49,19.431,-155.3618,9.13,1.87,7.922,1,3078,6.72,3078,6.72,3078,6.72
1984-03-11 07:52:12,19.347,-155.2253,7.34,1.87,10.4687,1,3079,6.72,3079,6.72,3079,6.72
1984-03-11 08:49:03,19.3707,-155.0435,8.13,2.23,26.1448,1,3080,6.72,3080,6.72,3080,6.72
1984-03-11 14:34:02,19.3177,-155.2232,7.12,2.38,13.2941,1,3081,6.72,3081,6.72,3081,6.72
1984-03-11 16:48:36,19.3727,-155.4938,9.17,2.35,22.3447,1,3082,6.72,3082,6.72,3082,6.72
1984-03-11 21:50:19,19.3003,-155.3875,9.81,3.03,17.0669,1,3083,6.72,3083,6.72,3083,6.72
1984-03-12 09:01:38,19.327,-155.225,5.68,2.2,12.3106,1,3084,6.72,3084,6.72,3084,6.72
1984-03-12 09:33:08,19.32,-155.2162,7.43,1.6,13.4644,1,3085,6.72,3085,6.72,3085,6.72
1984-03-12 11:21:38,19.3788,-155.4523,10.13,1.7,17.9605,1,3086,6.72,3086,6.72,3086,6.72
1984-03-12 15:03:42,19.4878,-155.5008,2.2,2.67,23.6145,1,3087,6.72,3087,6.72,3087,6.72
1984-03-12 16:10:20,19.2782,-155.3697,7.21,1.74,18.0943,1,3088,6.72,3088,6.72,3088,6.72
1984-03-12 17:13:19,19.3062,-155.2783,8.64,2.55,12.7977,1,3089,6.72,3089,6.72,3089,6.72
1984-03-12 19:49:46,19.422,-155.489,8.31,2.14,21.1833,1,3090,6.72,3090,6.72,3090,6.72
1984-03-13 12:14:12,19.3577,-155.5043,8.98,2.25,23.8541,1,3091,6.72,3091,6.72,3091,6.72
1984-03-14 02:20:30,19.3678,-155.4468,10.18,2.53,17.7737,1,3092,6.72,3092,6.72,3092,6.72
1984-03-14 06:49:49,19.3593,-155.5035,9.33,2.07,23.7217,1,3093,6.72,3093,6.72,3093,6.72
1984-03-14 09:52:02,19.3432,-155.2082,8.15,2.42,11.9651,1,3094,6.72,3094,6.72,3094,6.72
1984-03-14 13:07:01,19.48,-155.4408,5.43,1.89,17.409,1,3095,6.72,3095,6.72,3095,6.72
1984-03-14 23:08:56,19.4255,-155.3418,8.71,1.56,5.7682,1,3096,6.72,3096,6.72,3096,6.72
1984-03-15 06:40:04,19.3508,-155.2065,8.68,2.04,11.4992,1,3097,6.72,3097,6.72,3097,6.72
1984-03-16 10:51:56,19.325,-155.2248,6.92,2.07,12.5109,1,3098,6.72,3098,6.72,3098,6.72
1984-03-16 12:10:07,19.4703,-155.4478,2.86,2.77,17.7288,1,3099,6.72,3099,6.72,3099,6.72
1984-03-16 23:10:06,19.3082,-155.245,6.24,1.92,13.2942,1,3100,6.72,3100,6.72,3100,6.72
1984-03-17 09:47:16,19.3272,-155.1352,6.14,1.57,19.0356,1,3101,6.72,3101,6.72,3101,6.72
1984-03-18 00:28:17,19.3657,-155.4433,10.89,2.6,17.5087,1,3102,6.72,3102,6.72,3102,6.72
1984-03-18 01:03:11,19.3327,-155.1315,8.93,1.94,19.0387,1,3103,6.72,3103,6.72,3103,6.72
1984-03-18 02:07:32,19.3188,-155.2182,8.76,1.87,13.4623,1,3104,6.72,3104,6.72,3104,6.72
1984-03-18 05:27:35,19.3328,-155.1998,9.34,3.26,13.411,1,3105,6.72,3105,6.72,3105,6.72
1984-03-18 09:10:14,19.3275,-155.2027,6.18,1.83,13.6489,1,3106,6.72,3106,6.72,3106,6.72
1984-03-18 13:53:58,19.382,-155.3478,10.3,2.14,7.7114,1,3107,6.72,3107,6.72,3107,6.72
1984-03-18 16:11:04,19.3597,-155.0767,7.11,1.72,23.0873,1,3108,6.72,3108,6.72,3108,6.72
1984-03-18 16:33:56,19.4522,-155.4827,9.69,2.16,20.8116,1,3109,6.72,3109,6.72,3109,6.72
1984-03-19 03:24:53,19.3338,-155.1945,8.68,2.69,13.7174,1,3110,6.72,3110,6.72,3110,6.72
1984-03-19 04:13:57,19.3168,-155.2192,8.8,2.53,13.5954,1,3111,6.72,3111,6.72,3111,6.72
1984-03-19 10:39:43,19.3805,-155.45,10.75,1.65,17.6785,1,3112,6.72,3112,6.72,3112,6.72
1984-03-20 03:46:48,19.335,-155.2197,6.58,1.84,11.8864,0,3113,6.72,3113,6.72,3113,6.72
1984-03-20 08:21:09,19.3687,-155.0818,7.87,2.01,22.2945,0,3114,6.72,3114,6.72,3114,6.72
1984-03-20 14:07:42,19.3613,-155.0823,8.63,2.23,22.4735,0,3115,6.72,3115,6.72,3115,6.72
1984-03-20 17:25:41,19.3605,-155.0698,7.47,1.9,23.7543,0,3116,6.72,3116,6.72,3116,6.72
1984-03-20 19:10:32,19.3303,-155.206,7.23,2.1,13.1876,0,3117,6.72,3117,6.72,3117,6.72
1984-03-21 03:37:02,19.3357,-155.1942,9.7,2.84,13.5914,0,3118,6.72,3118,6.72,3118,6.72
1984-03-21 08:29:36,19.3035,-155.2667,8.82,2.34,13.2378,0,3119,6.72,3119,6.72,3119,6.72
1984-03-21 12:10:07,19.451,-155.4337,5.97,2.45,15.74,0,3120,6.72,3120,6.72,3120,6.72
1984-03-21 18:35:28,19.3695,-155.35,10.04,1.62,8.7436,0,3121,6.72,3121,6.72,3121,6.72
1984-03-21 20:11:37,19.3793,-155.4488,9.63,2.17,17.5916,0,3122,6.72,3122,6.72,3122,6.72
1984-03-22 05:06:28,19.3582,-155.3663,10.28,1.64,10.8601,0,3123,6.72,3123,6.72,3123,6.72
1984-03-22 06:55:26,19.3267,-155.1838,6.68,1.58,15.0714,0,3124,6.72,3124,6.72,3124,6.72
1984-03-22 12:40:11,19.3475,-155.2148,7.62,1.87,11.1423,0,3125,6.72,3125,6.72,3125,6.72
1984-03-22 12:41:51,19.3873,-155.0347,8.71,1.82,26.7252,0,3126,6.72,3126,6.72,3126,6.72
1984-03-22 13:23:44,19.3415,-155.1815,7.44,2.04,14.1638,0,3127,6.72,3127,6.72,3127,6.72
1984-03-22 13:24:31,19.3402,-155.2178,7.87,2.67,11.5505,0,3128,6.72,3128,6.72,3128,6.72
1984-03-23 11:04:31,19.3003,-155.349,8.17,2.53,14.9141,0,3129,6.72,3129,6.72,3129,6.72
1984-03-24 03:27:02,19.366,-155.1125,7.69,2.01,19.2975,0,3130,6.72,3130,6.72,3130,6.72
1984-03-24 05:00:44,19.3962,-155.4402,11.04,1.71,16.3017,0,3131,6.72,3131,6.72,3131,6.72
1984-03-24 09:44:38,19.2832,-155.4752,9.16,2.21,24.9923,0,3132,6.72,3132,6.72,3132,6.72
1984-03-24 17:18:40,19.346,-155.099,7.48,1.9,21.4109,0,3133,6.72,3133,6.72,3133,6.72
1984-03-24 23:22:14,19.3647,-155.0317,5.42,1.83,27.4997,0,3134,6.72,3134,6.72,3134,6.72
1984-03-25 00:39:07,19.376,-155.3948,11.9,2.63,12.3638,0,3135,6.72,3135,6.72,3135,6.72
1984-03-25 06:24:42,19.3227,-155.1605,7.32,1.88,17.1921,0,3136,6.72,3136,6.72,3136,6.72
1984-03-25 16:14:05,19.3242,-155.2043,7.52,2.19,13.8246,0,3137,6.72,3137,6.72,3137,6.72
1984-03-25 16:39:58,19.456,-155.5537,2.7,2.09,28.2345,0,3138,6.72,3138,6.72,3138,6.72
1984-03-25 18:47:23,19.3302,-155.2155,7.24,1.52,12.5775,0,3139,6.72,3139,6.72,3139,6.72
1984-03-25 22:45:16,19.4822,-155.5028,1.28,2.57,23.6272,0,3140,6.72,3140,6.72,3140,6.72
1984-03-25 23:46:01,19.4478,-155.4918,8.33,2.45,21.6807,0,3141,6.72,3141,6.72,3141,6.72
1984-03-26 16:21:52,19.4398,-155.4823,8.53,1.67,20.5857,0,3142,6.72,3142,6.72,3142,6.72
1984-03-26 19:30:49,19.4245,-155.4957,9.23,2.4,21.8889,0,3143,6.72,3143,6.72,3143,6.72
1984-03-26 21:55:39,19.4212,-155.3243,4.76,1.66,3.9114,0,3144,6.72,3144,6.72,3144,6.72
1984-03-26 22:41:28,19.4348,-155.3547,10.44,2.22,7.263,0,3145,6.72,3145,6.72,3145,6.72
1984-03-27 15:25:07,19.3273,-155.1937,7.05,2.06,14.2949,0,3146,6.72,3146,6.72,3146,6.72
1984-03-27 19:07:06,19.2965,-155.3497,7.47,1.89,15.3268,0,3147,6.72,3147,6.72,3147,6.72
1984-03-27 19:14:43,19.352,-155.4933,6.61,3.21,22.9585,0,3148,6.72,3148,6.72,3148,6.72
1984-03-28 01:26:25,19.3807,-155.4468,10.61,2.93,17.3484,0,3149,6.72,3149,6.72,3149,6.72
1984-03-28 18:11:52,19.3408,-155.2245,9.04,1.88,11.0684,0,3150,6.72,3150,6.72,3150,6.72
1984-03-30 06:59:00,19.3802,-155.4508,10.97,2.52,17.7682,1,3151,6.72,3151,6.72,3151,6.72
1984-03-30 15:00:33,19.3637,-155.0427,4.23,1.65,26.4043,1,3152,6.72,3152,6.72,3152,6.72
1984-03-31 22:21:40,19.385,-155.45,9.45,2.53,17.5575,1,3153,6.72,3153,6.72,3153,6.72
1984-04-01 04:52:42,19.358,-155.0797,8.22,2.83,22.8442,1,3154,6.72,3154,6.72,3154,6.72
1984-04-01 12:22:25,19.4548,-155.4925,10.13,3.23,21.8732,1,3155,6.72,3155,6.72,3155,6.72
1984-04-02 00:55:54,19.3098,-155.2207,6.01,2.08,14.1868,1,3156,6.72,3156,6.72,3156,6.72
1984-04-02 03:06:27,19.3647,-155.3647,10.94,2.77,10.2763,1,3157,6.72,3157,6.72,3157,6.72
1984-04-02 07:12:18,19.3588,-155.0812,7.16,2.14,22.6672,1,3158,6.72,3158,6.72,3158,6.72
1984-04-02 15:17:43,19.3012,-155.213,3.89,1.56,15.4182,1,3159,6.72,3159,6.72,3159,6.72
1984-04-03 15:12:20,19.3572,-155.1118,8.52,1.62,19.6985,1,3160,6.72,3160,6.72,3160,6.72
1984-04-03 20:58:14,19.4297,-155.3595,10.06,2.65,7.6638,1,3161,6.72,3161,6.72,3161,6.72
1984-04-04 19:08:48,19.334,-155.2778,6.69,2.31,9.7219,1,3162,6.72,3162,6.72,3162,6.72
1984-04-04 22:41:15,19.313,-155.2223,6.14,1.91,13.7944,1,3163,6.72,3163,6.72,3163,6.72
1984-04-05 04:45:17,19.328,-155.1335,9.15,2.8,19.1368,1,3164,6.72,3164,6.72,3164,6.72
1984-04-05 13:55:58,19.3082,-155.2227,6.24,2.31,14.2416,1,3165,6.72,3165,6.72,3165,6.72
1984-04-05 15:30:08,19.3623,-155.4868,9.44,2.05,21.9491,1,3166,6.72,3166,6.72,3166,6.72
1984-04-06 01:39:48,19.3565,-155.0368,6.13,2.15,27.2058,1,3167,6.72,3167,6.72,3167,6.72
1984-04-06 05:44:00,19.4452,-155.4797,8.69,1.75,20.3847,1,3168,6.72,3168,6.72,3168,6.72
1984-04-06 07:07:30,19.2727,-155.4813,8.72,1.85,26.2196,1,3169,6.72,3169,6.72,3169,6.72
1984-04-06 07:23:12,19.3188,-155.2677,8.46,2.18,11.5431,1,3170,6.72,3170,6.72,3170,6.72
1984-04-06 23:51:02,19.402,-155.4455,11.12,1.75,16.756,1,3171,6.72,3171,6.72,3171,6.72
1984-04-07 04:39:51,19.4102,-155.4862,9.36,1.78,20.9246,1,3172,6.72,3172,6.72,3172,6.72
1984-04-07 04:43:29,19.3105,-155.2292,10.0,3.49,13.7018,1,3173,6.72,3173,6.72,3173,6.72
1984-04-07 18:52:45,19.3755,-155.3453,10.48,1.98,7.9361,1,3174,6.72,3174,6.72,3174,6.72
1984-04-07 22:40:21,19.378,-155.4683,2.37,1.8,19.6067,1,3175,6.72,3175,6.72,3175,6.72
1984-04-08 05:49:39,19.4012,-155.4955,13.21,2.24,21.9766,1,3176,6.72,3176,6.72,3176,6.72
1984-04-08 18:36:19,19.357,-155.035,6.82,1.74,27.3734,1,3177,6.72,3177,6.72,3177,6.72
1984-04-09 03:03:24,19.4603,-155.4983,11.23,2.15,22.5825,1,3178,6.72,3178,6.72,3178,6.72
1984-04-09 03:28:02,19.3868,-155.5113,10.04,2.08,23.8295,1,3179,6.72,3179,6.72,3179,6.72
1984-04-09 23:13:40,19.3092,-155.226,10.37,4.05,13.982,1,3180,6.72,3180,6.72,3180,6.72
1984-04-10 00:43:15,19.318,-155.2238,8.23,1.85,13.2336,1,3181,6.72,3181,6.72,3181,6.72
1984-04-10 21:36:49,19.473,-155.4115,4.23,1.68,14.277,1,3182,6.72,3182,6.72,3182,6.72
1984-04-11 09:18:34,19.3888,-155.4433,10.17,1.74,16.7787,1,3183,6.72,3183,6.72,3183,6.72
1984-04-11 12:59:44,19.3145,-155.2647,7.68,1.65,12.0711,1,3184,6.72,3184,6.72,3184,6.72
1984-04-11 17:14:09,19.4088,-155.3617,11.5,2.66,7.9502,1,3185,6.72,3185,6.72,3185,6.72
1984-04-12 03:24:45,19.4592,-155.4015,9.5,1.78,12.735,1,3186,6.72,3186,6.72,3186,6.72
1984-04-12 06:22:11,19.3222,-155.1837,6.85,2.06,15.4312,1,3187,6.72,3187,6.72,3187,6.72
1984-04-12 20:13:56,19.3772,-155.3462,11.1,2.99,7.891,1,3188,6.72,3188,6.72,3188,6.72
1984-04-13 03:53:41,19.3535,-155.3783,9.5,1.54,12.167,1,3189,6.72,3189,6.72,3189,6.72
1984-04-13 04:50:08,19.303,-155.215,8.73,1.92,15.1398,1,3190,6.72,3190,6.72,3190,6.72
1984-04-13 13:16:39,19.3862,-155.0177,7.96,2.12,28.5081,1,3191,6.72,3191,6.72,3191,6.72
1984-04-14 09:50:47,19.318,-155.1887,8.24,2.18,15.4114,1,3192,6.72,3192,6.72,3192,6.72
1984-04-14 11:42:01,19.407,-155.2708,14.82,2.6,2.3045,1,3193,6.72,3193,6.72,3193,6.72
1984-04-14 17:16:12,19.3312,-155.1883,8.1,1.72,14.3841,1,3194,6.72,3194,6.72,3194,6.72
1984-04-15 01:55:52,19.3868,-155.506,9.23,1.51,23.2809,1,3195,6.72,3195,6.72,3195,6.72
1984-04-16 09:41:57,19.3947,-155.505,9.85,1.73,23.0491,1,3196,6.72,3196,6.72,3196,6.72
1984-04-16 10:39:58,19.4463,-155.3673,10.47,2.17,8.8775,1,3197,6.72,3197,6.72,3197,6.72
1984-04-17 08:00:00,19.282,-155.3818,3.1,1.74,18.3794,1,3198,6.72,3198,6.72,3198,6.72
1984-04-18 00:13:33,19.3353,-155.1922,9.1,1.55,13.7731,1,3199,6.72,3199,6.72,3199,6.72
1984-04-18 01:23:51,19.3295,-155.1955,7.34,2.06,13.9873,1,3200,6.72,3200,6.72,3200,6.72
1984-04-18 06:22:49,19.4172,-155.4718,8.3,1.67,19.3842,1,3201,6.72,3201,6.72,3201,6.72
1984-04-18 10:53:49,19.3393,-155.0642,6.55,1.86,25.0743,1,3202,6.72,3202,6.72,3202,6.72
1984-04-18 10:58:59,19.3593,-155.0803,8.46,2.58,22.7402,1,3203,6.72,3203,6.72,3203,6.72
1984-04-18 13:54:29,19.291,-155.216,6.71,1.53,16.2616,1,3204,6.72,3204,6.72,3204,6.72
1984-04-18 16:40:13,19.298,-155.2157,6.69,3.03,15.5888,1,3205,6.72,3205,6.72,3205,6.72
1984-04-18 19:36:12,19.3295,-155.3878,9.76,1.85,14.6735,1,3206,6.72,3206,6.72,3206,6.72
1984-04-18 19:57:16,19.2945,-155.212,6.91,2.71,16.1173,1,3207,6.72,3207,6.72,3207,6.72
1984-04-18 20:53:50,19.3338,-155.1912,8.54,1.88,13.9644,1,3208,6.72,3208,6.72,3208,6.72
1984-04-19 07:47:09,19.3002,-155.2157,8.97,2.0,15.3746,1,3209,6.72,3209,6.72,3209,6.72
1984-04-19 08:34:56,19.3748,-155.0687,7.36,2.22,23.4654,1,3210,6.72,3210,6.72,3210,6.72
1984-04-21 19:42:47,19.3225,-155.1942,6.08,2.05,14.6537,1,3211,6.72,3211,6.72,3211,6.72
1984-04-22 08:04:33,19.3833,-155.4448,9.63,1.55,17.0725,1,3212,6.72,3212,6.72,3212,6.72
1984-04-22 08:40:48,19.4672,-155.4938,11.44,1.63,22.2836,1,3213,6.72,3213,6.72,3213,6.72
1984-04-22 12:23:29,19.3032,-155.2245,10.4,3.84,14.6482,1,3214,6.72,3214,6.72,3214,6.72
1984-04-22 12:26:53,19.3187,-155.2225,8.52,2.21,13.2355,1,3215,6.72,3215,6.72,3215,6.72
1984-04-22 12:27:04,19.3073,-155.2225,8.46,3.88,14.3397,1,3216,6.72,3216,6.72,3216,6.72
1984-04-22 12:40:12,19.317,-155.2273,8.68,2.09,13.1512,1,3217,6.72,3217,6.72,3217,6.72
1984-04-22 13:09:17,19.3125,-155.224,5.07,1.68,13.7563,1,3218,6.72,3218,6.72,3218,6.72
1984-04-22 14:21:32,19.298,-155.2207,5.4,1.73,15.344,1,3219,6.72,3219,6.72,3219,6.72
1984-04-22 19:00:38,19.3095,-155.2178,3.65,1.77,14.3672,1,3220,6.72,3220,6.72,3220,6.72
1984-04-22 23:31:05,19.2648,-155.383,6.41,1.52,20.0776,1,3221,6.72,3221,6.72,3221,6.72
1984-04-23 02:26:26,19.3198,-155.2045,6.22,2.07,14.1961,1,3222,6.72,3222,6.72,3222,6.72
1984-04-23 03:10:35,19.314,-155.2508,5.61,1.58,12.4892,1,3223,6.72,3223,6.72,3223,6.72
1984-04-23 04:56:12,19.3763,-155.4845,8.37,1.56,21.302,1,3224,6.72,3224,6.72,3224,6.72
1984-04-24 22:12:27,19.3287,-155.2297,6.32,1.51,11.8939,1,3225,6.72,3225,6.72,3225,6.72
1984-04-25 06:49:31,19.2812,-155.3762,4.18,2.66,18.1444,1,3226,6.72,3226,6.72,3226,6.72
1984-04-25 20:19:17,19.4333,-155.3603,8.86,1.57,7.807,1,3227,6.72,3227,6.72,3227,6.72
1984-04-25 23:55:30,19.4405,-155.336,6.86,1.85,5.5768,1,3228,6.72,3228,6.72,3228,6.72
1984-04-26 08:03:56,19.2988,-155.3705,8.55,2.22,16.1667,1,3229,6.72,3229,6.72,3229,6.72
1984-04-26 14:06:54,19.4742,-155.445,9.27,2.83,17.5907,1,3230,6.72,3230,6.72,3230,6.72
1984-04-26 14:47:29,19.3162,-155.2528,9.05,2.58,12.193,1,3231,6.72,3231,6.72,3231,6.72
1984-04-26 17:10:32,19.3545,-155.0335,7.47,2.45,27.5988,1,3232,6.72,3232,6.72,3232,6.72
1984-04-27 14:07:20,19.2637,-155.5025,7.51,2.18,28.5855,1,3233,6.72,3233,6.72,3233,6.72
1984-04-27 14:22:31,19.3885,-155.3442,11.39,2.88,7.0032,1,3234,6.72,3234,6.72,3234,6.72
1984-04-28 06:58:27,19.3375,-155.1625,6.76,1.78,16.0238,1,3235,6.72,3235,6.72,3235,6.72
1984-04-28 09:44:18,19.375,-155.019,4.26,1.82,28.5705,1,3236,6.72,3236,6.72,3236,6.72
1984-04-28 09:48:49,19.3193,-155.4727,9.55,3.26,22.5243,1,3237,6.72,3237,6.72,3237,6.72
1984-04-29 14:47:13,19.3537,-155.0795,8.26,2.32,23.0155,1,3238,6.72,3238,6.72,3238,6.72
1984-04-29 17:11:20,19.3473,-155.0433,6.93,2.03,26.8439,1,3239,6.72,3239,6.72,3239,6.72
1984-04-30 00:22:27,19.375,-155.2873,29.26,1.64,5.115,1,3240,6.72,3240,6.72,3240,6.72
1984-04-30 09:04:27,19.4188,-155.3167,6.5,2.53,3.1239,1,3241,6.72,3241,6.72,3241,6.72
1984-04-30 13:29:44,19.3048,-155.2583,4.2,2.11,13.267,1,3242,6.72,3242,6.72,3242,6.72
1984-04-30 14:01:55,19.3382,-155.2082,6.82,1.58,12.3731,1,3243,6.72,3243,6.72,3243,6.72
1984-04-30 15:47:27,19.3493,-155.4905,4.58,1.76,22.7854,1,3244,6.72,3244,6.72,3244,6.72
1984-04-30 16:19:16,19.3638,-155.3668,9.52,2.52,10.5121,1,3245,6.72,3245,6.72,3245,6.72
1984-05-01 01:37:31,19.3333,-155.1243,5.04,1.86,19.6564,1,3246,6.72,3246,6.72,3246,6.72
1984-05-01 07:32:40,19.3338,-155.1803,6.17,2.05,14.8085,1,3247,6.72,3247,6.72,3247,6.72
1984-05-01 11:27:35,19.3507,-155.2147,7.42,1.52,10.8913,1,3248,6.72,3248,6.72,3248,6.72
1984-05-02 10:05:34,19.3062,-155.25,6.88,2.11,13.3423,1,3249,6.72,3249,6.72,3249,6.72
1984-05-02 11:33:48,19.318,-155.1855,5.16,1.59,15.638,1,3250,6.72,3250,6.72,3250,6.72
1984-05-02 16:06:44,19.324,-155.485,9.06,1.56,23.4034,1,3251,6.72,3251,6.72,3251,6.72
1984-05-02 20:59:47,19.2935,-155.3457,7.57,2.33,15.4569,1,3252,6.72,3252,6.72,3252,6.72
1984-05-03 11:03:21,19.3757,-155.4445,9.85,2.39,17.2697,1,3253,6.72,3253,6.72,3253,6.72
1984-05-03 11:51:37,19.4177,-155.2803,3.27,1.79,0.7929,1,3254,6.72,3254,6.72,3254,6.72
1984-05-03 16:50:02,19.4285,-155.2585,8.35,1.99,3.1031,1,3255,6.72,3255,6.72,3255,6.72
1984-05-03 20:47:20,19.4223,-155.352,8.85,1.87,6.8177,1,3256,6.72,3256,6.72,3256,6.72
1984-05-04 09:00:29,19.3117,-155.2172,5.07,1.61,14.189,1,3257,6.72,3257,6.72,3257,6.72
1984-05-04 10:39:55,19.3195,-155.2187,8.49,2.45,13.3685,1,3258,6.72,3258,6.72,3258,6.72
1984-05-04 15:03:32,19.3407,-155.2092,8.11,1.58,12.0966,1,3259,6.72,3259,6.72,3259,6.72
1984-05-04 18:22:47,19.3175,-155.258,8.13,1.98,11.904,1,3260,6.72,3260,6.72,3260,6.72
1984-05-05 01:06:59,19.4508,-155.3318,8.74,2.51,5.7485,1,3261,6.72,3261,6.72,3261,6.72
1984-05-05 05:17:54,19.365,-155.459,8.96,2.02,19.0846,1,3262,6.72,3262,6.72,3262,6.72
1984-05-05 05:35:16,19.4293,-155.3635,8.79,1.87,8.0748,1,3263,6.72,3263,6.72,3263,6.72
1984-05-05 08:13:28,19.4255,-155.352,9.6,1.87,6.8344,1,3264,6.72,3264,6.72,3264,6.72
1984-05-05 16:42:10,19.3415,-155.2148,7.57,1.58,11.6406,1,3265,6.72,3265,6.72,3265,6.72
1984-05-05 17:42:45,19.3297,-155.1383,5.48,1.52,18.6112,1,3266,6.72,3266,6.72,3266,6.72
1984-05-06 01:26:25,19.3287,-155.204,6.88,1.59,13.4589,1,3267,6.72,3267,6.72,3267,6.72
1984-05-06 07:22:33,19.3552,-155.3873,10.79,2.14,12.8143,1,3268,6.72,3268,6.72,3268,6.72
1984-05-06 12:53:27,19.5695,-155.0728,24.6,2.21,27.8709,1,3269,6.72,3269,6.72,3269,6.72
1984-05-07 07:16:15,19.3372,-155.1593,7.89,1.57,16.3176,0,3270,6.72,3270,6.72,3270,6.72
1984-05-08 04:45:03,19.3407,-155.2105,7.54,1.62,12.005,0,3271,6.72,3271,6.72,3271,6.72
1984-05-08 10:36:34,19.3658,-155.398,9.05,1.96,13.161,0,3272,6.72,3272,6.72,3272,6.72
1984-05-08 21:21:09,19.4407,-155.502,8.16,1.91,22.6512,0,3273,6.72,3273,6.72,3273,6.72
1984-05-08 23:35:11,19.2987,-155.4027,8.94,1.73,18.2278,0,3274,6.72,3274,6.72,3274,6.72
1984-05-09 00:26:57,19.5113,-155.402,3.22,1.59,15.6899,0,3275,6.72,3275,6.72,3275,6.72
1984-05-09 07:58:08,19.3177,-155.2305,7.56,1.61,12.9255,0,3276,6.72,3276,6.72,3276,6.72
1984-05-09 16:33:10,19.3497,-155.4943,4.14,2.51,23.1439,0,3277,6.72,3277,6.72,3277,6.72
1984-05-10 01:25:58,19.3708,-155.0803,6.76,1.86,22.3869,0,3278,6.72,3278,6.72,3278,6.72
1984-05-10 01:45:11,19.371,-155.4853,10.17,3.12,21.5285,0,3279,6.72,3279,6.72,3279,6.72
1984-05-10 02:38:36,19.345,-155.1815,8.66,2.53,13.9241,0,3280,6.72,3280,6.72,3280,6.72
1984-05-10 09:31:25,19.333,-155.2122,6.53,1.58,12.5426,0,3281,6.72,3281,6.72,3281,6.72
1984-05-10 12:00:31,19.4207,-155.3202,7.07,2.63,3.4815,0,3282,6.72,3282,6.72,3282,6.72
1984-05-10 21:50:46,19.3363,-155.201,7.71,2.06,13.0417,0,3283,6.72,3283,6.72,3283,6.72
1984-05-11 00:59:44,19.3335,-155.1788,8.06,2.18,14.9495,0,3284,6.72,3284,6.72,3284,6.72
1984-05-11 04:50:17,19.3705,-155.4795,9.62,2.63,20.9563,0,3285,6.72,3285,6.72,3285,6.72
1984-05-11 18:11:39,19.3517,-155.3938,10.7,2.59,13.5965,0,3286,6.72,3286,6.72,3286,6.72
1984-05-12 17:58:36,19.3593,-155.0383,5.85,2.24,26.973,0,3287,6.72,3287,6.72,3287,6.72
1984-05-13 14:49:34,19.349,-155.2142,8.76,1.87,11.0639,0,3288,6.72,3288,6.72,3288,6.72
1984-05-14 11:17:30,19.423,-155.3462,9.76,2.17,6.2119,0,3289,6.72,3289,6.72,3289,6.72
1984-05-14 13:49:18,19.4227,-155.349,10.22,2.71,6.5043,0,3290,6.72,3290,6.72,3290,6.72
1984-05-15 01:40:25,19.379,-155.0328,7.9,1.82,27.0671,0,3291,6.72,3291,6.72,3291,6.72
1984-05-15 05:03:08,19.3585,-155.0987,8.33,1.84,20.9377,0,3292,6.72,3292,6.72,3292,6.72
1984-05-15 09:04:37,19.4157,-155.263,15.06,1.85,2.5852,0,3293,6.72,3293,6.72,3293,6.72
1984-05-15 11:54:26,19.3382,-155.216,6.6,1.58,11.8421,0,3294,6.72,3294,6.72,3294,6.72
1984-05-15 15:35:57,19.274,-155.4363,9.32,1.72,22.6391,0,3295,6.72,3295,6.72,3295,6.72
1984-05-15 19:46:21,19.3332,-155.215,6.91,1.68,12.3434,0,3296,6.72,3296,6.72,3296,6.72
1984-05-15 20:31:19,19.3158,-155.2257,7.3,2.28,13.3488,0,3297,6.72,3297,6.72,3297,6.72
1984-05-16 03:40:11,19.327,-155.1362,8.2,1.71,18.9602,1,3298,6.72,3298,6.72,3298,6.72
1984-05-16 04:05:34,19.3832,-155.0573,8.84,1.59,24.4552,1,3299,6.72,3299,6.72,3299,6.72
1984-05-16 07:10:42,19.3758,-155.3505,10.95,2.51,8.3434,1,3300,6.72,3300,6.72,3300,6.72
1984-05-17 03:48:09,19.333,-155.197,7.27,1.68,13.597,1,3301,6.72,3301,6.72,3301,6.72
1984-05-17 07:18:54,19.431,-155.3673,9.63,2.18,8.4935,1,3302,6.72,3302,6.72,3302,6.72
1984-05-17 11:11:19,19.4962,-155.4622,4.85,1.9,20.1821,1,3303,6.72,3303,6.72,3303,6.72
1984-05-17 12:41:11,19.3583,-155.0463,7.08,2.96,26.1918,1,3304,6.72,3304,6.72,3304,6.72
1984-05-17 15:11:23,19.2835,-155.2133,7.9,2.12,17.1333,1,3305,6.72,3305,6.72,3305,6.72
1984-05-17 15:53:03,19.2947,-155.3483,8.36,1.7,15.4461,1,3306,6.72,3306,6.72,3306,6.72
1984-05-17 16:25:26,19.2703,-155.3843,6.62,2.54,19.6215,1,3307,6.72,3307,6.72,3307,6.72
1984-05-17 16:28:38,19.2722,-155.3863,7.22,2.21,19.5523,1,3308,6.72,3308,6.72,3308,6.72
1984-05-17 19:57:15,19.3345,-155.1787,6.91,2.17,14.8853,1,3309,6.72,3309,6.72,3309,6.72
1984-05-18 08:41:36,19.3192,-155.2547,7.4,1.62,11.8159,1,3310,6.72,3310,6.72,3310,6.72
1984-05-19 05:21:23,19.4005,-155.4462,9.41,1.57,16.8507,1,3311,6.72,3311,6.72,3311,6.72
1984-05-19 07:04:43,19.2907,-155.429,9.49,2.25,20.7808,1,3312,6.72,3312,6.72,3312,6.72
1984-05-19 17:09:35,19.3303,-155.122,5.84,1.57,20.0323,1,3313,6.72,3313,6.72,3313,6.72
1984-05-19 20:38:18,19.3593,-155.0177,7.68,2.45,29.0678,1,3314,6.72,3314,6.72,3314,6.72
1984-05-20 00:18:02,19.3213,-155.1902,8.88,3.13,15.0339,1,3315,6.72,3315,6.72,3315,6.72
1984-05-20 04:41:03,19.3405,-155.2172,9.44,3.5,11.5643,1,3316,6.72,3316,6.72,3316,6.72
1984-05-20 05:48:15,19.4253,-155.493,10.05,2.59,21.6075,1,3317,6.72,3317,6.72,3317,6.72
1984-05-20 08:58:33,19.3422,-155.3692,11.02,1.87,12.2928,1,3318,6.72,3318,6.72,3318,6.72
1984-05-20 13:01:42,19.4832,-155.416,4.33,1.56,15.1909,1,3319,6.72,3319,6.72,3319,6.72
1984-05-20 13:28:48,19.3207,-155.2535,7.16,1.53,11.6934,1,3320,6.72,3320,6.72,3320,6.72
1984-05-20 13:30:49,19.3303,-155.195,6.71,2.06,13.9589,1,3321,6.72,3321,6.72,3321,6.72
1984-05-20 15:33:19,19.3267,-155.188,9.16,2.92,14.7581,1,3322,6.72,3322,6.72,3322,6.72
1984-05-21 02:44:18,19.4052,-155.4712,5.32,1.68,19.3971,1,3323,6.72,3323,6.72,3323,6.72
1984-05-21 22:06:08,19.3275,-155.1978,5.97,2.06,13.9874,1,3324,6.72,3324,6.72,3324,6.72
1984-05-22 11:27:24,19.3368,-155.1968,9.03,2.65,13.311,1,3325,6.72,3325,6.72,3325,6.72
1984-05-22 13:31:17,19.4567,-155.3935,6.41,1.87,11.8516,1,3326,6.72,3326,6.72,3326,6.72
1984-05-25 04:09:46,19.3575,-155.033,5.4,2.14,27.5617,1,3327,6.72,3327,6.72,3327,6.72
1984-05-25 07:04:55,19.4323,-155.4005,8.76,1.9,11.968,1,3328,6.72,3328,6.72,3328,6.72
1984-05-25 07:42:26,19.39,-155.3433,10.0,1.57,6.8369,1,3329,6.72,3329,6.72,3329,6.72
1984-05-25 11:12:15,19.4538,-155.4972,9.44,1.67,22.3405,1,3330,6.72,3330,6.72,3330,6.72
1984-05-25 11:14:34,19.4953,-155.4332,26.08,2.2,17.4127,1,3331,6.72,3331,6.72,3331,6.72
1984-05-25 12:20:40,19.4952,-155.4272,25.65,2.12,16.8562,1,3332,6.72,3332,6.72,3332,6.72
1984-05-25 18:33:32,19.4173,-155.3243,4.89,1.85,3.9329,1,3333,6.72,3333,6.72,3333,6.72
1984-05-25 23:52:07,19.3363,-155.1273,7.94,2.17,19.218,1,3334,6.72,3334,6.72,3334,6.72
1984-05-26 04:51:18,19.4225,-155.4875,9.75,1.59,21.0263,1,3335,6.72,3335,6.72,3335,6.72
1984-05-26 08:31:24,19.4995,-155.4323,25.99,1.65,17.557,1,3336,6.72,3336,6.72,3336,6.72
1984-05-26 09:32:00,19.4345,-155.3995,9.42,1.6,11.892,1,3337,6.72,3337,6.72,3337,6.72
1984-05-26 19:15:56,19.287,-155.4488,9.15,1.8,22.5863,1,3338,6.72,3338,6.72,3338,6.72
1984-05-27 05:10:04,19.2562,-155.4435,9.04,2.13,24.6051,1,3339,6.72,3339,6.72,3339,6.72
1984-05-27 08:18:41,19.2572,-155.4455,9.24,1.63,24.6634,1,3340,6.72,3340,6.72,3340,6.72
1984-05-27 08:26:25,19.3412,-155.0668,5.28,1.52,24.7436,1,3341,6.72,3341,6.72,3341,6.72
1984-05-27 12:05:09,19.3357,-155.2017,7.27,2.23,13.0394,1,3342,6.72,3342,6.72,3342,6.72
1984-05-27 19:52:46,19.295,-155.2615,3.28,1.95,14.2637,1,3343,6.72,3343,6.72,3343,6.72
1984-05-28 10:41:29,19.257,-155.433,8.91,2.13,23.8158,1,3344,6.72,3344,6.72,3344,6.72
1984-05-28 13:06:30,19.3445,-155.1972,8.61,2.84,12.692,1,3345,6.72,3345,6.72,3345,6.72
1984-05-29 04:04:29,19.3365,-155.217,8.77,2.89,11.9249,1,3346,6.72,3346,6.72,3346,6.72
1984-05-29 05:35:26,19.3252,-155.1833,9.09,2.51,15.2253,1,3347,6.72,3347,6.72,3347,6.72
1984-05-30 07:45:35,19.4337,-155.4922,9.6,1.99,21.5641,1,3348,6.72,3348,6.72,3348,6.72
1984-05-30 08:17:52,19.3732,-155.4967,8.7,2.64,22.6269,1,3349,6.72,3349,6.72,3349,6.72
1984-05-30 16:46:02,19.2652,-155.4483,8.09,2.13,24.218,1,3350,6.72,3350,6.72,3350,6.72
1984-05-30 17:49:21,19.367,-155.4447,11.32,1.89,17.5963,1,3351,6.72,3351,6.72,3351,6.72
1984-05-30 20:06:16,19.4372,-155.4038,7.51,1.55,12.3795,1,3352,6.72,3352,6.72,3352,6.72
1984-05-30 21:11:23,19.4345,-155.5067,10.98,1.61,23.0871,1,3353,6.72,3353,6.72,3353,6.72
1984-05-30 23:52:49,19.335,-155.2038,6.91,2.28,12.9467,1,3354,6.72,3354,6.72,3354,6.72
1984-05-31 05:24:43,19.316,-155.4335,8.93,2.05,19.2999,1,3355,6.72,3355,6.72,3355,6.72
1984-05-31 08:01:28,19.3365,-155.2157,7.21,1.88,12.0093,1,3356,6.72,3356,6.72,3356,6.72
1984-05-31 17:32:08,19.3508,-155.3713,10.37,1.66,11.7946,1,3357,6.72,3357,6.72,3357,6.72
1984-05-31 17:39:35,19.3473,-155.37,10.02,1.66,11.9561,1,3358,6.72,3358,6.72,3358,6.72
1984-06-01 23:08:15,19.3863,-155.4248,9.43,1.72,14.9583,1,3359,6.72,3359,6.72,3359,6.72
1984-06-02 01:24:25,19.3345,-155.1907,6.37,1.51,13.9484,1,3360,6.72,3360,6.72,3360,6.72
1984-06-02 01:48:36,19.2978,-155.2207,5.77,1.52,15.3639,1,3361,6.72,3361,6.72,3361,6.72
1984-06-02 22:24:57,19.3207,-155.2027,8.57,1.9,14.2334,1,3362,6.72,3362,6.72,3362,6.72
1984-06-02 22:35:18,19.3407,-155.2232,7.77,1.69,11.1586,1,3363,6.72,3363,6.72,3363,6.72
1984-06-03 14:12:29,19.4142,-155.504,9.75,1.75,22.7691,1,3364,6.72,3364,6.72,3364,6.72
1984-06-05 00:12:02,19.4872,-155.4405,10.52,2.68,17.6973,1,3365,6.72,3365,6.72,3365,6.72
1984-06-05 01:28:07,19.3127,-155.221,8.0,1.82,13.8909,1,3366,6.72,3366,6.72,3366,6.72
1984-06-05 10:25:32,19.3685,-155.503,9.24,2.29,23.3949,1,3367,6.72,3367,6.72,3367,6.72
1984-06-05 10:28:53,19.2322,-155.4527,7.99,2.17,27.2583,1,3368,6.72,3368,6.72,3368,6.72
1984-06-06 00:30:26,19.3152,-155.221,4.72,1.97,13.6506,1,3369,6.72,3369,6.72,3369,6.72
1984-06-06 10:10:38,19.4437,-155.4827,8.5,1.97,20.6756,1,3370,6.72,3370,6.72,3370,6.72
1984-06-06 10:46:16,19.3702,-155.2925,2.98,1.94,5.678,1,3371,6.72,3371,6.72,3371,6.72
1984-06-06 12:27:05,19.3387,-155.2278,6.26,1.68,11.0594,1,3372,6.72,3372,6.72,3372,6.72
1984-06-06 14:37:17,19.4098,-155.2863,7.34,1.59,1.2475,1,3373,6.72,3373,6.72,3373,6.72
1984-06-06 19:06:13,19.3453,-155.392,9.91,1.7,13.8618,1,3374,6.72,3374,6.72,3374,6.72
1984-06-06 22:06:52,19.464,-155.4025,9.46,2.18,13.0201,1,3375,6.72,3375,6.72,3375,6.72
1984-06-06 22:49:42,19.4453,-155.4957,8.03,1.68,22.0502,1,3376,6.72,3376,6.72,3376,6.72
1984-06-07 05:34:29,19.4137,-155.3205,5.34,2.55,3.6054,1,3377,6.72,3377,6.72,3377,6.72
1984-06-08 00:59:38,19.4317,-155.3522,9.16,1.57,6.9397,1,3378,6.72,3378,6.72,3378,6.72
1984-06-09 09:18:59,19.4122,-155.285,14.77,1.65,1.0007,1,3379,6.72,3379,6.72,3379,6.72
1984-06-09 10:09:06,19.3223,-155.2173,4.28,1.59,13.1875,1,3380,6.72,3380,6.72,3380,6.72
1984-06-10 09:10:10,19.3792,-155.3475,10.34,1.61,7.8653,1,3381,6.72,3381,6.72,3381,6.72
1984-06-10 13:23:33,19.3032,-155.226,7.94,2.23,14.5784,1,3382,6.72,3382,6.72,3382,6.72
1984-06-10 14:12:45,19.4372,-155.5122,8.39,1.7,23.6834,1,3383,6.72,3383,6.72,3383,6.72
1984-06-10 18:55:22,19.2868,-155.2188,7.07,2.12,16.5491,1,3384,6.72,3384,6.72,3384,6.72
1984-06-11 05:04:57,19.3783,-155.4467,9.68,2.01,17.4093,1,3385,6.72,3385,6.72,3385,6.72
1984-06-11 11:05:52,19.2958,-155.3662,7.92,1.53,16.2123,1,3386,6.72,3386,6.72,3386,6.72
1984-06-12 12:30:40,19.3347,-155.212,6.3,1.58,12.4089,1,3387,6.72,3387,6.72,3387,6.72
1984-06-13 01:37:14,19.3393,-155.1893,8.41,2.83,13.6953,1,3388,6.72,3388,6.72,3388,6.72
1984-06-13 02:49:17,19.3388,-155.1903,7.95,2.62,13.6541,1,3389,6.72,3389,6.72,3389,6.72
1984-06-13 03:03:20,19.3512,-155.5017,9.53,3.63,23.8197,1,3390,6.72,3390,6.72,3390,6.72
1984-06-13 07:04:13,19.3238,-155.2207,7.15,2.07,12.8526,1,3391,6.72,3391,6.72,3391,6.72
1984-06-13 11:52:31,19.3402,-155.2128,9.21,3.74,11.8871,1,3392,6.72,3392,6.72,3392,6.72
1984-06-14 10:46:27,19.4265,-155.3575,9.68,2.17,7.4181,1,3393,6.72,3393,6.72,3393,6.72
1984-06-14 11:22:31,19.4168,-155.3232,5.91,2.77,3.8246,1,3394,6.72,3394,6.72,3394,6.72
1984-06-14 15:07:40,19.371,-155.4382,10.32,1.99,16.8046,1,3395,6.72,3395,6.72,3395,6.72
1984-06-15 04:42:47,19.4307,-155.3517,10.32,2.77,6.8697,1,3396,6.72,3396,6.72,3396,6.72
1984-06-15 06:38:44,19.3097,-155.2187,9.03,2.22,14.3005,1,3397,6.72,3397,6.72,3397,6.72
1984-06-15 13:10:31,19.3112,-155.2942,12.5,1.61,12.2325,1,3398,6.72,3398,6.72,3398,6.72
1984-06-15 13:22:48,19.3657,-155.0493,6.56,2.48,25.6787,1,3399,6.72,3399,6.72,3399,6.72
1984-06-16 00:58:25,19.3337,-155.1307,5.46,1.52,19.0537,1,3400,6.72,3400,6.72,3400,6.72
1984-06-16 10:08:10,19.3645,-155.0868,5.95,1.83,21.9182,1,3401,6.72,3401,6.72,3401,6.72
1984-06-17 05:18:59,19.2655,-155.3478,8.2,2.04,18.4298,1,3402,6.72,3402,6.72,3402,6.72
1984-06-17 10:29:06,19.4507,-155.4875,10.24,1.76,21.2817,1,3403,6.72,3403,6.72,3403,6.72
1984-06-17 10:48:44,19.378,-155.44,9.41,1.68,16.7438,1,3404,6.72,3404,6.72,3404,6.72
1984-06-17 16:32:41,19.384,-155.0345,7.94,1.52,26.8001,1,3405,6.72,3405,6.72,3405,6.72
1984-06-17 21:05:24,19.3568,-155.5015,9.68,3.18,23.6037,1,3406,6.72,3406,6.72,3406,6.72
1984-06-18 16:06:33,19.3398,-155.5148,9.01,1.58,25.5436,1,3407,6.72,3407,6.72,3407,6.72
1984-06-18 23:41:19,19.3483,-155.213,8.42,2.05,11.2072,1,3408,6.72,3408,6.72,3408,6.72
1984-06-19 05:00:42,19.4727,-155.4425,6.28,3.06,17.2879,1,3409,6.72,3409,6.72,3409,6.72
1984-06-19 05:34:34,19.3392,-155.1288,5.55,1.86,18.9238,1,3410,6.72,3410,6.72,3410,6.72
1984-06-19 09:43:06,19.3773,-155.0395,7.66,2.52,26.4095,1,3411,6.72,3411,6.72,3411,6.72
1984-06-19 15:42:47,19.3652,-155.1062,6.91,2.43,19.9529,1,3412,6.72,3412,6.72,3412,6.72
1984-06-19 20:51:53,19.4665,-155.4997,11.51,1.97,22.8687,1,3413,6.72,3413,6.72,3413,6.72
1984-06-20 11:16:34,19.3675,-155.0292,8.29,2.44,27.6864,1,3414,6.72,3414,6.72,3414,6.72
1984-06-20 12:35:07,19.4023,-155.2712,15.02,1.86,2.659,1,3415,6.72,3415,6.72,3415,6.72
1984-06-20 17:01:58,19.3548,-155.0197,6.6,2.32,28.9874,1,3416,6.72,3416,6.72,3416,6.72
1984-06-20 19:19:37,19.3548,-155.498,10.92,2.84,23.3234,1,3417,6.72,3417,6.72,3417,6.72
1984-06-21 00:59:37,19.329,-155.1662,6.4,1.94,16.2858,1,3418,6.72,3418,6.72,3418,6.72
1984-06-21 01:10:20,19.3535,-155.3997,10.43,2.59,14.0023,1,3419,6.72,3419,6.72,3419,6.72
1984-06-21 01:50:10,19.3135,-155.2153,4.88,1.63,14.1231,1,3420,6.72,3420,6.72,3420,6.72
1984-06-21 06:50:35,19.3428,-155.2022,7.49,1.72,12.4392,1,3421,6.72,3421,6.72,3421,6.72
1984-06-21 12:01:21,19.4917,-155.4695,3.02,2.08,20.686,1,3422,6.72,3422,6.72,3422,6.72
1984-06-21 20:34:55,19.37,-155.4907,9.33,2.64,22.1045,1,3423,6.72,3423,6.72,3423,6.72
1984-06-22 01:34:38,19.391,-155.3442,9.78,2.57,6.8638,1,3424,6.72,3424,6.72,3424,6.72
1984-06-22 03:13:18,19.426,-155.3493,9.83,3.06,6.5565,1,3425,6.72,3425,6.72,3425,6.72
1984-06-22 11:17:23,19.4235,-155.3292,6.23,1.55,4.4339,1,3426,6.72,3426,6.72,3426,6.72
1984-06-23 14:33:08,19.3323,-155.2068,6.81,1.58,12.9636,1,3427,6.72,3427,6.72,3427,6.72
1984-06-24 06:26:14,19.3493,-155.3632,9.14,1.85,11.289,1,3428,6.72,3428,6.72,3428,6.72
1984-06-24 06:35:53,19.3925,-155.4558,9.5,1.68,17.9844,1,3429,6.72,3429,6.72,3429,6.72
1984-06-25 04:41:44,19.3308,-155.186,7.33,1.62,14.5893,1,3430,6.72,3430,6.72,3430,6.72
1984-06-25 07:23:20,19.3357,-155.181,9.53,3.55,14.615,1,3431,6.72,3431,6.72,3431,6.72
1984-06-25 19:08:38,19.4465,-155.4743,8.43,1.61,19.8436,1,3432,6.72,3432,6.72,3432,6.72
1984-06-25 19:33:19,19.2947,-155.4185,8.5,1.54,19.686,1,3433,6.72,3433,6.72,3433,6.72
1984-06-25 20:57:13,19.2907,-155.5093,7.6,1.85,27.4554,1,3434,6.72,3434,6.72,3434,6.72
1984-06-25 22:40:10,19.2772,-155.3952,2.34,1.77,19.6094,1,3435,6.72,3435,6.72,3435,6.72
1984-06-25 23:53:55,19.4185,-155.4837,9.1,1.58,20.6293,1,3436,6.72,3436,6.72,3436,6.72
1984-06-26 03:52:53,19.2918,-155.214,6.06,1.83,16.2803,1,3437,6.72,3437,6.72,3437,6.72
1984-06-26 03:55:07,19.2937,-155.2152,4.78,1.81,16.0346,1,3438,6.72,3438,6.72,3438,6.72
1984-06-28 08:07:29,19.4295,-155.3617,8.87,1.56,7.89,0,3439,6.72,3439,6.72,3439,6.72
1984-06-28 12:44:36,19.4182,-155.3187,4.03,1.54,3.3386,0,3440,6.72,3440,6.72,3440,6.72
1984-06-28 12:48:41,19.415,-155.3157,4.72,2.83,3.0825,0,3441,6.72,3441,6.72,3441,6.72
1984-06-28 15:37:16,19.3238,-155.268,6.98,2.22,10.9904,0,3442,6.72,3442,6.72,3442,6.72
1984-06-28 18:53:35,19.3832,-155.4642,9.5,2.3,19.0539,0,3443,6.72,3443,6.72,3443,6.72
1984-06-28 21:22:48,19.4097,-155.4965,9.43,2.54,22.0062,0,3444,6.72,3444,6.72,3444,6.72
1984-06-28 22:00:41,19.331,-155.172,8.13,1.88,15.6741,0,3445,6.72,3445,6.72,3445,6.72
1984-06-29 20:47:08,19.3507,-155.3633,10.71,2.13,11.1871,0,3446,6.72,3446,6.72,3446,6.72
1984-06-29 20:49:33,19.3565,-155.3643,8.7,1.53,10.8246,0,3447,6.72,3447,6.72,3447,6.72
1984-06-29 23:03:44,19.3517,-155.3658,10.61,2.13,11.3,0,3448,6.72,3448,6.72,3448,6.72
1984-06-30 04:37:27,19.4823,-155.4437,2.73,1.95,17.7873,1,3449,6.72,3449,6.72,3449,6.72
1984-06-30 14:14:45,19.3407,-155.1962,8.98,3.02,13.0554,1,3450,6.72,3450,6.72,3450,6.72
1984-06-30 15:03:33,19.3297,-155.2058,5.7,1.65,13.2521,1,3451,6.72,3451,6.72,3451,6.72
1984-06-30 23:08:22,19.3328,-155.2022,6.64,1.81,13.2406,1,3452,6.72,3452,6.72,3452,6.72
1984-07-01 02:52:00,19.3718,-155.4977,8.86,2.05,22.7659,1,3453,6.72,3453,6.72,3453,6.72
1984-07-01 05:06:39,19.3325,-155.2047,7.15,1.68,13.0909,1,3454,6.72,3454,6.72,3454,6.72
1984-07-01 11:24:34,19.321,-155.258,6.47,1.61,11.5281,1,3455,6.72,3455,6.72,3455,6.72
1984-07-02 16:28:28,19.3342,-155.1982,8.3,1.58,13.4136,1,3456,6.72,3456,6.72,3456,6.72
1984-07-02 18:44:16,19.397,-155.4485,8.7,1.97,17.1461,1,3457,6.72,3457,6.72,3457,6.72
1984-07-03 05:13:35,19.398,-155.2608,3.15,1.63,3.7539,1,3458,6.72,3458,6.72,3458,6.72
1984-07-03 09:41:52,19.3183,-155.2577,6.21,1.92,11.8261,1,3459,6.72,3459,6.72,3459,6.72
1984-07-03 11:50:37,19.4183,-155.3285,3.88,2.52,4.3621,1,3460,6.72,3460,6.72,3460,6.72
1984-07-03 14:58:37,19.4187,-155.3215,5.18,1.55,3.6267,1,3461,6.72,3461,6.72,3461,6.72
1984-07-03 19:04:10,19.347,-155.104,7.61,2.5,20.8847,1,3462,6.72,3462,6.72,3462,6.72
1984-07-04 13:44:49,19.3455,-155.226,8.27,1.69,10.5557,1,3463,6.72,3463,6.72,3463,6.72
1984-07-04 16:19:39,19.4318,-155.363,10.48,2.64,8.0594,1,3464,6.72,3464,6.72,3464,6.72
1984-07-04 19:28:39,19.3608,-155.5027,8.48,1.66,23.5935,1,3465,6.72,3465,6.72,3465,6.72
1984-07-05 04:45:20,19.3437,-155.1933,8.48,2.97,13.0569,1,3466,6.72,3466,6.72,3466,6.72
1984-07-06 18:57:46,19.4262,-155.4855,10.37,2.39,20.8237,1,3467,6.72,3467,6.72,3467,6.72
1984-07-06 21:50:41,19.3442,-155.1947,7.5,2.52,12.9099,1,3468,6.72,3468,6.72,3468,6.72
1984-07-06 21:52:39,19.4387,-155.3568,12.02,3.0,7.5791,1,3469,6.72,3469,6.72,3469,6.72
1984-07-07 00:02:35,19.3798,-155.0447,8.13,2.03,25.8226,1,3470,6.72,3470,6.72,3470,6.72
1984-07-07 09:48:23,19.3395,-155.0623,5.02,1.54,25.2522,1,3471,6.72,3471,6.72,3471,6.72
1984-07-07 23:43:49,19.3262,-155.1815,7.93,2.06,15.2839,1,3472,6.72,3472,6.72,3472,6.72
1984-07-08 00:56:12,19.3882,-155.4572,9.11,2.0,18.2188,1,3473,6.72,3473,6.72,3473,6.72
1984-07-08 17:25:57,19.3615,-155.1063,6.88,1.59,20.0749,1,3474,6.72,3474,6.72,3474,6.72
1984-07-08 19:58:49,19.3762,-155.4113,12.76,1.52,13.956,1,3475,6.72,3475,6.72,3475,6.72
1984-07-08 21:34:04,19.3182,-155.4828,7.23,1.54,23.5059,1,3476,6.72,3476,6.72,3476,6.72
1984-07-09 04:19:10,19.4738,-155.4447,4.3,2.6,17.5462,1,3477,6.72,3477,6.72,3477,6.72
1984-07-09 05:59:35,19.4318,-155.3555,8.34,1.56,7.2827,1,3478,6.72,3478,6.72,3478,6.72
1984-07-09 13:48:44,19.4238,-155.347,8.56,1.56,6.2995,1,3479,6.72,3479,6.72,3479,6.72
1984-07-09 20:00:14,19.451,-155.461,7.53,2.08,18.5475,1,3480,6.72,3480,6.72,3480,6.72
1984-07-10 03:02:50,19.208,-155.4615,7.96,1.73,29.9375,1,3481,6.72,3481,6.72,3481,6.72
1984-07-10 05:13:26,19.3567,-155.0267,7.05,2.45,28.2234,1,3482,6.72,3482,6.72,3482,6.72
1984-07-10 16:50:26,19.312,-155.2338,5.12,1.66,13.3435,1,3483,6.72,3483,6.72,3483,6.72
1984-07-10 21:16:52,19.3615,-155.4703,10.02,2.33,20.3321,1,3484,6.72,3484,6.72,3484,6.72
1984-07-11 05:36:32,19.3458,-155.1232,8.17,2.77,19.1083,1,3485,6.72,3485,6.72,3485,6.72
1984-07-12 02:53:44,19.3178,-155.2695,6.66,1.92,11.6212,1,3486,6.72,3486,6.72,3486,6.72
1984-07-12 08:57:18,19.2665,-155.3907,5.46,1.67,20.3348,1,3487,6.72,3487,6.72,3487,6.72
1984-07-12 12:54:56,19.3438,-155.1022,5.35,1.64,21.2002,1,3488,6.72,3488,6.72,3488,6.72
1984-07-12 13:42:51,19.3167,-155.2212,4.6,1.94,13.4964,1,3489,6.72,3489,6.72,3489,6.72
1984-07-13 03:04:21,19.354,-155.0835,8.67,2.26,22.6081,1,3490,6.72,3490,6.72,3490,6.72
1984-07-13 07:58:16,19.3617,-155.4662,9.91,2.03,19.9186,1,3491,6.72,3491,6.72,3491,6.72
1984-07-13 08:09:23,19.3625,-155.4643,9.16,1.72,19.701,1,3492,6.72,3492,6.72,3492,6.72
1984-07-13 10:41:53,19.4277,-155.362,8.12,1.57,7.8999,1,3493,6.72,3493,6.72,3493,6.72
1984-07-13 10:45:01,19.3397,-155.349,29.7,1.73,11.1362,1,3494,6.72,3494,6.72,3494,6.72
1984-07-13 13:37:48,19.4062,-155.4872,9.19,1.7,21.0597,1,3495,6.72,3495,6.72,3495,6.72
1984-07-13 15:03:42,19.3682,-155.479,9.34,2.75,20.976,1,3496,6.72,3496,6.72,3496,6.72
1984-07-13 16:45:45,19.3217,-155.2523,7.56,2.69,11.6262,1,3497,6.72,3497,6.72,3497,6.72
1984-07-14 11:49:34,19.506,-155.4825,4.11,1.61,22.5704,1,3498,6.72,3498,6.72,3498,6.72
1984-07-14 16:12:49,19.345,-155.1975,8.34,2.05,12.6314,1,3499,6.72,3499,6.72,3499,6.72
1984-07-15 08:38:08,19.2875,-155.4485,9.0,1.8,22.526,1,3500,6.72,3500,6.72,3500,6.72
1984-07-15 09:48:48,19.6257,-155.3598,12.42,1.95,24.0062,1,3501,6.72,3501,6.72,3501,6.72
1984-07-15 12:04:41,19.4123,-155.0162,7.16,1.79,28.4158,1,3502,6.72,3502,6.72,3502,6.72
1984-07-15 20:23:31,19.3215,-155.2552,8.63,2.82,11.5559,1,3503,6.72,3503,6.72,3503,6.72
1984-07-16 08:10:01,19.3958,-155.0107,8.55,2.54,29.1127,1,3504,6.72,3504,6.72,3504,6.72
1984-07-16 09:45:36,19.3787,-155.43,10.65,1.98,15.718,1,3505,6.72,3505,6.72,3505,6.72
1984-07-16 09:48:02,19.364,-155.025,7.79,2.01,28.2019,1,3506,6.72,3506,6.72,3506,6.72
1984-07-16 22:17:16,19.4022,-155.4322,9.71,1.65,15.3703,1,3507,6.72,3507,6.72,3507,6.72
1984-07-16 22:35:52,19.4197,-155.3308,3.59,1.85,4.5952,1,3508,6.72,3508,6.72,3508,6.72
1984-07-16 22:47:06,19.3803,-155.2693,28.32,2.25,4.8916,1,3509,6.72,3509,6.72,3509,6.72
1984-07-17 12:14:00,19.469,-155.422,7.29,2.06,15.1277,1,3510,6.72,3510,6.72,3510,6.72
1984-07-17 12:49:13,19.3923,-155.3438,11.28,1.9,6.7577,1,3511,6.72,3511,6.72,3511,6.72
1984-07-17 12:57:10,19.3897,-155.3465,10.42,1.9,7.1449,1,3512,6.72,3512,6.72,3512,6.72
1984-07-18 06:15:17,19.3562,-155.0468,5.86,1.54,26.2047,1,3513,6.72,3513,6.72,3513,6.72
1984-07-19 01:28:38,19.3575,-155.1168,5.99,1.84,19.1979,1,3514,6.72,3514,6.72,3514,6.72
1984-07-19 10:29:12,19.3285,-155.2038,6.25,1.59,13.4894,1,3515,6.72,3515,6.72,3515,6.72
1984-07-19 12:03:41,19.3303,-155.205,6.24,1.58,13.2554,1,3516,6.72,3516,6.72,3516,6.72
1984-07-19 18:31:47,19.31,-155.2577,6.55,2.1,12.7196,1,3517,6.72,3517,6.72,3517,6.72
1984-07-19 21:04:29,19.4352,-155.358,9.05,1.56,7.6106,1,3518,6.72,3518,6.72,3518,6.72
1984-07-20 15:20:00,19.3393,-155.2052,7.43,2.05,12.4963,1,3519,6.72,3519,6.72,3519,6.72
1984-07-21 09:56:37,19.3208,-155.22,9.01,2.61,13.1734,1,3520,6.72,3520,6.72,3520,6.72
1984-07-21 11:21:38,19.3162,-155.2202,8.58,2.09,13.598,1,3521,6.72,3521,6.72,3521,6.72
1984-07-21 16:54:10,19.3518,-155.3572,11.56,1.65,10.65,1,3522,6.72,3522,6.72,3522,6.72
1984-07-21 21:49:30,19.3713,-155.4702,5.81,1.54,19.9934,1,3523,6.72,3523,6.72,3523,6.72
1984-07-22 04:21:45,19.3728,-155.4973,8.46,1.75,22.6986,1,3524,6.72,3524,6.72,3524,6.72
1984-07-22 04:30:24,19.3245,-155.1397,7.62,1.58,18.8122,1,3525,6.72,3525,6.72,3525,6.72
1984-07-22 22:00:04,19.3443,-155.215,7.42,1.87,11.392,0,3526,6.72,3526,6.72,3526,6.72
1984-07-22 22:46:58,19.3732,-155.5018,8.38,1.68,23.1472,0,3527,6.72,3527,6.72,3527,6.72
1984-07-23 08:19:01,19.3257,-155.198,5.88,1.89,14.123,0,3528,6.72,3528,6.72,3528,6.72
1984-07-23 10:17:34,19.486,-155.452,5.39,2.44,18.7487,0,3529,6.72,3529,6.72,3529,6.72
1984-07-23 11:14:05,19.3563,-155.2488,8.2,1.57,8.2349,0,3530,6.72,3530,6.72,3530,6.72
1984-07-24 00:35:07,19.3503,-155.0668,4.1,1.54,24.3984,0,3531,6.72,3531,6.72,3531,6.72
1984-07-24 02:21:39,19.3745,-155.486,10.11,1.73,21.5024,0,3532,6.72,3532,6.72,3532,6.72
1984-07-24 05:18:13,19.4305,-155.4845,8.67,2.28,20.7375,0,3533,6.72,3533,6.72,3533,6.72
1984-07-24 06:37:22,19.4442,-155.4977,9.42,2.75,22.2439,0,3534,6.72,3534,6.72,3534,6.72
1984-07-24 07:12:36,19.377,-155.0142,8.26,2.0,29.0274,0,3535,6.72,3535,6.72,3535,6.72
1984-07-24 10:03:07,19.3577,-155.0243,7.29,2.6,28.4392,0,3536,6.72,3536,6.72,3536,6.72
1984-07-24 19:55:32,19.3248,-155.1973,6.42,1.89,14.2466,0,3537,6.72,3537,6.72,3537,6.72
1984-07-24 22:47:06,19.4437,-155.4797,8.85,1.96,20.3634,0,3538,6.72,3538,6.72,3538,6.72
1984-07-24 23:57:19,19.2803,-155.4828,9.21,2.68,25.8212,0,3539,6.72,3539,6.72,3539,6.72
1984-07-25 04:16:00,19.3825,-155.0267,4.26,1.51,27.6343,0,3540,6.72,3540,6.72,3540,6.72
1984-07-25 13:16:10,19.3623,-155.3657,10.48,1.64,10.5232,0,3541,6.72,3541,6.72,3541,6.72
1984-07-25 15:57:25,19.3293,-155.1718,5.1,1.68,15.8115,0,3542,6.72,3542,6.72,3542,6.72
1984-07-25 16:05:57,19.348,-155.0335,5.44,1.85,27.8016,0,3543,6.72,3543,6.72,3543,6.72
1984-07-25 23:26:47,19.3142,-155.255,6.75,1.67,12.341,0,3544,6.72,3544,6.72,3544,6.72
1984-07-26 00:30:13,19.3577,-155.0372,5.36,1.52,27.1303,0,3545,6.72,3545,6.72,3545,6.72
1984-07-26 06:35:06,19.3278,-155.1845,7.42,1.58,14.9335,0,3546,6.72,3546,6.72,3546,6.72
1984-07-26 11:52:58,19.3285,-155.1925,6.66,2.06,14.285,0,3547,6.72,3547,6.72,3547,6.72
1984-07-26 13:21:42,19.3337,-155.1637,5.88,1.61,16.1715,0,3548,6.72,3548,6.72,3548,6.72
1984-07-26 15:06:36,19.3403,-155.2205,7.13,1.88,11.3658,0,3549,6.72,3549,6.72,3549,6.72
1984-07-26 15:45:11,19.3355,-155.1137,8.67,3.47,20.5146,0,3550,6.72,3550,6.72,3550,6.72
1984-07-26 17:32:19,19.4943,-155.4602,4.39,2.07,19.9041,0,3551,6.72,3551,6.72,3551,6.72
1984-07-26 23:39:02,19.3253,-155.2572,7.99,2.51,11.091,0,3552,6.72,3552,6.72,3552,6.72
1984-07-26 23:48:15,19.4305,-155.3257,5.19,2.51,4.1933,0,3553,6.72,3553,6.72,3553,6.72
1984-07-27 04:30:38,19.3222,-155.1803,5.34,1.58,15.6837,0,3554,6.72,3554,6.72,3554,6.72
1984-07-27 05:58:48,19.3093,-155.2747,9.52,2.34,12.4873,0,3555,6.72,3555,6.72,3555,6.72
1984-07-27 06:11:57,19.4448,-155.5218,11.41,2.19,24.7628,0,3556,6.72,3556,6.72,3556,6.72
1984-07-27 12:00:43,19.345,-155.0405,7.35,2.81,27.2022,0,3557,6.72,3557,6.72,3557,6.72
1984-07-27 17:16:24,19.3578,-155.4757,9.32,2.04,21.0027,0,3558,6.72,3558,6.72,3558,6.72
1984-07-28 02:22:19,19.4862,-155.4395,5.12,2.19,17.5558,1,3559,6.72,3559,6.72,3559,6.72
1984-07-28 14:30:29,19.4293,-155.358,4.35,1.86,7.5022,1,3560,6.72,3560,6.72,3560,6.72
1984-07-28 19:02:29,19.3328,-155.19,8.53,2.36,14.1322,1,3561,6.72,3561,6.72,3561,6.72
1984-07-29 07:17:02,19.3953,-155.2632,3.02,2.15,3.7945,1,3562,6.72,3562,6.72,3562,6.72
1984-07-29 12:59:44,19.322,-155.2067,3.64,1.59,13.8615,1,3563,6.72,3563,6.72,3563,6.72
1984-07-29 13:21:11,19.3983,-155.2648,2.68,1.77,3.4341,1,3564,6.72,3564,6.72,3564,6.72
1984-07-29 20:28:50,19.3647,-155.0367,6.04,2.01,26.9894,1,3565,6.72,3565,6.72,3565,6.72
1984-07-30 13:10:40,19.3602,-155.0505,7.13,1.84,25.711,1,3566,6.72,3566,6.72,3566,6.72
1984-07-30 20:41:00,19.3248,-155.1908,7.26,1.58,14.7059,1,3567,6.72,3567,6.72,3567,6.72
1984-07-31 23:05:38,19.323,-155.2252,9.14,2.61,12.6797,1,3568,6.72,3568,6.72,3568,6.72
1984-08-01 00:59:40,19.4382,-155.4808,9.0,1.65,20.4119,1,3569,6.72,3569,6.72,3569,6.72
1984-08-01 13:17:05,19.3673,-155.4382,9.97,2.17,16.9453,1,3570,6.72,3570,6.72,3570,6.72
1984-08-02 00:01:21,19.4045,-155.4405,9.53,1.88,16.202,1,3571,6.72,3571,6.72,3571,6.72
1984-08-02 19:06:21,19.3813,-155.451,9.22,2.17,17.7576,1,3572,6.72,3572,6.72,3572,6.72
1984-08-03 13:43:12,19.4563,-155.42,11.66,2.57,14.4875,1,3573,6.72,3573,6.72,3573,6.72
1984-08-03 15:08:39,19.3217,-155.2568,9.38,3.5,11.4872,1,3574,6.72,3574,6.72,3574,6.72
1984-08-03 16:30:05,19.3208,-155.166,5.02,1.88,16.8895,1,3575,6.72,3575,6.72,3575,6.72
1984-08-03 18:44:13,19.3838,-155.0292,3.17,1.81,27.3529,1,3576,6.72,3576,6.72,3576,6.72
1984-08-03 22:11:32,19.3118,-155.2505,6.91,2.22,12.7319,1,3577,6.72,3577,6.72,3577,6.72
1984-08-04 05:18:56,19.3727,-155.0545,7.05,1.82,24.9701,1,3578,6.72,3578,6.72,3578,6.72
1984-08-04 07:25:29,19.3205,-155.2222,6.62,1.9,13.0802,1,3579,6.72,3579,6.72,3579,6.72
1984-08-04 07:49:15,19.3472,-155.3595,9.85,1.95,11.1878,1,3580,6.72,3580,6.72,3580,6.72
1984-08-04 09:34:32,19.3478,-155.3592,9.49,1.85,11.1175,1,3581,6.72,3581,6.72,3581,6.72
1984-08-04 13:29:27,19.3888,-155.0048,7.67,1.82,29.8127,1,3582,6.72,3582,6.72,3582,6.72
1984-08-04 13:52:56,19.3552,-155.0298,7.69,1.85,27.9523,1,3583,6.72,3583,6.72,3583,6.72
1984-08-04 15:59:59,19.412,-155.3618,11.18,1.89,7.9076,1,3584,6.72,3584,6.72,3584,6.72
1984-08-04 16:00:34,19.4102,-155.3652,12.95,1.61,8.2881,1,3585,6.72,3585,6.72,3585,6.72
1984-08-05 01:05:59,19.3675,-155.074,7.44,1.83,23.1193,1,3586,6.72,3586,6.72,3586,6.72
1984-08-05 01:35:46,19.4418,-155.5223,11.29,2.41,24.7818,1,3587,6.72,3587,6.72,3587,6.72
1984-08-05 05:12:30,19.3205,-155.1913,6.07,1.59,15.0222,1,3588,6.72,3588,6.72,3588,6.72
1984-08-05 05:33:56,19.3805,-155.436,9.86,2.28,16.2629,1,3589,6.72,3589,6.72,3589,6.72
1984-08-05 13:43:26,19.3967,-155.4498,10.34,1.98,17.286,1,3590,6.72,3590,6.72,3590,6.72
1984-08-06 10:36:16,19.339,-155.2052,7.33,2.18,12.5205,1,3591,6.72,3591,6.72,3591,6.72
1984-08-06 16:22:25,19.367,-155.0938,8.05,2.31,21.135,1,3592,6.72,3592,6.72,3592,6.72
1984-08-07 00:05:02,19.3848,-155.4463,10.55,2.75,17.1851,1,3593,6.72,3593,6.72,3593,6.72
1984-08-07 03:35:56,19.2908,-155.4643,8.03,1.71,23.5705,1,3594,6.72,3594,6.72,3594,6.72
1984-08-07 05:26:22,19.4298,-155.3637,8.38,1.87,8.1022,1,3595,6.72,3595,6.72,3595,6.72
1984-08-07 06:46:18,19.333,-155.1937,6.99,1.88,13.8396,1,3596,6.72,3596,6.72,3596,6.72
1984-08-07 11:44:21,19.3352,-155.2115,8.48,1.58,12.3994,1,3597,6.72,3597,6.72,3597,6.72
1984-08-07 14:00:33,19.3922,-155.4557,9.25,1.68,17.98,1,3598,6.72,3598,6.72,3598,6.72
1984-08-07 19:41:47,19.3212,-155.2555,8.88,2.7,11.5788,1,3599,6.72,3599,6.72,3599,6.72
1984-08-08 03:33:09,19.3443,-155.1802,6.84,1.86,14.0798,1,3600,6.72,3600,6.72,3600,6.72
1984-08-08 13:32:17,19.3373,-155.194,7.98,2.05,13.4829,1,3601,6.72,3601,6.72,3601,6.72
1984-08-08 17:11:37,19.3857,-155.0303,8.13,2.12,27.2074,1,3602,6.72,3602,6.72,3602,6.72
1984-08-08 17:34:06,19.4155,-155.3267,5.44,2.71,4.2077,1,3603,6.72,3603,6.72,3603,6.72
1984-08-08 20:00:54,19.335,-155.218,5.41,1.58,11.9931,1,3604,6.72,3604,6.72,3604,6.72
1984-08-08 21:46:01,19.3085,-155.2508,6.19,1.93,13.0732,1,3605,6.72,3605,6.72,3605,6.72
1984-08-08 21:50:56,19.3712,-155.0993,7.86,2.43,20.451,1,3606,6.72,3606,6.72,3606,6.72
1984-08-09 04:06:28,19.3995,-155.4302,8.6,2.73,15.2069,1,3607,6.72,3607,6.72,3607,6.72
1984-08-09 10:35:53,19.4145,-155.2648,15.43,2.62,2.438,1,3608,6.72,3608,6.72,3608,6.72
1984-08-10 06:16:40,19.509,-155.2573,6.66,1.74,10.2688,1,3609,6.72,3609,6.72,3609,6.72
1984-08-11 13:45:01,19.3933,-155.4575,9.62,1.69,18.1446,1,3610,6.72,3610,6.72,3610,6.72
1984-08-12 06:41:40,19.3358,-155.2185,7.42,1.88,11.8905,1,3611,6.72,3611,6.72,3611,6.72
1984-08-12 09:29:30,19.4572,-155.4903,9.94,3.18,21.6937,1,3612,6.72,3612,6.72,3612,6.72
1984-08-12 19:29:37,19.4475,-155.3925,6.32,1.57,11.4481,1,3613,6.72,3613,6.72,3613,6.72
1984-08-12 23:18:34,19.3478,-155.2238,7.21,2.05,10.4976,1,3614,6.72,3614,6.72,3614,6.72
1984-08-13 00:12:22,19.3295,-155.2015,7.0,1.77,13.5632,1,3615,6.72,3615,6.72,3615,6.72
1984-08-13 02:11:07,19.3187,-155.1828,6.22,1.59,15.776,1,3616,6.72,3616,6.72,3616,6.72
1984-08-13 05:57:46,19.3393,-155.2085,7.29,1.58,12.2612,1,3617,6.72,3617,6.72,3617,6.72
1984-08-14 10:50:02,19.3842,-155.037,6.88,2.21,26.5376,1,3618,6.72,3618,6.72,3618,6.72
1984-08-14 17:24:43,19.437,-155.3582,9.73,2.04,7.675,1,3619,6.72,3619,6.72,3619,6.72
1984-08-15 02:51:32,19.2808,-155.4868,8.91,2.32,26.123,1,3620,6.72,3620,6.72,3620,6.72
1984-08-15 10:48:20,19.3382,-155.217,7.13,1.52,11.7765,1,3621,6.72,3621,6.72,3621,6.72
1984-08-15 14:20:55,19.3575,-155.385,9.26,1.66,12.4703,1,3622,6.72,3622,6.72,3622,6.72
1984-08-15 17:31:39,19.4157,-155.3192,5.61,2.61,3.4276,1,3623,6.72,3623,6.72,3623,6.72
1984-08-15 19:30:49,19.3305,-155.2073,6.95,1.59,13.083,1,3624,6.72,3624,6.72,3624,6.72
1984-08-17 01:14:26,19.4622,-155.3982,8.37,1.87,12.5273,0,3625,6.72,3625,6.72,3625,6.72
1984-08-17 07:59:24,19.3252,-155.184,6.49,1.88,15.173,0,3626,6.72,3626,6.72,3626,6.72
1984-08-17 18:57:18,19.3692,-155.0278,7.94,1.86,27.7898,0,3627,6.72,3627,6.72,3627,6.72
1984-08-18 08:34:10,19.3192,-155.2248,6.21,1.6,13.0656,0,3628,6.72,3628,6.72,3628,6.72
1984-08-18 10:10:52,19.3568,-155.0797,7.96,2.76,22.8856,0,3629,6.72,3629,6.72,3629,6.72
1984-08-18 11:30:37,19.336,-155.2073,7.08,2.18,12.6186,0,3630,6.72,3630,6.72,3630,6.72
1984-08-18 17:22:52,19.3327,-155.1962,6.17,1.58,13.6794,0,3631,6.72,3631,6.72,3631,6.72
1984-08-18 18:07:21,19.4523,-155.492,10.62,1.97,21.7755,0,3632,6.72,3632,6.72,3632,6.72
1984-08-18 18:55:14,19.3607,-155.4412,10.32,2.53,17.5081,0,3633,6.72,3633,6.72,3633,6.72
1984-08-19 05:41:44,19.3205,-155.213,6.57,1.6,13.6068,1,3634,6.72,3634,6.72,3634,6.72
1984-08-20 12:50:04,19.4307,-155.3582,10.6,2.7,7.5436,1,3635,6.72,3635,6.72,3635,6.72
1984-08-20 13:06:06,19.3128,-155.2142,6.09,1.61,14.2505,1,3636,6.72,3636,6.72,3636,6.72
1984-08-20 16:53:40,19.3027,-155.2138,9.04,1.92,15.2318,1,3637,6.72,3637,6.72,3637,6.72
1984-08-20 21:33:50,19.3195,-155.1372,7.31,1.58,19.3474,1,3638,6.72,3638,6.72,3638,6.72
1984-08-20 21:46:52,19.3068,-155.2178,8.94,1.92,14.6271,1,3639,6.72,3639,6.72,3639,6.72
1984-08-20 21:55:04,19.3528,-155.2132,8.14,2.17,10.8367,1,3640,6.72,3640,6.72,3640,6.72
1984-08-21 10:34:30,19.4547,-155.4962,7.57,1.7,22.2536,1,3641,6.72,3641,6.72,3641,6.72
1984-08-21 12:53:33,19.3208,-155.2597,5.08,1.57,11.5039,1,3642,6.72,3642,6.72,3642,6.72
1984-08-21 22:46:44,19.3145,-155.2543,6.7,1.55,12.3291,1,3643,6.72,3643,6.72,3643,6.72
1984-08-22 13:58:50,19.4105,-155.325,4.58,2.63,4.1523,1,3644,6.72,3644,6.72,3644,6.72
1984-08-22 18:20:30,19.3428,-155.2278,8.09,2.58,10.6852,1,3645,6.72,3645,6.72,3645,6.72
1984-08-22 18:59:56,19.2547,-155.2282,7.01,1.55,19.4938,1,3646,6.72,3646,6.72,3646,6.72
1984-08-22 19:15:26,19.3822,-155.4583,8.7,2.52,18.4765,1,3647,6.72,3647,6.72,3647,6.72
1984-08-23 01:30:52,19.4795,-155.266,10.16,1.78,6.8676,1,3648,6.72,3648,6.72,3648,6.72
1984-08-23 04:23:47,19.317,-155.2572,7.21,1.92,11.9794,1,3649,6.72,3649,6.72,3649,6.72
1984-08-23 13:16:50,19.4502,-155.4685,8.23,1.57,19.3066,1,3650,6.72,3650,6.72,3650,6.72
1984-08-24 01:22:36,19.4208,-155.3443,4.84,1.86,6.0087,1,3651,6.72,3651,6.72,3651,6.72
1984-08-24 10:28:33,19.3725,-155.0457,7.02,2.81,25.8769,1,3652,6.72,3652,6.72,3652,6.72
1984-08-24 11:56:30,19.3282,-155.2118,7.55,1.59,12.9888,1,3653,6.72,3653,6.72,3653,6.72
1984-08-24 13:45:40,19.3455,-155.1283,7.59,2.16,18.6438,1,3654,6.72,3654,6.72,3654,6.72
1984-08-24 20:19:19,19.3358,-155.4068,13.24,2.18,15.7373,1,3655,6.72,3655,6.72,3655,6.72
1984-08-24 20:57:47,19.3778,-155.346,10.77,1.61,7.8334,1,3656,6.72,3656,6.72,3656,6.72
1984-08-25 00:48:36,19.2925,-155.244,5.2,1.64,14.9838,1,3657,6.72,3657,6.72,3657,6.72
1984-08-25 01:44:24,19.3575,-155.0462,6.73,1.84,26.2258,1,3658,6.72,3658,6.72,3658,6.72
1984-08-25 01:59:56,19.3398,-155.1593,8.08,1.57,16.1541,1,3659,6.72,3659,6.72,3659,6.72
1984-08-25 05:12:37,19.3238,-155.2053,8.74,1.69,13.7938,1,3660,6.72,3660,6.72,3660,6.72
1984-08-25 13:20:02,19.3808,-155.4443,10.57,1.69,17.0924,1,3661,6.72,3661,6.72,3661,6.72
1984-08-25 14:57:05,19.3955,-155.4512,11.44,2.6,17.4523,1,3662,6.72,3662,6.72,3662,6.72
1984-08-25 21:20:02,19.335,-155.409,12.99,2.8,15.9753,1,3663,6.72,3663,6.72,3663,6.72
1984-08-25 22:08:12,19.3785,-155.4453,10.02,2.52,17.262,1,3664,6.72,3664,6.72,3664,6.72
1984-08-25 22:38:33,19.3457,-155.2098,8.54,2.27,11.6483,1,3665,6.72,3665,6.72,3665,6.72
1984-08-27 05:07:23,19.4258,-155.5077,9.97,1.53,23.1499,1,3666,6.72,3666,6.72,3666,6.72
1984-08-27 05:36:43,19.3205,-155.1697,4.55,1.58,16.6222,1,3667,6.72,3667,6.72,3667,6.72
1984-08-28 11:54:36,19.3225,-155.214,6.78,1.6,13.3643,1,3668,6.72,3668,6.72,3668,6.72
1984-08-28 21:14:52,19.3253,-155.1927,7.76,1.59,14.5291,1,3669,6.72,3669,6.72,3669,6.72
1984-08-29 01:39:56,19.336,-155.1962,7.17,2.28,13.4184,1,3670,6.72,3670,6.72,3670,6.72
1984-08-29 02:43:43,19.4455,-155.3672,8.75,1.86,8.8398,1,3671,6.72,3671,6.72,3671,6.72
1984-08-29 08:30:14,19.3898,-155.3488,9.81,1.6,7.3513,1,3672,6.72,3672,6.72,3672,6.72
1984-08-29 09:27:26,19.3703,-155.0922,7.76,2.22,21.1952,1,3673,6.72,3673,6.72,3673,6.72
1984-08-29 09:48:56,19.341,-155.1113,8.16,2.04,20.4646,1,3674,6.72,3674,6.72,3674,6.72
1984-08-29 10:00:13,19.419,-155.3213,5.65,1.85,3.6036,1,3675,6.72,3675,6.72,3675,6.72
1984-08-29 14:01:41,19.317,-155.1918,4.14,1.59,15.2797,1,3676,6.72,3676,6.72,3676,6.72
1984-08-29 16:18:15,19.3972,-155.43,7.06,1.65,15.2287,1,3677,6.72,3677,6.72,3677,6.72
1984-08-29 18:05:39,19.363,-155.0777,7.37,2.31,22.8808,1,3678,6.72,3678,6.72,3678,6.72
1984-08-30 02:32:26,19.3285,-155.123,8.28,2.35,20.0438,1,3679,6.72,3679,6.72,3679,6.72
1984-08-30 02:41:42,19.4697,-155.4503,2.6,2.53,17.958,1,3680,6.72,3680,6.72,3680,6.72
1984-08-30 06:06:53,19.3513,-155.0427,5.22,1.54,26.7714,1,3681,6.72,3681,6.72,3681,6.72
1984-08-30 09:24:22,19.34,-155.2158,7.0,1.58,11.7006,1,3682,6.72,3682,6.72,3682,6.72
1984-08-30 11:42:47,19.3955,-155.453,9.73,1.68,17.6386,1,3683,6.72,3683,6.72,3683,6.72
1984-08-31 01:46:35,19.3552,-155.1043,7.45,1.59,20.5128,1,3684,6.72,3684,6.72,3684,6.72
1984-08-31 20:15:34,19.2948,-155.3947,9.55,2.04,18.0159,1,3685,6.72,3685,6.72,3685,6.72
1984-09-01 08:53:24,19.3633,-155.0853,8.65,2.87,22.1074,1,3686,6.72,3686,6.72,3686,6.72
1984-09-03 01:27:00,19.3572,-155.0342,7.29,1.54,27.4487,1,3687,6.72,3687,6.72,3687,6.72
1984-09-03 02:43:14,19.3562,-155.027,6.57,3.21,28.2072,1,3688,6.72,3688,6.72,3688,6.72
1984-09-03 03:14:05,19.3667,-155.0312,8.0,2.02,27.501,1,3689,6.72,3689,6.72,3689,6.72
1984-09-04 03:41:52,19.4705,-155.4347,7.46,2.07,16.4354,1,3690,6.72,3690,6.72,3690,6.72
1984-09-04 06:10:21,19.3662,-155.0435,6.56,1.53,26.2568,1,3691,6.72,3691,6.72,3691,6.72
1984-09-04 06:59:26,19.3633,-155.0477,4.52,1.53,25.9067,1,3692,6.72,3692,6.72,3692,6.72
1984-09-04 13:21:59,19.3602,-155.0815,8.18,2.01,22.59,1,3693,6.72,3693,6.72,3693,6.72
1984-09-04 14:12:30,19.3322,-155.4108,12.4,1.71,16.3135,1,3694,6.72,3694,6.72,3694,6.72
1984-09-04 15:17:06,19.3643,-155.503,9.36,2.06,23.5161,1,3695,6.72,3695,6.72,3695,6.72
1984-09-04 19:12:48,19.3373,-155.2095,7.56,1.68,12.3576,1,3696,6.72,3696,6.72,3696,6.72
1984-09-04 22:53:54,19.4177,-155.3272,4.63,2.53,4.2314,1,3697,6.72,3697,6.72,3697,6.72
1984-09-05 05:31:41,19.339,-155.2247,6.45,1.58,11.2181,1,3698,6.72,3698,6.72,3698,6.72
1984-09-05 22:56:24,19.3058,-155.2622,5.94,1.63,13.0712,1,3699,6.72,3699,6.72,3699,6.72
1984-09-06 05:07:33,19.3732,-155.4813,9.67,2.03,21.0603,1,3700,6.72,3700,6.72,3700,6.72
1984-09-06 07:19:36,19.5035,-155.43,3.09,1.56,17.576,1,3701,6.72,3701,6.72,3701,6.72
1984-09-06 08:44:35,19.327,-155.1947,7.2,1.89,14.2478,1,3702,6.72,3702,6.72,3702,6.72
1984-09-06 10:49:11,19.365,-155.0842,7.94,2.23,22.1639,1,3703,6.72,3703,6.72,3703,6.72
1984-09-06 13:01:47,19.4925,-155.4505,4.05,1.89,18.8959,1,3704,6.72,3704,6.72,3704,6.72
1984-09-06 13:18:13,19.3283,-155.1363,9.0,2.8,18.872,1,3705,6.72,3705,6.72,3705,6.72
1984-09-07 01:50:16,19.3515,-155.0218,6.7,1.6,28.8707,1,3706,6.72,3706,6.72,3706,6.72
1984-09-07 03:14:23,19.3587,-155.049,6.68,2.54,25.907,1,3707,6.72,3707,6.72,3707,6.72
1984-09-07 03:19:24,19.4927,-155.4377,4.08,1.58,17.6974,1,3708,6.72,3708,6.72,3708,6.72
1984-09-07 14:45:44,19.3217,-155.1998,6.62,1.59,14.3386,1,3709,6.72,3709,6.72,3709,6.72
1984-09-09 02:01:42,19.3238,-155.1875,6.81,2.75,15.0254,1,3710,6.72,3710,6.72,3710,6.72
1984-09-09 04:31:14,19.3223,-155.1975,6.96,1.72,14.4429,1,3711,6.72,3711,6.72,3711,6.72
1984-09-09 05:19:10,19.4502,-155.4767,9.7,1.96,20.1547,1,3712,6.72,3712,6.72,3712,6.72
1984-09-11 05:31:48,19.3467,-155.2162,7.62,1.57,11.109,0,3713,6.72,3713,6.72,3713,6.72
1984-09-11 09:51:36,19.3402,-155.2215,9.59,3.59,11.3106,0,3714,6.72,3714,6.72,3714,6.72
1984-09-11 12:06:23,19.3148,-155.2185,7.61,1.91,13.8235,0,3715,6.72,3715,6.72,3715,6.72
1984-09-11 12:16:57,19.3048,-155.2195,7.57,2.1,14.7341,0,3716,6.72,3716,6.72,3716,6.72
1984-09-11 15:04:33,19.3702,-155.0673,6.96,1.83,23.7256,0,3717,6.72,3717,6.72,3717,6.72
1984-09-11 23:13:45,19.3115,-155.2572,6.11,1.93,12.5708,0,3718,6.72,3718,6.72,3718,6.72
1984-09-12 01:18:03,19.3402,-155.207,7.81,2.42,12.294,0,3719,6.72,3719,6.72,3719,6.72
1984-09-12 03:39:32,19.3968,-155.4458,10.43,1.74,16.87,0,3720,6.72,3720,6.72,3720,6.72
1984-09-12 10:41:11,19.4157,-155.5057,9.42,1.71,22.9423,0,3721,6.72,3721,6.72,3721,6.72
1984-09-12 10:43:40,19.503,-155.4303,25.52,1.94,17.574,0,3722,6.72,3722,6.72,3722,6.72
1984-09-12 23:25:40,19.2505,-155.4608,5.23,1.97,26.3051,0,3723,6.72,3723,6.72,3723,6.72
1984-09-13 01:58:08,19.3342,-155.0645,7.69,2.17,25.2565,0,3724,6.72,3724,6.72,3724,6.72
1984-09-13 06:12:12,19.3333,-155.2083,8.07,1.53,12.777,0,3725,6.72,3725,6.72,3725,6.72
1984-09-13 13:16:34,19.455,-155.4892,8.55,2.14,21.5363,0,3726,6.72,3726,6.72,3726,6.72
1984-09-14 06:45:48,19.4753,-155.4685,7.17,1.62,19.965,0,3727,6.72,3727,6.72,3727,6.72
1984-09-14 10:28:36,19.3358,-155.2058,7.78,1.88,12.7399,0,3728,6.72,3728,6.72,3728,6.72
1984-09-15 08:59:04,19.352,-155.044,6.91,2.02,26.6183,0,3729,6.72,3729,6.72,3729,6.72
1984-09-15 14:31:12,19.3323,-155.2057,6.88,1.52,13.0388,0,3730,6.72,3730,6.72,3730,6.72
1984-09-15 23:20:23,19.333,-155.41,12.87,2.01,16.1929,0,3731,6.72,3731,6.72,3731,6.72
1984-09-16 05:35:58,19.3667,-155.444,9.46,2.0,17.5388,0,3732,6.72,3732,6.72,3732,6.72
1984-09-16 22:58:11,19.341,-155.1818,6.92,2.17,14.1741,0,3733,6.72,3733,6.72,3733,6.72
1984-09-17 05:26:46,19.42,-155.3238,3.36,1.54,3.8605,0,3734,6.72,3734,6.72,3734,6.72
1984-09-17 08:31:09,19.3088,-155.214,3.68,1.91,14.639,0,3735,6.72,3735,6.72,3735,6.72
1984-09-17 14:42:50,19.3332,-155.1092,7.6,2.61,21.0515,0,3736,6.72,3736,6.72,3736,6.72
1984-09-18 08:12:55,19.417,-155.323,4.64,1.61,3.8011,0,3737,6.72,3737,6.72,3737,6.72
1984-09-18 10:17:22,19.313,-155.2113,8.93,2.53,14.3973,0,3738,6.72,3738,6.72,3738,6.72
1984-09-18 11:43:25,19.308,-155.2167,4.94,1.93,14.5695,0,3739,6.72,3739,6.72,3739,6.72
1984-09-18 14:51:00,19.3593,-155.078,8.17,2.18,22.9703,0,3740,6.72,3740,6.72,3740,6.72
1984-09-18 14:53:50,19.3627,-155.0288,7.02,1.54,27.8471,0,3741,6.72,3741,6.72,3741,6.72
1984-09-19 10:13:50,19.3432,-155.1368,6.95,1.56,17.974,1,3742,6.72,3742,6.72,3742,6.72
1984-09-19 11:34:52,19.3293,-155.1945,6.65,2.06,14.0756,1,3743,6.72,3743,6.72,3743,6.72
1984-09-19 16:30:15,19.4438,-155.5037,9.07,1.69,22.864,1,3744,6.72,3744,6.72,3744,6.72
1984-09-19 17:15:18,19.3465,-155.2082,7.59,2.05,11.7024,1,3745,6.72,3745,6.72,3745,6.72
1984-09-19 18:10:23,19.3237,-155.2008,6.03,1.89,14.1005,1,3746,6.72,3746,6.72,3746,6.72
1984-09-19 21:34:11,19.3788,-155.5012,8.31,1.56,22.9502,1,3747,6.72,3747,6.72,3747,6.72
1984-09-20 08:09:30,19.3992,-155.2678,2.86,1.53,3.1514,1,3748,6.72,3748,6.72,3748,6.72
1984-09-20 12:50:38,19.3153,-155.2577,6.82,1.62,12.1486,1,3749,6.72,3749,6.72,3749,6.72
1984-09-20 18:33:56,19.2088,-155.4503,5.55,1.54,29.1613,1,3750,6.72,3750,6.72,3750,6.72
1984-09-20 20:46:46,19.4112,-155.277,0.88,1.57,1.5125,1,3751,6.72,3751,6.72,3751,6.72
1984-09-20 23:22:08,19.4075,-155.2727,1.21,1.52,2.122,1,3752,6.72,3752,6.72,3752,6.72
1984-09-21 02:41:57,19.3987,-155.2483,29.16,1.83,4.7564,1,3753,6.72,3753,6.72,3753,6.72
1984-09-21 08:47:53,19.3012,-155.217,4.59,2.62,15.2113,1,3754,6.72,3754,6.72,3754,6.72
1984-09-21 10:29:51,19.4252,-155.4887,9.32,1.89,21.1565,1,3755,6.72,3755,6.72,3755,6.72
1984-09-22 02:52:37,19.3298,-155.2093,7.31,1.89,13.0105,1,3756,6.72,3756,6.72,3756,6.72
1984-09-22 10:09:57,19.4547,-155.496,9.38,2.15,22.2329,1,3757,6.72,3757,6.72,3757,6.72
1984-09-23 04:24:32,19.3607,-155.1018,7.75,2.24,20.55,1,3758,6.72,3758,6.72,3758,6.72
1984-09-23 05:02:34,19.305,-155.2248,6.55,1.62,14.4552,1,3759,6.72,3759,6.72,3759,6.72
1984-09-23 06:40:34,19.3013,-155.2153,6.57,2.1,15.2885,1,3760,6.72,3760,6.72,3760,6.72
1984-09-23 06:47:54,19.3012,-155.2162,4.85,2.1,15.2519,1,3761,6.72,3761,6.72,3761,6.72
1984-09-23 10:01:50,19.3578,-155.0673,5.96,1.84,24.092,1,3762,6.72,3762,6.72,3762,6.72
1984-09-23 10:16:02,19.3448,-155.1778,7.31,1.56,14.2477,1,3763,6.72,3763,6.72,3763,6.72
1984-09-24 00:39:21,19.3637,-155.079,8.55,2.78,22.728,1,3764,6.72,3764,6.72,3764,6.72
1984-09-25 11:42:58,19.433,-155.4888,10.13,2.28,21.2033,1,3765,6.72,3765,6.72,3765,6.72
1984-09-25 13:53:46,19.2848,-155.3742,5.39,1.73,17.6932,1,3766,6.72,3766,6.72,3766,6.72
1984-09-26 05:24:14,19.3342,-155.1732,8.04,2.05,15.3511,1,3767,6.72,3767,6.72,3767,6.72
1984-09-27 05:17:41,19.3518,-155.3625,8.91,1.65,11.0416,1,3768,6.72,3768,6.72,3768,6.72
1984-09-28 19:42:08,19.4427,-155.481,9.28,1.75,20.4854,1,3769,6.72,3769,6.72,3769,6.72
1984-09-28 20:24:52,19.3547,-155.0437,7.3,2.39,26.5634,1,3770,6.72,3770,6.72,3770,6.72
1984-09-29 00:40:08,19.3358,-155.3113,3.22,2.18,9.8106,1,3771,6.72,3771,6.72,3771,6.72
1984-09-29 18:01:07,19.321,-155.2533,7.45,2.31,11.668,1,3772,6.72,3772,6.72,3772,6.72
1984-09-29 19:38:46,19.4507,-155.4998,10.58,2.16,22.5567,1,3773,6.72,3773,6.72,3773,6.72
1984-10-02 11:51:26,19.36,-155.1117,7.92,2.14,19.5983,1,3774,6.72,3774,6.72,3774,6.72
1984-10-02 12:03:31,19.297,-155.2193,6.48,1.93,15.5099,1,3775,6.72,3775,6.72,3775,6.72
1984-10-02 23:33:36,19.3343,-155.1757,8.28,2.35,15.141,1,3776,6.72,3776,6.72,3776,6.72
1984-10-03 08:35:24,19.339,-155.198,6.92,1.57,13.0497,1,3777,6.72,3777,6.72,3777,6.72
1984-10-03 19:34:12,19.2347,-155.4525,13.72,3.27,27.0312,1,3778,6.72,3778,6.72,3778,6.72
1984-10-04 01:15:50,19.3337,-155.2068,8.66,2.19,12.8456,1,3779,6.72,3779,6.72,3779,6.72
1984-10-04 20:04:41,19.3345,-155.218,6.12,1.58,12.0375,1,3780,6.72,3780,6.72,3780,6.72
1984-10-04 20:36:20,19.3283,-155.2005,6.24,2.19,13.7326,1,3781,6.72,3781,6.72,3781,6.72
1984-10-05 13:26:07,19.4678,-155.4137,8.23,3.04,14.2675,1,3782,6.72,3782,6.72,3782,6.72
1984-10-05 14:37:11,19.4628,-155.4703,10.05,2.24,19.7736,1,3783,6.72,3783,6.72,3783,6.72
1984-10-05 15:23:17,19.4338,-155.3343,6.58,1.54,5.16,1,3784,6.72,3784,6.72,3784,6.72
1984-10-06 01:10:00,19.3563,-155.0235,6.18,2.14,28.5595,1,3785,6.72,3785,6.72,3785,6.72
1984-10-06 01:38:11,19.3448,-155.0567,6.51,2.03,25.5999,1,3786,6.72,3786,6.72,3786,6.72
1984-10-07 18:18:45,19.3333,-155.1952,6.66,1.88,13.7051,1,3787,6.72,3787,6.72,3787,6.72
1984-10-08 07:12:55,19.4223,-155.328,6.07,1.55,4.3017,1,3788,6.72,3788,6.72,3788,6.72
1984-10-08 07:14:54,19.4213,-155.3283,6.28,1.55,4.3309,1,3789,6.72,3789,6.72,3789,6.72
1984-10-08 10:03:43,19.2857,-155.2565,10.8,2.97,15.3812,1,3790,6.72,3790,6.72,3790,6.72
1984-10-09 03:11:01,19.3368,-155.2172,7.51,2.28,11.8856,1,3791,6.72,3791,6.72,3791,6.72
1984-10-09 05:57:14,19.449,-155.5023,10.51,2.78,22.7896,1,3792,6.72,3792,6.72,3792,6.72
1984-10-09 08:32:41,19.3298,-155.1748,8.2,1.58,15.5359,1,3793,6.72,3793,6.72,3793,6.72
1984-10-09 12:43:53,19.2782,-155.3778,7.19,1.53,18.5168,1,3794,6.72,3794,6.72,3794,6.72
1984-10-10 12:33:50,19.2865,-155.4195,9.82,3.22,20.418,1,3795,6.72,3795,6.72,3795,6.72
1984-10-11 03:28:01,19.3908,-155.3763,9.38,1.92,9.9491,1,3796,6.72,3796,6.72,3796,6.72
1984-10-11 03:39:30,19.5002,-155.4583,3.58,2.07,20.0023,1,3797,6.72,3797,6.72,3797,6.72
1984-10-11 07:45:14,19.3845,-155.0428,6.83,1.51,25.9315,1,3798,6.72,3798,6.72,3798,6.72
1984-10-11 09:42:13,19.3458,-155.0177,5.46,1.85,29.4594,1,3799,6.72,3799,6.72,3799,6.72
1984-10-11 21:58:59,19.2923,-155.2527,7.37,1.95,14.7563,1,3800,6.72,3800,6.72,3800,6.72
1984-10-12 01:46:20,19.3343,-155.22,7.81,1.89,11.9305,1,3801,6.72,3801,6.72,3801,6.72
1984-10-12 01:59:30,19.2693,-155.508,8.65,2.18,28.673,1,3802,6.72,3802,6.72,3802,6.72
1984-10-12 05:16:09,19.48,-155.45,7.74,2.98,18.3061,1,3803,6.72,3803,6.72,3803,6.72
1984-10-12 05:55:46,19.4178,-155.3153,5.82,2.56,2.9888,1,3804,6.72,3804,6.72,3804,6.72
1984-10-12 10:07:33,19.47,-155.4123,2.8,1.57,14.2228,1,3805,6.72,3805,6.72,3805,6.72
1984-10-12 10:51:36,19.4102,-155.329,6.02,2.04,4.5651,1,3806,6.72,3806,6.72,3806,6.72
1984-10-12 11:53:47,19.4103,-155.33,6.14,2.69,4.6635,1,3807,6.72,3807,6.72,3807,6.72
1984-10-12 12:27:04,19.3338,-155.174,6.27,1.57,15.3141,1,3808,6.72,3808,6.72,3808,6.72
1984-10-12 12:42:11,19.4103,-155.3278,5.88,1.86,4.4408,1,3809,6.72,3809,6.72,3809,6.72
1984-10-12 19:21:18,19.2998,-155.3918,9.16,2.21,17.3923,1,3810,6.72,3810,6.72,3810,6.72
1984-10-13 07:54:05,19.386,-155.038,7.8,1.81,26.4036,1,3811,6.72,3811,6.72,3811,6.72
1984-10-13 08:55:39,19.3727,-155.0303,7.89,1.83,27.4543,1,3812,6.72,3812,6.72,3812,6.72
1984-10-13 16:16:27,19.342,-155.1298,8.71,3.03,18.6834,1,3813,6.72,3813,6.72,3813,6.72
1984-10-14 01:51:10,19.3577,-155.0995,7.33,1.55,20.8884,1,3814,6.72,3814,6.72,3814,6.72
1984-10-14 04:11:36,19.3277,-155.194,7.63,1.89,14.2409,1,3815,6.72,3815,6.72,3815,6.72
1984-10-14 12:30:24,19.3413,-155.2145,9.41,2.75,11.678,1,3816,6.72,3816,6.72,3816,6.72
1984-10-15 21:27:05,19.3595,-155.0515,9.04,2.0,25.6305,1,3817,6.72,3817,6.72,3817,6.72
1984-10-17 00:45:56,19.4075,-155.489,10.21,3.48,21.2371,1,3818,6.72,3818,6.72,3818,6.72
1984-10-17 07:52:07,19.374,-155.3463,9.58,2.23,8.1235,1,3819,6.72,3819,6.72,3819,6.72
1984-10-18 03:18:28,19.357,-155.1087,8.14,1.85,20.0101,1,3820,6.72,3820,6.72,3820,6.72
1984-10-18 14:14:45,19.3887,-155.3455,9.78,1.55,7.1091,1,3821,6.72,3821,6.72,3821,6.72
1984-10-18 15:50:21,19.3543,-155.4858,5.77,1.8,22.1315,1,3822,6.72,3822,6.72,3822,6.72
1984-10-18 22:34:09,19.3512,-155.0367,7.56,1.73,27.3776,0,3823,6.72,3823,6.72,3823,6.72
1984-10-18 23:43:55,19.329,-155.1278,5.93,1.53,19.5842,0,3824,6.72,3824,6.72,3824,6.72
1984-10-19 11:01:10,19.3628,-155.4683,6.37,2.02,20.0867,0,3825,6.72,3825,6.72,3825,6.72
1984-10-19 20:59:36,19.3592,-155.0418,7.56,1.9,26.621,0,3826,6.72,3826,6.72,3826,6.72
1984-10-19 21:22:37,19.3732,-155.01,7.66,1.71,29.5352,0,3827,6.72,3827,6.72,3827,6.72
1984-10-20 02:25:53,19.3975,-155.2805,14.35,1.95,2.7006,0,3828,6.72,3828,6.72,3828,6.72
1984-10-20 07:12:23,19.3395,-155.2158,7.46,1.74,11.7434,0,3829,6.72,3829,6.72,3829,6.72
1984-10-20 07:36:47,19.3302,-155.2173,6.42,1.61,12.4659,0,3830,6.72,3830,6.72,3830,6.72
1984-10-20 11:53:38,19.396,-155.4423,11.07,2.05,16.5225,0,3831,6.72,3831,6.72,3831,6.72
1984-10-20 14:34:20,19.435,-155.4877,10.47,2.59,21.1033,0,3832,6.72,3832,6.72,3832,6.72
1984-10-20 16:23:46,19.3305,-155.1357,6.34,1.57,18.7926,0,3833,6.72,3833,6.72,3833,6.72
1984-10-20 20:37:14,19.3278,-155.2102,7.25,1.84,13.1265,0,3834,6.72,3834,6.72,3834,6.72
1984-10-21 02:55:24,19.3258,-155.2048,4.77,1.72,13.6533,0,3835,6.72,3835,6.72,3835,6.72
1984-10-21 04:57:57,19.3285,-155.204,7.46,1.72,13.4759,0,3836,6.72,3836,6.72,3836,6.72
1984-10-21 08:45:16,19.474,-155.2475,26.23,1.58,7.2033,0,3837,6.72,3837,6.72,3837,6.72
1984-10-21 12:54:35,19.3813,-155.499,8.86,1.74,22.6684,0,3838,6.72,3838,6.72,3838,6.72
1984-10-21 14:15:10,19.3637,-155.4772,10.43,2.12,20.9419,0,3839,6.72,3839,6.72,3839,6.72
1984-10-21 20:17:48,19.3805,-155.4468,10.81,2.05,17.3542,0,3840,6.72,3840,6.72,3840,6.72
1984-10-22 06:30:43,19.2395,-155.444,9.12,2.46,26.0513,0,3841,6.72,3841,6.72,3841,6.72
1984-10-22 07:15:36,19.3147,-155.2287,8.79,1.92,13.3086,0,3842,6.72,3842,6.72,3842,6.72
1984-10-22 11:50:11,19.3662,-155.0798,7.75,1.55,22.5707,0,3843,6.72,3843,6.72,3843,6.72
1984-10-22 18:59:57,19.3323,-155.0615,6.07,2.04,25.6283,0,3844,6.72,3844,6.72,3844,6.72
1984-10-23 07:16:06,19.3457,-155.1242,8.0,2.4,19.019,0,3845,6.72,3845,6.72,3845,6.72
1984-10-23 13:31:49,19.3403,-155.1997,8.67,3.05,12.8211,0,3846,6.72,3846,6.72,3846,6.72
1984-10-23 16:43:15,19.3628,-155.4835,9.89,1.63,21.6021,0,3847,6.72,3847,6.72,3847,6.72
1984-10-23 17:41:30,19.3393,-155.2003,8.71,1.97,12.8546,0,3848,6.72,3848,6.72,3848,6.72
1984-10-23 17:45:02,19.3972,-155.2617,3.46,1.63,3.7477,0,3849,6.72,3849,6.72,3849,6.72
1984-10-25 00:15:45,19.332,-155.2017,7.74,1.84,13.3418,0,3850,6.72,3850,6.72,3850,6.72
1984-10-26 04:14:29,19.4528,-155.4753,9.75,1.75,20.0586,0,3851,6.72,3851,6.72,3851,6.72
1984-10-26 05:07:02,19.3602,-155.1012,6.58,1.74,20.6277,0,3852,6.72,3852,6.72,3852,6.72
1984-10-26 06:50:29,19.3033,-155.2552,7.72,1.94,13.5061,0,3853,6.72,3853,6.72,3853,6.72
1984-10-26 08:35:36,19.3283,-155.2127,6.04,1.68,12.9228,0,3854,6.72,3854,6.72,3854,6.72
1984-10-26 13:44:30,19.3243,-155.2063,6.17,1.69,13.6851,0,3855,6.72,3855,6.72,3855,6.72
1984-10-26 20:38:57,19.3368,-155.2117,7.2,1.95,12.2495,0,3856,6.72,3856,6.72,3856,6.72
1984-10-26 20:56:42,19.3378,-155.2153,7.05,1.63,11.9229,0,3857,6.72,3857,6.72,3857,6.72
1984-10-26 22:34:45,19.3857,-155.0513,7.57,2.57,25.03,0,3858,6.72,3858,6.72,3858,6.72
1984-10-27 08:36:30,19.4247,-155.3233,3.86,1.55,3.8286,0,3859,6.72,3859,6.72,3859,6.72
1984-10-27 09:10:04,19.3385,-155.2168,7.61,1.88,11.7635,0,3860,6.72,3860,6.72,3860,6.72
1984-10-27 09:17:19,19.437,-155.4897,8.8,1.75,21.3298,0,3861,6.72,3861,6.72,3861,6.72
1984-10-27 10:12:29,19.4232,-155.3237,4.94,2.55,3.8561,0,3862,6.72,3862,6.72,3862,6.72
1984-10-27 12:03:02,19.4122,-155.333,4.61,1.55,4.922,0,3863,6.72,3863,6.72,3863,6.72
1984-10-27 23:52:53,19.364,-155.4783,5.03,1.78,21.0417,0,3864,6.72,3864,6.72,3864,6.72
1984-10-28 13:43:35,19.3363,-155.1382,7.76,2.41,18.23,0,3865,6.72,3865,6.72,3865,6.72
1984-10-29 07:18:29,19.3473,-155.2168,7.56,1.81,11.0173,0,3866,6.72,3866,6.72,3866,6.72
1984-10-29 12:54:43,19.365,-155.2017,3.43,1.58,10.9006,0,3867,6.72,3867,6.72,3867,6.72
1984-10-29 15:47:06,19.3333,-155.2248,5.83,1.59,11.7333,0,3868,6.72,3868,6.72,3868,6.72
1984-10-30 07:35:53,19.3413,-155.2083,8.6,2.65,12.1116,0,3869,6.72,3869,6.72,3869,6.72
1984-10-30 08:06:08,19.3348,-155.1395,6.84,1.75,18.2007,0,3870,6.72,3870,6.72,3870,6.72
1984-10-30 08:25:53,19.3163,-155.1467,5.85,1.71,18.7658,0,3871,6.72,3871,6.72,3871,6.72
1984-10-30 09:11:10,19.3412,-155.2003,9.34,2.91,12.7062,0,3872,6.72,3872,6.72,3872,6.72
1984-10-30 12:13:43,19.3563,-155.503,9.11,2.19,23.7706,0,3873,6.72,3873,6.72,3873,6.72
1984-10-30 20:17:33,19.3278,-155.2162,6.44,1.61,12.7499,0,3874,6.72,3874,6.72,3874,6.72
1984-10-30 21:15:39,19.3088,-155.2447,6.93,1.62,13.2418,0,3875,6.72,3875,6.72,3875,6.72
1984-10-31 04:36:15,19.3888,-155.344,9.31,1.76,6.968,0,3876,6.72,3876,6.72,3876,6.72
1984-10-31 05:21:48,19.3388,-155.2093,8.01,1.88,12.2464,0,3877,6.72,3877,6.72,3877,6.72
1984-10-31 07:06:47,19.4125,-155.3245,5.51,1.64,4.0444,0,3878,6.72,3878,6.72,3878,6.72
1984-10-31 13:44:49,19.3585,-155.497,8.92,1.62,23.0966,0,3879,6.72,3879,6.72,3879,6.72
1984-11-01 05:22:22,19.2063,-155.4473,9.31,3.17,29.2044,0,3880,6.72,3880,6.72,3880,6.72
1984-11-01 07:14:08,19.3677,-155.4423,10.52,2.1,17.3331,0,3881,6.72,3881,6.72,3881,6.72
1984-11-01 07:19:29,19.3795,-155.0363,7.23,1.61,26.6959,0,3882,6.72,3882,6.72,3882,6.72
1984-11-01 08:53:45,19.3203,-155.1395,3.99,1.74,19.0996,0,3883,6.72,3883,6.72,3883,6.72
1984-11-02 01:32:42,19.3347,-155.211,7.36,1.58,12.4757,1,3884,6.72,3884,6.72,3884,6.72
1984-11-02 02:27:05,19.4408,-155.4765,10.08,2.26,19.9926,1,3885,6.72,3885,6.72,3885,6.72
1984-11-02 03:12:17,19.3805,-155.4985,8.68,1.59,22.6346,1,3886,6.72,3886,6.72,3886,6.72
1984-11-02 10:05:08,19.3347,-155.2042,6.66,1.88,12.9431,1,3887,6.72,3887,6.72,3887,6.72
1984-11-02 10:32:24,19.3215,-155.2315,8.06,2.08,12.5023,1,3888,6.72,3888,6.72,3888,6.72
1984-11-02 21:24:34,19.4098,-155.3217,5.92,2.5,3.846,1,3889,6.72,3889,6.72,3889,6.72
1984-11-03 01:13:36,19.336,-155.2163,7.18,1.59,12.0139,1,3890,6.72,3890,6.72,3890,6.72
1984-11-03 02:31:22,19.3388,-155.2067,7.52,2.48,12.4296,1,3891,6.72,3891,6.72,3891,6.72
1984-11-03 03:04:22,19.4213,-155.3308,7.1,2.52,4.5931,1,3892,6.72,3892,6.72,3892,6.72
1984-11-03 15:45:14,19.4233,-155.4652,9.68,2.07,18.6888,1,3893,6.72,3893,6.72,3893,6.72
1984-11-03 16:20:15,19.3303,-155.1675,6.38,1.62,16.0889,1,3894,6.72,3894,6.72,3894,6.72
1984-11-03 21:02:19,19.3188,-155.2017,6.67,1.65,14.4643,1,3895,6.72,3895,6.72,3895,6.72
1984-11-04 03:31:37,19.3633,-155.2457,9.16,3.09,7.7415,1,3896,6.72,3896,6.72,3896,6.72
1984-11-04 09:04:14,19.3602,-155.0217,6.36,1.73,28.6364,1,3897,6.72,3897,6.72,3897,6.72
1984-11-04 09:25:45,19.3527,-155.0342,6.24,1.88,27.5826,1,3898,6.72,3898,6.72,3898,6.72
1984-11-04 14:34:42,19.3325,-155.1255,4.16,1.71,19.5918,1,3899,6.72,3899,6.72,3899,6.72
1984-11-04 22:40:39,19.3722,-155.4407,10.66,2.53,17.0091,1,3900,6.72,3900,6.72,3900,6.72
1984-11-05 20:23:26,19.3808,-155.4363,10.21,1.59,16.284,1,3901,6.72,3901,6.72,3901,6.72
1984-11-06 01:29:04,19.3288,-155.178,7.93,1.91,15.3573,1,3902,6.72,3902,6.72,3902,6.72
1984-11-06 08:12:21,19.3628,-155.0118,5.59,1.54,29.5817,1,3903,6.72,3903,6.72,3903,6.72
1984-11-06 09:44:54,19.3342,-155.2138,6.98,2.06,12.3336,1,3904,6.72,3904,6.72,3904,6.72
1984-11-06 11:25:05,19.3775,-155.345,8.77,2.17,7.7716,1,3905,6.72,3905,6.72,3905,6.72
1984-11-06 13:02:17,19.3385,-155.2157,7.73,1.88,11.8361,1,3906,6.72,3906,6.72,3906,6.72
1984-11-06 21:56:33,19.3267,-155.2055,6.44,2.02,13.5293,1,3907,6.72,3907,6.72,3907,6.72
1984-11-07 00:14:39,19.329,-155.2063,7.36,1.85,13.2784,1,3908,6.72,3908,6.72,3908,6.72
1984-11-07 03:46:29,19.346,-155.3612,9.97,1.95,11.407,1,3909,6.72,3909,6.72,3909,6.72
1984-11-07 11:49:37,19.3192,-155.171,7.11,1.6,16.6196,1,3910,6.72,3910,6.72,3910,6.72
1984-11-07 17:53:20,19.2923,-155.4305,8.63,1.56,20.7708,1,3911,6.72,3911,6.72,3911,6.72
1984-11-07 23:07:00,19.3803,-155.4985,9.64,1.63,22.639,1,3912,6.72,3912,6.72,3912,6.72
1984-11-08 06:27:42,19.3142,-155.2145,4.44,1.75,14.1023,1,3913,6.72,3913,6.72,3913,6.72
1984-11-09 00:28:41,19.4433,-155.4782,7.62,1.77,20.2019,1,3914,6.72,3914,6.72,3914,6.72
1984-11-09 06:47:17,19.4508,-155.5033,9.76,1.68,22.9214,1,3915,6.72,3915,6.72,3915,6.72
1984-11-09 09:56:57,19.3095,-155.2165,8.76,2.17,14.4366,1,3916,6.72,3916,6.72,3916,6.72
1984-11-09 14:24:20,19.3433,-155.2038,7.99,1.82,12.2806,1,3917,6.72,3917,6.72,3917,6.72
1984-11-10 02:33:46,19.456,-155.3842,9.96,1.89,10.9096,1,3918,6.72,3918,6.72,3918,6.72
1984-11-10 02:36:15,19.4175,-155.3172,5.73,1.7,3.1906,1,3919,6.72,3919,6.72,3919,6.72
1984-11-10 04:11:41,19.3727,-155.0517,7.32,1.62,25.257,1,3920,6.72,3920,6.72,3920,6.72
1984-11-10 14:45:05,19.3482,-155.2178,6.57,1.91,10.8728,1,3921,6.72,3921,6.72,3921,6.72
1984-11-10 16:37:12,19.397,-155.5,9.17,1.71,22.4971,1,3922,6.72,3922,6.72,3922,6.72
1984-11-11 05:09:57,19.3198,-155.2288,6.61,1.83,12.8025,1,3923,6.72,3923,6.72,3923,6.72
1984-11-11 05:55:46,19.4245,-155.3513,9.87,2.83,6.7539,1,3924,6.72,3924,6.72,3924,6.72
1984-11-11 11:21:09,19.3443,-155.3573,12.2,1.84,11.2742,1,3925,6.72,3925,6.72,3925,6.72
1984-11-11 14:40:17,19.4575,-155.4432,5.93,1.61,16.8737,1,3926,6.72,3926,6.72,3926,6.72
1984-11-11 18:44:59,19.3107,-155.1958,2.82,1.7,15.5551,1,3927,6.72,3927,6.72,3927,6.72
1984-11-12 05:03:20,19.3427,-155.1882,8.87,3.52,13.5355,1,3928,6.72,3928,6.72,3928,6.72
1984-11-12 05:23:44,19.2747,-155.461,10.01,1.53,24.4517,1,3929,6.72,3929,6.72,3929,6.72
1984-11-12 08:48:01,19.3318,-155.1372,6.5,2.52,18.5823,1,3930,6.72,3930,6.72,3930,6.72
1984-11-12 09:57:00,19.323,-155.1962,7.23,2.06,14.4732,1,3931,6.72,3931,6.72,3931,6.72
1984-11-12 11:38:45,19.3707,-155.0305,5.72,1.89,27.4783,1,3932,6.72,3932,6.72,3932,6.72
1984-11-12 12:52:37,19.4558,-155.494,10.06,1.99,22.0473,1,3933,6.72,3933,6.72,3933,6.72
1984-11-12 16:56:57,19.3228,-155.2025,5.46,1.61,14.0644,1,3934,6.72,3934,6.72,3934,6.72
1984-11-12 18:16:39,19.3123,-155.247,7.56,2.07,12.7946,1,3935,6.72,3935,6.72,3935,6.72
1984-11-13 01:11:20,19.3003,-155.2137,9.26,1.99,15.4681,1,3936,6.72,3936,6.72,3936,6.72
1984-11-13 01:57:41,19.2988,-155.2165,6.74,1.59,15.4705,1,3937,6.72,3937,6.72,3937,6.72
1984-11-13 06:21:14,19.2965,-155.2167,8.5,1.6,15.6858,1,3938,6.72,3938,6.72,3938,6.72
1984-11-13 08:02:29,19.2993,-155.2355,6.48,1.53,14.5711,1,3939,6.72,3939,6.72,3939,6.72
1984-11-13 18:57:59,19.3147,-155.2195,5.96,2.08,13.7788,1,3940,6.72,3940,6.72,3940,6.72
1984-11-13 21:10:36,19.3313,-155.495,9.32,1.75,23.99,1,3941,6.72,3941,6.72,3941,6.72
1984-11-14 03:17:02,19.3362,-155.2185,9.16,1.89,11.8551,1,3942,6.72,3942,6.72,3942,6.72
1984-11-14 03:36:11,19.3245,-155.2108,7.98,1.64,13.3804,1,3943,6.72,3943,6.72,3943,6.72
1984-11-14 03:52:23,19.4342,-155.3645,10.38,1.73,8.2582,1,3944,6.72,3944,6.72,3944,6.72
1984-11-14 04:57:56,19.3293,-155.21,6.89,1.55,13.0082,1,3945,6.72,3945,6.72,3945,6.72
1984-11-14 04:59:01,19.3278,-155.2078,7.38,2.13,13.2825,1,3946,6.72,3946,6.72,3946,6.72
1984-11-14 07:31:49,19.3882,-155.3452,10.96,2.01,7.1103,1,3947,6.72,3947,6.72,3947,6.72
1984-11-14 11:42:41,19.3298,-155.2018,7.65,1.67,13.5173,1,3948,6.72,3948,6.72,3948,6.72
1984-11-14 13:27:07,19.4562,-155.444,7.03,1.61,16.9211,1,3949,6.72,3949,6.72,3949,6.72
1984-11-14 14:00:50,19.3243,-155.2035,7.86,1.59,13.8688,1,3950,6.72,3950,6.72,3950,6.72
1984-11-14 20:48:58,19.3363,-155.196,8.66,1.81,13.4098,1,3951,6.72,3951,6.72,3951,6.72
1984-11-14 22:29:17,19.3833,-155.351,10.7,2.0,7.9136,1,3952,6.72,3952,6.72,3952,6.72
1984-11-15 06:08:56,19.3372,-155.1982,7.72,2.63,13.1755,1,3953,6.72,3953,6.72,3953,6.72
1984-11-15 23:35:01,19.3227,-155.166,6.17,1.58,16.7508,1,3954,6.72,3954,6.72,3954,6.72
1984-11-16 11:01:58,19.3703,-155.4807,9.43,3.15,21.0835,1,3955,6.72,3955,6.72,3955,6.72
1984-11-16 23:23:15,19.3345,-155.1982,7.21,2.06,13.3896,1,3956,6.72,3956,6.72,3956,6.72
1984-11-17 05:04:25,19.3932,-155.3452,10.19,2.77,6.8417,1,3957,6.72,3957,6.72,3957,6.72
1984-11-17 11:18:36,19.324,-155.2043,7.1,1.76,13.8419,1,3958,6.72,3958,6.72,3958,6.72
1984-11-18 01:08:44,19.388,-155.4913,8.09,1.73,21.7384,1,3959,6.72,3959,6.72,3959,6.72
1984-11-18 02:46:19,19.3012,-155.2132,3.98,1.52,15.4077,1,3960,6.72,3960,6.72,3960,6.72
1984-11-20 19:44:55,19.4397,-155.4993,7.53,1.73,22.3588,1,3961,6.72,3961,6.72,3961,6.72
1984-11-21 16:35:06,19.3363,-155.1933,7.12,2.31,13.6129,1,3962,6.72,3962,6.72,3962,6.72
1984-11-21 20:47:09,19.4195,-155.4845,9.03,2.02,20.7119,1,3963,6.72,3963,6.72,3963,6.72
1984-11-22 11:37:18,19.377,-155.3467,10.38,3.09,7.946,1,3964,6.72,3964,6.72,3964,6.72
1984-11-22 17:48:52,19.3393,-155.1922,7.32,2.61,13.4691,1,3965,6.72,3965,6.72,3965,6.72
1984-11-23 12:12:45,19.3388,-155.2135,6.85,1.82,11.9577,1,3966,6.72,3966,6.72,3966,6.72
1984-11-23 16:10:16,19.3547,-155.3642,8.24,1.69,10.9505,1,3967,6.72,3967,6.72,3967,6.72
1984-11-23 23:17:22,19.4673,-155.4077,2.35,1.53,13.6626,1,3968,6.72,3968,6.72,3968,6.72
1984-11-23 23:30:57,19.3618,-155.0203,7.04,1.58,28.7377,1,3969,6.72,3969,6.72,3969,6.72
1984-11-24 00:26:46,19.3425,-155.2068,6.93,2.01,12.1229,1,3970,6.72,3970,6.72,3970,6.72
1984-11-24 13:42:14,19.338,-155.1665,8.02,1.85,15.6508,1,3971,6.72,3971,6.72,3971,6.72
1984-11-25 05:52:15,19.3215,-155.2523,6.84,1.69,11.6473,1,3972,6.72,3972,6.72,3972,6.72
1984-11-25 06:04:24,19.3305,-155.2027,6.74,1.52,13.3965,1,3973,6.72,3973,6.72,3973,6.72
1984-11-26 04:15:23,19.3173,-155.2538,8.92,2.62,12.0454,1,3974,6.72,3974,6.72,3974,6.72
1984-11-26 20:23:23,19.3305,-155.1363,6.64,1.87,18.7395,1,3975,6.72,3975,6.72,3975,6.72
1984-11-26 22:54:20,19.4597,-155.332,13.52,1.85,6.3859,1,3976,6.72,3976,6.72,3976,6.72
1984-11-27 21:02:51,19.3552,-155.1137,6.08,1.54,19.5948,1,3977,6.72,3977,6.72,3977,6.72
1984-11-28 04:09:53,19.3067,-155.2765,7.76,2.12,12.7572,1,3978,6.72,3978,6.72,3978,6.72
1984-11-28 12:37:47,19.3158,-155.2435,6.72,1.61,12.5563,1,3979,6.72,3979,6.72,3979,6.72
1984-11-28 17:16:18,19.3075,-155.2227,6.86,1.53,14.3102,1,3980,6.72,3980,6.72,3980,6.72
1984-11-29 02:51:02,19.3422,-155.2135,6.76,1.51,11.6712,1,3981,6.72,3981,6.72,3981,6.72
1984-11-29 06:55:05,19.5027,-155.2783,10.38,1.77,9.1304,1,3982,6.72,3982,6.72,3982,6.72
1984-11-29 08:57:11,19.3813,-155.4448,10.85,2.59,17.1285,1,3983,6.72,3983,6.72,3983,6.72
1984-11-29 12:03:39,19.4822,-155.4407,5.4,2.7,17.4929,1,3984,6.72,3984,6.72,3984,6.72
1984-11-29 22:52:29,19.3368,-155.1937,9.36,2.07,13.5441,1,3985,6.72,3985,6.72,3985,6.72
1984-11-29 23:39:42,19.3842,-155.4352,10.11,1.6,16.0725,1,3986,6.72,3986,6.72,3986,6.72
1984-11-30 06:29:56,19.3237,-155.2682,7.79,2.22,10.9975,1,3987,6.72,3987,6.72,3987,6.72
1984-11-30 07:04:16,19.4355,-155.3327,5.33,2.57,5.056,1,3988,6.72,3988,6.72,3988,6.72
1984-11-30 11:25:12,19.4463,-155.479,9.99,1.88,20.3284,1,3989,6.72,3989,6.72,3989,6.72
1984-11-30 22:48:43,19.3582,-155.3927,10.55,2.78,13.1023,1,3990,6.72,3990,6.72,3990,6.72
1984-11-30 23:16:27,19.3347,-155.2183,5.92,1.77,12.0008,1,3991,6.72,3991,6.72,3991,6.72
1984-12-01 04:50:13,19.4885,-155.4585,5.08,2.66,19.4845,1,3992,6.72,3992,6.72,3992,6.72
1984-12-01 07:36:32,19.3282,-155.2023,6.34,1.7,13.617,1,3993,6.72,3993,6.72,3993,6.72
1984-12-01 09:07:16,19.4068,-155.2655,22.67,1.69,2.7528,1,3994,6.72,3994,6.72,3994,6.72
1984-12-02 11:31:22,19.3987,-155.4478,10.36,2.95,17.045,1,3995,6.72,3995,6.72,3995,6.72
1984-12-02 16:51:23,19.3202,-155.1915,7.4,1.74,15.0331,1,3996,6.72,3996,6.72,3996,6.72
1984-12-02 16:52:46,19.4277,-155.4808,9.38,1.69,20.3364,1,3997,6.72,3997,6.72,3997,6.72
1984-12-02 19:24:58,19.3993,-155.452,9.11,1.67,17.4715,1,3998,6.72,3998,6.72,3998,6.72
1984-12-02 20:06:23,19.333,-155.1948,8.31,2.04,13.7583,1,3999,6.72,3999,6.72,3999,6.72
1984-12-03 11:11:15,19.3357,-155.187,8.66,2.28,14.1421,1,4000,6.72,4000,6.72,4000,6.72
1984-12-03 11:24:52,19.3905,-155.343,9.83,1.87,6.7818,1,4001,6.72,4001,6.72,4001,6.72
1984-12-03 11:49:43,19.3305,-155.1858,8.34,1.89,14.6275,1,4002,6.72,4002,6.72,4002,6.72
1984-12-03 12:33:31,19.3952,-155.4453,10.96,1.93,16.8477,1,4003,6.72,4003,6.72,4003,6.72
1984-12-03 19:19:50,19.3452,-155.383,9.2,1.85,13.1314,1,4004,6.72,4004,6.72,4004,6.72
1984-12-03 23:18:55,19.339,-155.225,9.0,1.75,11.1998,1,4005,6.72,4005,6.72,4005,6.72
1984-12-03 23:33:39,19.3322,-155.2007,9.04,1.97,13.3959,1,4006,6.72,4006,6.72,4006,6.72
1984-12-04 01:13:43,19.365,-155.0387,7.73,1.74,26.7775,1,4007,6.72,4007,6.72,4007,6.72
1984-12-04 07:10:41,19.3547,-155.482,6.23,1.75,21.7412,1,4008,6.72,4008,6.72,4008,6.72
1984-12-04 10:12:50,19.2917,-155.4543,9.07,2.07,22.6882,1,4009,6.72,4009,6.72,4009,6.72
1984-12-04 10:27:59,19.2885,-155.454,9.72,2.02,22.8913,1,4010,6.72,4010,6.72,4010,6.72
1984-12-04 12:10:13,19.3953,-155.2585,3.09,1.53,4.1354,1,4011,6.72,4011,6.72,4011,6.72
1984-12-04 18:07:52,19.4042,-155.2642,3.73,1.62,3.0345,1,4012,6.72,4012,6.72,4012,6.72
1984-12-04 20:53:34,19.4075,-155.4322,10.63,1.86,15.301,1,4013,6.72,4013,6.72,4013,6.72
1984-12-04 21:49:11,19.3992,-155.2708,2.99,2.16,2.9603,1,4014,6.72,4014,6.72,4014,6.72
1984-12-04 22:55:18,19.4138,-155.2817,0.76,1.7,0.9747,1,4015,6.72,4015,6.72,4015,6.72
1984-12-05 01:05:14,19.4297,-155.3597,9.39,1.75,7.6846,1,4016,6.72,4016,6.72,4016,6.72
1984-12-05 02:23:55,19.3742,-155.4595,9.69,2.53,18.8256,1,4017,6.72,4017,6.72,4017,6.72
1984-12-05 13:09:06,19.2955,-155.3418,5.38,1.66,15.0926,1,4018,6.72,4018,6.72,4018,6.72
1984-12-06 03:29:52,19.2758,-155.455,9.04,2.55,23.9025,1,4019,6.72,4019,6.72,4019,6.72
1984-12-06 12:12:35,19.3278,-155.501,9.76,1.91,24.7246,1,4020,6.72,4020,6.72,4020,6.72
1984-12-08 22:35:30,19.3758,-155.5003,9.32,1.57,22.9288,1,4021,6.72,4021,6.72,4021,6.72
1984-12-08 23:11:55,19.397,-155.4335,6.66,1.99,15.5941,1,4022,6.72,4022,6.72,4022,6.72
1984-12-08 23:48:45,19.3153,-155.2008,4.12,1.57,14.8294,1,4023,6.72,4023,6.72,4023,6.72
1984-12-09 02:28:09,19.3953,-155.2868,14.18,2.35,2.8577,1,4024,6.72,4024,6.72,4024,6.72
1984-12-09 14:00:45,19.4185,-155.4887,8.06,1.91,21.1536,1,4025,6.72,4025,6.72,4025,6.72
1984-12-09 15:23:37,19.3172,-155.1537,4.24,1.6,18.1317,1,4026,6.72,4026,6.72,4026,6.72
1984-12-09 16:23:19,19.342,-155.194,8.97,2.11,13.1275,1,4027,6.72,4027,6.72,4027,6.72
1984-12-09 19:40:46,19.3232,-155.5072,9.55,2.5,25.5305,1,4028,6.72,4028,6.72,4028,6.72
1984-12-10 01:57:56,19.3193,-155.224,7.4,1.93,13.0981,1,4029,6.72,4029,6.72,4029,6.72
1984-12-10 02:30:08,19.3328,-155.1965,7.54,1.99,13.6495,1,4030,6.72,4030,6.72,4030,6.72
1984-12-10 10:22:17,19.4265,-155.4862,10.29,1.64,20.898,1,4031,6.72,4031,6.72,4031,6.72
1984-12-10 11:15:18,19.4278,-155.4888,9.65,2.3,21.1752,1,4032,6.72,4032,6.72,4032,6.72
1984-12-10 15:25:15,19.3257,-155.1392,7.88,2.14,18.7797,1,4033,6.72,4033,6.72,4033,6.72
1984-12-10 19:25:24,19.4225,-155.322,7.06,2.07,3.6739,1,4034,6.72,4034,6.72,4034,6.72
1984-12-11 00:48:35,19.3743,-155.4938,8.88,1.71,22.3025,1,4035,6.72,4035,6.72,4035,6.72
1984-12-11 06:56:18,19.444,-155.5235,12.36,2.13,24.9308,1,4036,6.72,4036,6.72,4036,6.72
1984-12-11 09:31:41,19.3817,-155.0207,6.58,1.66,28.2698,1,4037,6.72,4037,6.72,4037,6.72
1984-12-11 12:32:48,19.5812,-155.4175,10.12,2.92,22.4592,1,4038,6.72,4038,6.72,4038,6.72
1984-12-11 15:15:21,19.3352,-155.2228,6.11,1.72,11.678,1,4039,6.72,4039,6.72,4039,6.72
1984-12-11 22:33:02,19.3542,-155.4008,10.44,1.7,14.0586,1,4040,6.72,4040,6.72,4040,6.72
1984-12-12 01:02:57,19.3562,-155.289,26.8,2.04,7.2084,1,4041,6.72,4041,6.72,4041,6.72
1984-12-12 05:07:24,19.3443,-155.5078,10.15,1.84,24.6804,1,4042,6.72,4042,6.72,4042,6.72
1984-12-12 13:09:20,19.3068,-155.2588,6.94,1.69,13.0385,1,4043,6.72,4043,6.72,4043,6.72
1984-12-12 15:15:15,19.3222,-155.1943,6.12,2.07,14.6717,1,4044,6.72,4044,6.72,4044,6.72
1984-12-12 15:21:26,19.3703,-155.5015,11.11,2.06,23.193,1,4045,6.72,4045,6.72,4045,6.72
1984-12-12 22:36:02,19.428,-155.5005,10.7,1.63,22.4021,1,4046,6.72,4046,6.72,4046,6.72
1984-12-13 00:05:51,19.4173,-155.3202,6.53,1.58,3.5056,1,4047,6.72,4047,6.72,4047,6.72
1984-12-13 14:23:10,19.3275,-155.2147,6.15,1.59,12.8691,1,4048,6.72,4048,6.72,4048,6.72
1984-12-13 20:29:30,19.3732,-155.4817,9.54,1.6,21.1009,1,4049,6.72,4049,6.72,4049,6.72
1984-12-14 09:31:52,19.3658,-155.0425,5.24,1.53,26.3692,1,4050,6.72,4050,6.72,4050,6.72
1984-12-14 14:08:58,19.3492,-155.1062,6.43,1.69,20.5766,1,4051,6.72,4051,6.72,4051,6.72
1984-12-14 21:27:09,19.3663,-155.4098,12.71,1.98,14.2436,1,4052,6.72,4052,6.72,4052,6.72
1984-12-15 10:52:20,19.3652,-155.0618,6.9,1.53,24.4219,1,4053,6.72,4053,6.72,4053,6.72
1984-12-15 19:15:06,19.2877,-155.2697,8.13,1.93,14.933,1,4054,6.72,4054,6.72,4054,6.72
1984-12-16 06:20:32,19.3783,-155.4463,9.75,1.69,17.3689,1,4055,6.72,4055,6.72,4055,6.72
1984-12-16 06:55:25,19.4698,-155.4788,9.94,1.64,20.8296,1,4056,6.72,4056,6.72,4056,6.72
1984-12-16 10:48:31,19.3202,-155.2203,6.29,1.54,13.2132,0,4057,6.72,4057,6.72,4057,6.72
1984-12-16 14:19:26,19.3147,-155.4405,10.02,1.52,19.9748,0,4058,6.72,4058,6.72,4058,6.72
1984-12-16 17:50:37,19.3113,-155.2208,9.44,2.99,14.0365,0,4059,6.72,4059,6.72,4059,6.72
1984-12-16 17:53:50,19.3062,-155.218,4.14,1.61,14.6747,0,4060,6.72,4060,6.72,4060,6.72
1984-12-16 18:03:03,19.3043,-155.2178,5.79,1.62,14.8691,0,4061,6.72,4061,6.72,4061,6.72
1984-12-16 18:27:10,19.3198,-155.1812,4.59,1.59,15.8054,0,4062,6.72,4062,6.72,4062,6.72
1984-12-16 19:50:45,19.3212,-155.2202,8.78,2.45,13.1246,0,4063,6.72,4063,6.72,4063,6.72
1984-12-16 23:04:49,19.3038,-155.2208,5.89,1.92,14.7671,0,4064,6.72,4064,6.72,4064,6.72
1984-12-17 05:05:49,19.4193,-155.3312,5.2,1.55,4.6388,0,4065,6.72,4065,6.72,4065,6.72
1984-12-17 06:43:06,19.3642,-155.4088,12.54,1.68,14.2509,0,4066,6.72,4066,6.72,4066,6.72
1984-12-17 08:01:47,19.4393,-155.4998,9.26,1.59,22.407,0,4067,6.72,4067,6.72,4067,6.72
1984-12-17 09:25:49,19.278,-155.4592,8.11,2.29,24.0669,0,4068,6.72,4068,6.72,4068,6.72
1984-12-17 10:58:59,19.3717,-155.4723,10.06,1.72,20.193,0,4069,6.72,4069,6.72,4069,6.72
1984-12-17 18:06:13,19.3477,-155.2177,7.92,2.56,10.9212,0,4070,6.72,4070,6.72,4070,6.72
1984-12-17 21:17:14,19.2925,-155.5055,3.81,2.32,27.0111,0,4071,6.72,4071,6.72,4071,6.72
1984-12-18 02:21:29,19.338,-155.1315,7.15,1.86,18.7414,0,4072,6.72,4072,6.72,4072,6.72
1984-12-18 14:38:49,19.3562,-155.103,5.83,2.01,20.601,0,4073,6.72,4073,6.72,4073,6.72
1984-12-18 15:47:25,19.4842,-155.4658,3.52,2.09,20.0204,0,4074,6.72,4074,6.72,4074,6.72
1984-12-19 06:34:42,19.371,-155.0773,8.05,2.6,22.6863,0,4075,6.72,4075,6.72,4075,6.72
1984-12-19 11:20:52,19.3052,-155.2177,6.89,1.97,14.787,0,4076,6.72,4076,6.72,4076,6.72
1984-12-19 12:12:24,19.3295,-155.2052,6.55,1.96,13.3097,0,4077,6.72,4077,6.72,4077,6.72
1984-12-19 12:55:31,19.36,-155.0412,8.16,1.84,26.659,0,4078,6.72,4078,6.72,4078,6.72
1984-12-20 06:55:57,19.3692,-155.4843,9.69,2.47,21.4801,0,4079,6.72,4079,6.72,4079,6.72
1984-12-21 11:07:43,19.3747,-155.4952,6.67,2.22,22.435,0,4080,6.72,4080,6.72,4080,6.72
1984-12-21 11:09:59,19.3208,-155.1973,8.89,2.71,14.5836,0,4081,6.72,4081,6.72,4081,6.72
1984-12-22 16:53:40,19.4038,-155.2742,16.7,1.87,2.3367,0,4082,6.72,4082,6.72,4082,6.72
1984-12-23 04:08:34,19.3797,-155.0587,6.93,1.82,24.3811,0,4083,6.72,4083,6.72,4083,6.72
1984-12-23 06:29:20,19.3633,-155.0673,5.75,1.83,23.9204,0,4084,6.72,4084,6.72,4084,6.72
1984-12-23 09:41:41,19.3448,-155.1908,7.38,1.87,13.1764,0,4085,6.72,4085,6.72,4085,6.72
1984-12-23 10:39:51,19.3438,-155.0488,6.4,1.85,26.4192,0,4086,6.72,4086,6.72,4086,6.72
1984-12-23 16:14:19,19.2675,-155.3802,7.67,3.23,19.6708,0,4087,6.72,4087,6.72,4087,6.72
1984-12-23 16:16:12,19.2598,-155.3757,7.57,2.87,20.1964,0,4088,6.72,4088,6.72,4088,6.72
1984-12-23 16:47:02,19.2673,-155.3827,5.93,1.76,19.8216,0,4089,6.72,4089,6.72,4089,6.72
1984-12-23 16:47:58,19.2697,-155.3733,5.93,1.75,19.1053,0,4090,6.72,4090,6.72,4090,6.72
1984-12-23 16:49:57,19.2672,-155.3842,5.84,1.76,19.9114,0,4091,6.72,4091,6.72,4091,6.72
1984-12-23 17:12:20,19.2622,-155.3845,4.98,2.3,20.4067,0,4092,6.72,4092,6.72,4092,6.72
1984-12-23 17:15:45,19.2617,-155.3857,5.78,2.37,20.5181,0,4093,6.72,4093,6.72,4093,6.72
1984-12-23 17:25:48,19.2633,-155.3827,5.43,1.77,20.2064,0,4094,6.72,4094,6.72,4094,6.72
1984-12-23 17:43:00,19.269,-155.3758,3.24,1.64,19.2992,0,4095,6.72,4095,6.72,4095,6.72
1984-12-23 17:46:19,19.2728,-155.3807,7.58,3.2,19.1884,0,4096,6.72,4096,6.72,4096,6.72
1984-12-23 18:21:06,19.2722,-155.3882,3.11,2.06,19.6593,0,4097,6.72,4097,6.72,4097,6.72
1984-12-23 18:56:10,19.2638,-155.3818,5.44,2.0,20.1113,0,4098,6.72,4098,6.72,4098,6.72
1984-12-23 19:00:29,19.2628,-155.3822,5.76,1.51,20.2288,0,4099,6.72,4099,6.72,4099,6.72
1984-12-23 20:05:03,19.2675,-155.379,3.33,2.12,19.6085,0,4100,6.72,4100,6.72,4100,6.72
1984-12-23 20:59:31,19.2768,-155.375,5.13,1.86,18.5022,0,4101,6.72,4101,6.72,4101,6.72
1984-12-23 21:14:49,19.2705,-155.3893,4.8,2.24,19.8807,0,4102,6.72,4102,6.72,4102,6.72
1984-12-24 14:19:39,19.342,-155.1953,7.58,2.27,13.0265,0,4103,6.72,4103,6.72,4103,6.72
1984-12-24 22:50:13,19.3775,-155.0468,4.41,1.51,25.6531,0,4104,6.72,4104,6.72,4104,6.72
1984-12-25 02:39:11,19.4143,-155.3355,7.22,2.04,5.1402,0,4105,6.72,4105,6.72,4105,6.72
1984-12-25 11:13:34,19.3358,-155.2135,7.26,1.52,12.2146,0,4106,6.72,4106,6.72,4106,6.72
1984-12-26 03:38:25,19.4215,-155.5153,10.72,1.92,23.9411,0,4107,6.72,4107,6.72,4107,6.72
1984-12-26 04:27:40,19.4053,-155.4945,8.04,1.71,21.8308,0,4108,6.72,4108,6.72,4108,6.72
1984-12-26 08:43:09,19.4128,-155.3208,5.32,2.03,3.6597,0,4109,6.72,4109,6.72,4109,6.72
1984-12-26 12:33:57,19.3675,-155.4435,9.6,1.7,17.459,0,4110,6.72,4110,6.72,4110,6.72
1984-12-26 16:59:09,19.4678,-155.443,10.43,2.79,17.1647,0,4111,6.72,4111,6.72,4111,6.72
1984-12-26 19:34:29,19.3273,-155.2317,7.95,2.44,11.9251,0,4112,6.72,4112,6.72,4112,6.72
1984-12-27 11:38:29,19.325,-155.1677,5.46,1.86,16.4489,0,4113,6.72,4113,6.72,4113,6.72
1984-12-27 16:20:05,19.3458,-155.103,7.89,2.4,21.034,0,4114,6.72,4114,6.72,4114,6.72
1984-12-28 21:48:38,19.262,-155.3795,5.01,1.67,20.1684,0,4115,6.72,4115,6.72,4115,6.72
1984-12-29 01:00:30,19.3137,-155.2198,5.11,1.69,13.8583,0,4116,6.72,4116,6.72,4116,6.72
1984-12-29 19:07:26,19.4267,-155.4902,9.92,2.51,21.318,0,4117,6.72,4117,6.72,4117,6.72
1984-12-29 22:00:12,19.3287,-155.201,6.63,1.8,13.6646,0,4118,6.72,4118,6.72,4118,6.72
1984-12-30 04:32:59,19.4152,-155.2668,14.77,1.85,2.2146,0,4119,6.72,4119,6.72,4119,6.72
1984-12-30 18:05:37,19.4212,-155.5088,7.85,1.93,23.2595,0,4120,6.72,4120,6.72,4120,6.72
1984-12-30 20:48:10,19.3588,-155.0805,6.62,1.84,22.7371,0,4121,6.72,4121,6.72,4121,6.72
1984-12-30 22:18:02,19.3147,-155.507,9.25,2.12,25.9291,0,4122,6.72,4122,6.72,4122,6.72
1984-12-31 18:41:38,19.3678,-155.079,7.53,2.37,22.6042,0,4123,6.72,4123,6.72,4123,6.72
1984-12-31 23:31:37,19.3635,-155.0788,8.71,2.61,22.7544,0,4124,6.72,4124,6.72,4124,6.72
1985-01-01 00:20:04,19.2933,-155.4677,9.02,1.87,23.6852,0,4125,6.72,4125,6.72,4125,6.72
1985-01-01 12:21:45,19.3795,-155.0282,8.07,2.6,27.533,0,4126,6.72,4126,6.72,4126,6.72
1985-01-01 16:48:57,19.4005,-155.425,8.99,1.65,14.6508,0,4127,6.72,4127,6.72,4127,6.72
1985-01-01 20:37:10,19.3302,-155.2213,7.92,1.89,12.2245,0,4128,6.72,4128,6.72,4128,6.72
1985-01-01 21:53:47,19.2987,-155.3667,6.85,2.01,15.9637,0,4129,6.72,4129,6.72,4129,6.72
1985-01-02 03:28:22,19.4282,-155.3123,7.16,1.54,2.771,0,4130,6.72,4130,6.72,4130,6.72
1985-01-02 11:29:22,19.3137,-155.259,6.84,1.93,12.2875,0,4131,6.72,4131,6.72,4131,6.72
1985-01-02 21:17:36,19.422,-155.288,11.41,1.59,0.1527,0,4132,6.72,4132,6.72,4132,6.72
1985-01-02 21:18:33,19.3302,-155.1645,6.48,2.18,16.3421,0,4133,6.72,4133,6.72,4133,6.72
1985-01-03 05:35:52,19.3603,-155.0735,8.22,2.01,23.3888,1,4134,6.72,4134,6.72,4134,6.72
1985-01-03 08:48:28,19.4362,-155.3235,7.83,2.01,4.1838,1,4135,6.72,4135,6.72,4135,6.72
1985-01-04 04:18:19,19.3462,-155.0395,7.11,2.85,27.2609,1,4136,6.72,4136,6.72,4136,6.72
1985-01-04 06:16:27,19.3737,-155.4607,9.3,1.82,18.962,1,4137,6.72,4137,6.72,4137,6.72
1985-01-04 08:36:49,19.3248,-155.1352,7.19,1.84,19.1832,1,4138,6.72,4138,6.72,4138,6.72
1985-01-04 08:55:14,19.3247,-155.199,5.16,1.89,14.1379,1,4139,6.72,4139,6.72,4139,6.72
1985-01-04 09:19:06,19.401,-155.2722,2.88,1.83,2.7121,1,4140,6.72,4140,6.72,4140,6.72
1985-01-04 16:39:24,19.4622,-155.3957,3.84,1.56,12.2837,1,4141,6.72,4141,6.72,4141,6.72
1985-01-05 02:03:37,19.3723,-155.3568,7.87,1.58,9.1058,1,4142,6.72,4142,6.72,4142,6.72
1985-01-05 04:20:42,19.321,-155.1742,7.43,1.91,16.2377,1,4143,6.72,4143,6.72,4143,6.72
1985-01-05 20:08:37,19.3123,-155.1793,7.87,1.9,16.5452,1,4144,6.72,4144,6.72,4144,6.72
1985-01-05 20:57:20,19.4555,-155.3445,11.53,1.85,7.146,1,4145,6.72,4145,6.72,4145,6.72
1985-01-05 22:12:11,19.3283,-155.2093,5.67,1.53,13.141,1,4146,6.72,4146,6.72,4146,6.72
1985-01-06 05:17:38,19.3497,-155.1377,7.34,2.03,17.553,1,4147,6.72,4147,6.72,4147,6.72
1985-01-06 07:55:33,19.2145,-155.3667,14.33,1.74,24.4373,1,4148,6.72,4148,6.72,4148,6.72
1985-01-06 19:39:00,19.3718,-155.4785,9.82,3.15,20.8167,1,4149,6.72,4149,6.72,4149,6.72
1985-01-07 09:22:50,19.3362,-155.21,7.03,1.88,12.4158,1,4150,6.72,4150,6.72,4150,6.72
1985-01-07 10:47:00,19.3508,-155.2205,7.92,2.05,10.4685,1,4151,6.72,4151,6.72,4151,6.72
1985-01-08 10:47:48,19.3723,-155.0365,7.81,2.0,26.8259,1,4152,6.72,4152,6.72,4152,6.72
1985-01-08 11:08:37,19.3337,-155.1788,5.44,1.57,14.935,1,4153,6.72,4153,6.72,4153,6.72
1985-01-08 19:54:02,19.2955,-155.475,9.53,1.8,24.1602,1,4154,6.72,4154,6.72,4154,6.72
1985-01-09 18:00:49,19.3215,-155.2058,2.73,1.72,13.9631,1,4155,6.72,4155,6.72,4155,6.72
1985-01-10 06:19:50,19.322,-155.1917,7.69,1.59,14.8703,1,4156,6.72,4156,6.72,4156,6.72
1985-01-10 07:49:00,19.323,-155.2552,8.01,2.31,11.3963,1,4157,6.72,4157,6.72,4157,6.72
1985-01-10 12:21:14,19.2808,-155.379,7.4,1.97,18.3354,1,4158,6.72,4158,6.72,4158,6.72
1985-01-11 01:53:17,19.5055,-155.482,3.89,1.91,22.4995,1,4159,6.72,4159,6.72,4159,6.72
1985-01-11 07:20:05,19.3332,-155.2137,7.84,1.59,12.4273,1,4160,6.72,4160,6.72,4160,6.72
1985-01-11 11:31:52,19.4277,-155.3652,8.17,1.87,8.234,1,4161,6.72,4161,6.72,4161,6.72
1985-01-11 14:05:12,19.3773,-155.3463,9.06,1.61,7.8924,1,4162,6.72,4162,6.72,4162,6.72
1985-01-12 11:20:02,19.5042,-155.0587,11.72,1.89,25.6612,1,4163,6.72,4163,6.72,4163,6.72
1985-01-12 21:53:25,19.3405,-155.1988,9.08,2.69,12.8733,1,4164,6.72,4164,6.72,4164,6.72
1985-01-14 11:40:10,19.2927,-155.2392,7.13,2.24,15.122,1,4165,6.72,4165,6.72,4165,6.72
1985-01-14 17:25:18,19.3597,-155.0882,7.78,3.09,21.9378,1,4166,6.72,4166,6.72,4166,6.72
1985-01-15 21:25:03,19.3272,-155.2035,5.61,1.67,13.6202,1,4167,6.72,4167,6.72,4167,6.72
1985-01-15 21:39:26,19.3335,-155.2173,9.46,3.31,12.1705,1,4168,6.72,4168,6.72,4168,6.72
1985-01-16 00:24:41,19.3267,-155.222,8.36,2.38,12.5077,1,4169,6.72,4169,6.72,4169,6.72
1985-01-16 00:57:39,19.3172,-155.222,4.17,1.6,13.4058,1,4170,6.72,4170,6.72,4170,6.72
1985-01-16 03:22:16,19.3225,-155.145,6.12,1.58,18.4893,1,4171,6.72,4171,6.72,4171,6.72
1985-01-16 04:02:17,19.3612,-155.0803,5.86,1.83,22.6772,1,4172,6.72,4172,6.72,4172,6.72
1985-01-16 05:24:01,19.503,-155.381,8.39,2.53,13.426,1,4173,6.72,4173,6.72,4173,6.72
1985-01-16 17:44:50,19.3505,-155.3835,9.88,1.85,12.8024,1,4174,6.72,4174,6.72,4174,6.72
1985-01-16 19:37:10,19.4775,-155.4437,6.36,1.6,17.5899,1,4175,6.72,4175,6.72,4175,6.72
1985-01-16 21:05:01,19.3583,-155.5017,8.65,1.53,23.5738,1,4176,6.72,4176,6.72,4176,6.72
1985-01-16 22:35:24,19.3027,-155.2762,7.41,2.12,13.203,1,4177,6.72,4177,6.72,4177,6.72
1985-01-17 10:09:58,19.3795,-155.0355,8.72,1.52,26.7785,1,4178,6.72,4178,6.72,4178,6.72
1985-01-17 14:11:17,19.3135,-155.2167,5.62,1.61,14.0454,1,4179,6.72,4179,6.72,4179,6.72
1985-01-18 07:54:11,19.2918,-155.462,8.57,1.8,23.3118,1,4180,6.72,4180,6.72,4180,6.72
1985-01-18 18:29:20,19.4437,-155.4772,8.56,1.66,20.1033,1,4181,6.72,4181,6.72,4181,6.72
1985-01-18 20:39:45,19.4608,-155.4188,10.45,1.59,14.511,1,4182,6.72,4182,6.72,4182,6.72
1985-01-19 11:26:54,19.3995,-155.2612,3.32,1.71,3.6108,1,4183,6.72,4183,6.72,4183,6.72
1985-01-19 14:34:31,19.5043,-155.4473,4.82,1.58,19.1893,1,4184,6.72,4184,6.72,4184,6.72
1985-01-19 15:34:18,19.3413,-155.2197,7.08,1.58,11.3303,1,4185,6.72,4185,6.72,4185,6.72
1985-01-19 21:21:38,19.3338,-155.2058,7.16,2.06,12.9062,1,4186,6.72,4186,6.72,4186,6.72
1985-01-20 02:50:22,19.3345,-155.0643,6.97,1.86,25.2632,1,4187,6.72,4187,6.72,4187,6.72
1985-01-20 05:01:05,19.3278,-155.2045,5.68,1.59,13.5017,1,4188,6.72,4188,6.72,4188,6.72
1985-01-20 09:23:54,19.3198,-155.227,5.41,2.2,12.8936,1,4189,6.72,4189,6.72,4189,6.72
1985-01-20 23:42:07,19.342,-155.5013,3.7,1.78,24.1339,1,4190,6.72,4190,6.72,4190,6.72
1985-01-21 03:40:36,19.3797,-155.3508,9.48,1.61,8.1155,1,4191,6.72,4191,6.72,4191,6.72
1985-01-21 13:13:24,19.3267,-155.1888,8.85,2.85,14.6992,1,4192,6.72,4192,6.72,4192,6.72
1985-01-21 17:17:40,19.3317,-155.1962,6.49,1.88,13.7594,1,4193,6.72,4193,6.72,4193,6.72
1985-01-21 20:53:41,19.3513,-155.3628,8.79,1.84,11.1029,1,4194,6.72,4194,6.72,4194,6.72
1985-01-21 22:04:59,19.4698,-155.4398,3.16,1.67,16.9152,1,4195,6.72,4195,6.72,4195,6.72
1985-01-22 15:42:31,19.4303,-155.4537,7.72,1.95,17.5113,1,4196,6.72,4196,6.72,4196,6.72
1985-01-23 06:50:48,19.3603,-155.0153,7.11,2.44,29.2866,1,4197,6.72,4197,6.72,4197,6.72
1985-01-23 09:14:10,19.3657,-155.0482,7.57,2.31,25.7908,1,4198,6.72,4198,6.72,4198,6.72
1985-01-25 14:11:00,19.3385,-155.0603,8.63,2.81,25.488,1,4199,6.72,4199,6.72,4199,6.72
1985-01-26 02:45:13,19.3925,-155.302,16.25,1.59,3.5379,1,4200,6.72,4200,6.72,4200,6.72
1985-01-26 03:46:13,19.391,-155.2773,5.86,1.55,3.4876,1,4201,6.72,4201,6.72,4201,6.72
1985-01-26 05:56:56,19.3198,-155.255,7.13,1.62,11.743,1,4202,6.72,4202,6.72,4202,6.72
1985-01-26 07:36:20,19.2832,-155.3658,4.93,1.8,17.4104,1,4203,6.72,4203,6.72,4203,6.72
1985-01-26 09:30:09,19.3298,-155.128,8.12,1.57,19.5199,1,4204,6.72,4204,6.72,4204,6.72
1985-01-26 09:36:25,19.3143,-155.2535,6.86,1.62,12.374,1,4205,6.72,4205,6.72,4205,6.72
1985-01-26 11:33:15,19.3365,-155.1295,6.44,1.56,19.0062,1,4206,6.72,4206,6.72,4206,6.72
1985-01-26 11:53:19,19.4283,-155.3668,8.69,1.57,8.4073,1,4207,6.72,4207,6.72,4207,6.72
1985-01-26 18:21:52,19.3502,-155.4872,4.73,1.82,22.4261,1,4208,6.72,4208,6.72,4208,6.72
1985-01-26 21:48:43,19.3182,-155.2528,5.91,1.61,11.9806,1,4209,6.72,4209,6.72,4209,6.72
1985-01-27 03:33:03,19.3187,-155.2615,5.46,1.62,11.6855,1,4210,6.72,4210,6.72,4210,6.72
1985-01-27 10:39:34,19.3607,-155.1067,6.71,2.01,20.0649,1,4211,6.72,4211,6.72,4211,6.72
1985-01-28 02:25:33,19.3937,-155.2867,11.42,1.56,3.0357,1,4212,6.72,4212,6.72,4212,6.72
1985-01-28 05:23:08,19.3375,-155.2067,7.03,1.53,12.5363,1,4213,6.72,4213,6.72,4213,6.72
1985-01-28 08:03:19,19.3267,-155.1935,6.5,1.89,14.3579,1,4214,6.72,4214,6.72,4214,6.72
1985-01-28 11:46:30,19.3498,-155.2128,7.25,1.87,11.1021,1,4215,6.72,4215,6.72,4215,6.72
1985-01-28 13:41:07,19.2865,-155.2247,11.41,2.85,16.3216,1,4216,6.72,4216,6.72,4216,6.72
1985-01-29 01:04:09,19.3827,-155.031,7.87,2.0,27.1853,1,4217,6.72,4217,6.72,4217,6.72
1985-01-29 01:59:01,19.3418,-155.1792,7.13,2.04,14.3326,1,4218,6.72,4218,6.72,4218,6.72
1985-01-29 06:36:33,19.335,-155.2165,6.18,1.58,12.0887,1,4219,6.72,4219,6.72,4219,6.72
1985-01-29 08:57:59,19.261,-155.3773,6.15,2.16,20.1564,1,4220,6.72,4220,6.72,4220,6.72
1985-01-29 14:34:56,19.2943,-155.5035,9.85,1.85,26.7271,1,4221,6.72,4221,6.72,4221,6.72
1985-01-30 02:03:34,19.364,-155.0197,7.97,2.44,28.7439,1,4222,6.72,4222,6.72,4222,6.72
1985-01-30 07:13:50,19.3188,-155.2305,6.65,1.91,12.8169,1,4223,6.72,4223,6.72,4223,6.72
1985-01-30 14:12:10,19.3802,-155.0063,5.12,2.42,29.7879,1,4224,6.72,4224,6.72,4224,6.72
1985-01-30 15:04:00,19.4297,-155.3625,8.99,2.35,7.9759,1,4225,6.72,4225,6.72,4225,6.72
1985-01-30 15:48:14,19.2675,-155.3795,6.27,1.76,19.6344,1,4226,6.72,4226,6.72,4226,6.72
1985-01-31 08:49:32,19.3633,-155.2003,3.0,1.54,11.1294,1,4227,6.72,4227,6.72,4227,6.72
1985-01-31 12:13:32,19.289,-155.4308,8.65,2.23,21.048,1,4228,6.72,4228,6.72,4228,6.72
1985-01-31 12:23:17,19.3273,-155.2075,7.92,1.59,13.3456,1,4229,6.72,4229,6.72,4229,6.72
1985-02-01 03:57:12,19.3427,-155.1978,8.94,3.0,12.7809,0,4230,6.72,4230,6.72,4230,6.72
1985-02-01 07:43:29,19.4758,-155.4777,10.63,1.64,20.9026,0,4231,6.72,4231,6.72,4231,6.72
1985-02-02 19:27:19,19.4635,-155.4673,10.03,2.61,19.4867,0,4232,6.72,4232,6.72,4232,6.72
1985-02-02 23:28:03,19.3638,-155.3053,2.37,1.52,6.6435,0,4233,6.72,4233,6.72,4233,6.72
1985-02-03 01:08:32,19.3335,-155.2172,6.5,1.89,12.1768,0,4234,6.72,4234,6.72,4234,6.72
1985-02-03 01:26:31,19.3818,-155.4447,10.8,2.64,17.1041,0,4235,6.72,4235,6.72,4235,6.72
1985-02-03 05:57:30,19.335,-155.158,7.21,1.79,16.5697,0,4236,6.72,4236,6.72,4236,6.72
1985-02-03 15:42:11,19.3603,-155.0847,6.03,1.83,22.2666,0,4237,6.72,4237,6.72,4237,6.72
1985-02-04 09:07:44,19.3265,-155.507,8.49,1.62,25.3571,1,4238,6.72,4238,6.72,4238,6.72
1985-02-04 14:06:17,19.364,-155.2125,3.07,1.54,10.0615,1,4239,6.72,4239,6.72,4239,6.72
1985-02-04 17:44:10,19.3103,-155.2045,5.05,1.6,15.0474,1,4240,6.72,4240,6.72,4240,6.72
1985-02-04 22:17:14,19.3955,-155.2618,2.85,1.53,3.8763,1,4241,6.72,4241,6.72,4241,6.72
1985-02-04 22:18:36,19.3355,-155.1925,6.99,1.58,13.735,1,4242,6.72,4242,6.72,4242,6.72
1985-02-05 07:34:02,19.3993,-155.2695,2.99,1.98,3.0317,1,4243,6.72,4243,6.72,4243,6.72
1985-02-05 13:00:57,19.4095,-155.2888,1.5,1.92,1.2925,1,4244,6.72,4244,6.72,4244,6.72
1985-02-05 21:49:30,19.4297,-155.4823,8.34,1.68,20.5027,1,4245,6.72,4245,6.72,4245,6.72
1985-02-06 01:09:08,19.3923,-155.5022,8.1,1.79,22.7938,1,4246,6.72,4246,6.72,4246,6.72
1985-02-06 02:14:42,19.3572,-155.0777,6.72,1.59,23.0712,1,4247,6.72,4247,6.72,4247,6.72
1985-02-06 16:30:52,19.3718,-155.4997,8.89,2.6,22.9695,1,4248,6.72,4248,6.72,4248,6.72
1985-02-06 17:32:02,19.3795,-155.5043,8.42,2.54,23.2529,1,4249,6.72,4249,6.72,4249,6.72
1985-02-06 18:58:26,19.367,-155.039,0.03,1.57,26.6959,1,4250,6.72,4250,6.72,4250,6.72
1985-02-06 19:45:42,19.4525,-155.4923,9.08,1.56,21.8101,1,4251,6.72,4251,6.72,4251,6.72
1985-02-07 00:58:10,19.432,-155.3637,9.9,1.57,8.1353,1,4252,6.72,4252,6.72,4252,6.72
1985-02-07 14:45:07,19.3863,-155.4545,9.45,1.52,17.9857,1,4253,6.72,4253,6.72,4253,6.72
1985-02-07 17:07:26,19.323,-155.173,9.22,2.92,16.179,1,4254,6.72,4254,6.72,4254,6.72
1985-02-07 18:01:37,19.3143,-155.2208,6.19,1.91,13.7476,1,4255,6.72,4255,6.72,4255,6.72
1985-02-07 23:00:03,19.3435,-155.1072,7.38,2.46,20.7356,1,4256,6.72,4256,6.72,4256,6.72
1985-02-08 14:30:14,19.2265,-155.4632,8.18,2.19,28.4529,1,4257,6.72,4257,6.72,4257,6.72
1985-02-09 06:41:53,19.3747,-155.5015,9.72,2.05,23.0787,1,4258,6.72,4258,6.72,4258,6.72
1985-02-09 08:52:54,19.4438,-155.4805,8.59,1.66,20.448,1,4259,6.72,4259,6.72,4259,6.72
1985-02-09 09:23:34,19.5103,-155.384,8.41,2.31,14.2131,1,4260,6.72,4260,6.72,4260,6.72
1985-02-09 12:59:15,19.337,-155.2118,7.5,1.88,12.2257,1,4261,6.72,4261,6.72,4261,6.72
1985-02-09 14:09:12,19.3517,-155.0283,0.8,1.84,28.2083,1,4262,6.72,4262,6.72,4262,6.72
1985-02-09 18:43:34,19.3718,-155.4823,10.6,3.06,21.2015,1,4263,6.72,4263,6.72,4263,6.72
1985-02-09 20:59:32,19.3503,-155.467,9.53,1.87,20.4514,1,4264,6.72,4264,6.72,4264,6.72
1985-02-10 04:06:59,19.3328,-155.2118,5.95,1.58,12.5862,1,4265,6.72,4265,6.72,4265,6.72
1985-02-11 02:44:16,19.3462,-155.223,6.27,1.87,10.6887,1,4266,6.72,4266,6.72,4266,6.72
1985-02-11 04:28:23,19.4362,-155.5103,8.78,1.75,23.4766,1,4267,6.72,4267,6.72,4267,6.72
1985-02-11 22:05:19,19.3212,-155.1982,6.27,1.51,14.4888,1,4268,6.72,4268,6.72,4268,6.72
1985-02-12 03:58:25,19.4247,-155.4863,9.03,1.58,20.9037,1,4269,6.72,4269,6.72,4269,6.72
1985-02-12 05:52:18,19.3282,-155.2067,8.57,2.84,13.3205,1,4270,6.72,4270,6.72,4270,6.72
1985-02-12 06:22:55,19.3745,-155.5007,9.23,1.58,23.0019,1,4271,6.72,4271,6.72,4271,6.72
1985-02-12 06:35:42,19.3348,-155.2063,8.06,2.63,12.788,1,4272,6.72,4272,6.72,4272,6.72
1985-02-12 10:03:01,19.3683,-155.0532,8.52,2.01,25.2128,1,4273,6.72,4273,6.72,4273,6.72
1985-02-12 12:19:33,19.3253,-155.2073,8.22,1.59,13.5329,1,4274,6.72,4274,6.72,4274,6.72
1985-02-12 14:36:44,19.328,-155.1308,7.61,2.05,19.3757,1,4275,6.72,4275,6.72,4275,6.72
1985-02-12 23:03:53,19.3285,-155.1717,7.58,1.66,15.877,1,4276,6.72,4276,6.72,4276,6.72
1985-02-13 07:23:26,19.322,-155.2547,6.61,1.64,11.518,1,4277,6.72,4277,6.72,4277,6.72
1985-02-13 08:48:32,19.3333,-155.1895,7.86,1.58,14.1316,1,4278,6.72,4278,6.72,4278,6.72
1985-02-13 14:53:55,19.4612,-155.4042,9.91,1.58,13.0765,1,4279,6.72,4279,6.72,4279,6.72
1985-02-13 20:06:35,19.3808,-155.0232,5.29,1.52,28.0266,1,4280,6.72,4280,6.72,4280,6.72
1985-02-13 23:40:21,19.3382,-155.1967,8.17,2.35,13.2095,1,4281,6.72,4281,6.72,4281,6.72
1985-02-14 15:22:05,19.4048,-155.2745,8.99,1.55,2.228,1,4282,6.72,4282,6.72,4282,6.72
1985-02-14 16:01:16,19.3415,-155.1402,7.36,1.59,17.7557,1,4283,6.72,4283,6.72,4283,6.72
1985-02-15 17:53:25,19.3247,-155.197,6.09,1.59,14.2758,1,4284,6.72,4284,6.72,4284,6.72
1985-02-16 05:23:46,19.2643,-155.363,6.92,1.66,19.1619,1,4285,6.72,4285,6.72,4285,6.72
1985-02-16 07:34:15,19.3423,-155.1667,7.74,1.56,15.3564,1,4286,6.72,4286,6.72,4286,6.72
1985-02-16 14:02:21,19.3615,-155.1137,7.41,1.66,19.3438,1,4287,6.72,4287,6.72,4287,6.72
1985-02-16 16:34:55,19.3468,-155.4917,6.51,2.24,23.0018,1,4288,6.72,4288,6.72,4288,6.72
1985-02-17 12:15:55,19.4335,-155.3265,6.27,1.54,4.3689,1,4289,6.72,4289,6.72,4289,6.72
1985-02-17 13:24:52,19.3418,-155.1945,7.49,1.87,13.1035,1,4290,6.72,4290,6.72,4290,6.72
1985-02-17 13:32:33,19.3285,-155.1787,9.28,2.79,15.325,1,4291,6.72,4291,6.72,4291,6.72
1985-02-17 16:14:10,19.4123,-155.2828,6.78,1.53,1.063,1,4292,6.72,4292,6.72,4292,6.72
1985-02-17 22:32:55,19.415,-155.2683,14.48,1.55,2.0717,1,4293,6.72,4293,6.72,4293,6.72
1985-02-17 23:13:03,19.3767,-155.0488,8.44,2.13,25.4642,1,4294,6.72,4294,6.72,4294,6.72
1985-02-18 05:00:27,19.2832,-155.4167,8.56,1.71,20.4922,1,4295,6.72,4295,6.72,4295,6.72
1985-02-18 06:58:36,19.4227,-155.346,9.22,2.5,6.1898,1,4296,6.72,4296,6.72,4296,6.72
1985-02-18 09:18:11,19.4545,-155.2668,12.45,1.51,4.2853,1,4297,6.72,4297,6.72,4297,6.72
1985-02-18 09:21:57,19.4092,-155.2812,3.54,1.53,1.4463,1,4298,6.72,4298,6.72,4298,6.72
1985-02-18 09:42:17,19.3433,-155.2162,9.08,1.58,11.3931,1,4299,6.72,4299,6.72,4299,6.72
1985-02-18 09:43:28,19.3368,-155.1898,8.6,2.48,13.8426,1,4300,6.72,4300,6.72,4300,6.72
1985-02-18 16:05:30,19.3737,-155.4483,9.98,2.92,17.7161,1,4301,6.72,4301,6.72,4301,6.72
1985-02-19 12:23:34,19.3253,-155.2072,5.38,1.59,13.5394,1,4302,6.72,4302,6.72,4302,6.72
1985-02-19 15:26:07,19.3133,-155.2532,5.71,1.92,12.4896,1,4303,6.72,4303,6.72,4303,6.72
1985-02-19 17:54:59,19.3065,-155.2185,5.94,1.75,14.6199,1,4304,6.72,4304,6.72,4304,6.72
1985-02-19 19:11:11,19.3467,-155.0482,6.93,2.53,26.3758,1,4305,6.72,4305,6.72,4305,6.72
1985-02-20 00:24:26,19.3415,-155.2128,6.51,1.51,11.7782,1,4306,6.72,4306,6.72,4306,6.72
1985-02-20 04:06:22,19.2935,-155.3932,8.75,1.98,18.0311,1,4307,6.72,4307,6.72,4307,6.72
1985-02-20 07:30:16,19.3335,-155.121,7.72,2.47,19.9469,1,4308,6.72,4308,6.72,4308,6.72
1985-02-20 13:53:14,19.3635,-155.1158,8.96,2.01,19.0611,1,4309,6.72,4309,6.72,4309,6.72
1985-02-20 20:33:21,19.3728,-155.496,9.65,2.81,22.5661,1,4310,6.72,4310,6.72,4310,6.72
1985-02-20 23:05:34,19.4245,-155.5043,9.37,2.54,22.7906,1,4311,6.72,4311,6.72,4311,6.72
1985-02-20 23:21:23,19.3053,-155.2223,7.12,1.92,14.546,1,4312,6.72,4312,6.72,4312,6.72
1985-02-21 09:11:44,19.3933,-155.4512,9.76,1.56,17.4938,1,4313,6.72,4313,6.72,4313,6.72
1985-02-21 18:55:49,19.3397,-155.2153,8.01,2.06,11.7597,1,4314,6.72,4314,6.72,4314,6.72
1985-02-21 19:26:30,19.3858,-155.4245,10.02,1.96,14.9424,1,4315,6.72,4315,6.72,4315,6.72
1985-02-22 05:48:29,19.3268,-155.211,9.37,4.85,13.1635,1,4316,6.72,4316,6.72,4316,6.72
1985-02-22 05:57:17,19.323,-155.2015,6.98,1.89,14.1135,1,4317,6.72,4317,6.72,4317,6.72
1985-02-22 05:59:50,19.4255,-155.3538,10.02,1.87,7.0227,1,4318,6.72,4318,6.72,4318,6.72
1985-02-22 06:05:30,19.3408,-155.205,7.92,2.48,12.3901,1,4319,6.72,4319,6.72,4319,6.72
1985-02-22 06:09:08,19.337,-155.2005,4.27,1.64,13.022,1,4320,6.72,4320,6.72,4320,6.72
1985-02-22 06:30:34,19.3402,-155.198,8.49,2.27,12.9568,1,4321,6.72,4321,6.72,4321,6.72
1985-02-22 06:49:06,19.3203,-155.2007,7.31,1.61,14.3993,1,4322,6.72,4322,6.72,4322,6.72
1985-02-22 07:39:48,19.3353,-155.2012,7.89,1.95,13.1078,1,4323,6.72,4323,6.72,4323,6.72
1985-02-22 08:07:49,19.3237,-155.2233,5.3,1.54,12.7165,1,4324,6.72,4324,6.72,4324,6.72
1985-02-22 08:57:09,19.3947,-155.0103,8.62,2.42,29.1666,1,4325,6.72,4325,6.72,4325,6.72
1985-02-22 09:03:36,19.3203,-155.218,6.7,1.9,13.3332,1,4326,6.72,4326,6.72,4326,6.72
1985-02-22 11:14:42,19.3127,-155.2242,6.88,1.61,13.7267,1,4327,6.72,4327,6.72,4327,6.72
1985-02-22 11:54:15,19.3292,-155.1977,7.87,1.89,13.8545,1,4328,6.72,4328,6.72,4328,6.72
1985-02-22 12:57:57,19.259,-155.3812,3.76,1.65,20.5467,1,4329,6.72,4329,6.72,4329,6.72
1985-02-22 13:33:04,19.3247,-155.1937,7.14,1.86,14.507,1,4330,6.72,4330,6.72,4330,6.72
1985-02-22 15:14:32,19.2725,-155.3852,2.26,1.83,19.4628,1,4331,6.72,4331,6.72,4331,6.72
1985-02-22 15:17:23,19.2648,-155.3843,4.5,2.54,20.1464,1,4332,6.72,4332,6.72,4332,6.72
1985-02-22 16:02:39,19.3307,-155.1222,7.3,1.71,19.9917,1,4333,6.72,4333,6.72,4333,6.72
1985-02-22 16:46:37,19.4348,-155.387,4.53,2.05,10.5978,1,4334,6.72,4334,6.72,4334,6.72
1985-02-23 00:41:45,19.3812,-155.0353,7.55,2.0,26.7672,1,4335,6.72,4335,6.72,4335,6.72
1985-02-23 08:04:39,19.4015,-155.2608,3.91,2.05,3.5004,1,4336,6.72,4336,6.72,4336,6.72
1985-02-23 09:59:15,19.3073,-155.2188,7.94,1.54,14.5269,1,4337,6.72,4337,6.72,4337,6.72
1985-02-23 18:43:56,19.3028,-155.2167,8.9,2.24,15.071,1,4338,6.72,4338,6.72,4338,6.72
1985-02-23 19:58:10,19.2778,-155.3708,8.29,2.8,18.1889,1,4339,6.72,4339,6.72,4339,6.72
1985-02-24 00:45:19,19.322,-155.2007,5.97,1.59,14.2527,1,4340,6.72,4340,6.72,4340,6.72
1985-02-24 01:03:19,19.4313,-155.5025,10.0,1.76,22.6271,1,4341,6.72,4341,6.72,4341,6.72
1985-02-24 01:06:28,19.3207,-155.1475,7.32,1.98,18.3993,1,4342,6.72,4342,6.72,4342,6.72
1985-02-24 02:02:09,19.3045,-155.2262,6.84,1.53,14.4394,1,4343,6.72,4343,6.72,4343,6.72
1985-02-24 04:02:30,19.478,-155.4485,3.32,1.9,18.0803,1,4344,6.72,4344,6.72,4344,6.72
1985-02-24 18:40:31,19.31,-155.2142,8.49,1.92,14.5144,1,4345,6.72,4345,6.72,4345,6.72
1985-02-25 01:08:42,19.3368,-155.1995,7.52,2.76,13.1112,1,4346,6.72,4346,6.72,4346,6.72
1985-02-25 08:46:01,19.398,-155.4503,9.86,2.15,17.3158,1,4347,6.72,4347,6.72,4347,6.72
1985-02-25 09:00:06,19.3668,-155.0353,7.01,1.83,27.0791,1,4348,6.72,4348,6.72,4348,6.72
1985-02-25 09:30:46,19.3107,-155.2222,9.09,2.32,14.0227,1,4349,6.72,4349,6.72,4349,6.72
1985-02-25 10:59:14,19.3755,-155.0455,4.9,1.82,25.8298,1,4350,6.72,4350,6.72,4350,6.72
1985-02-25 17:57:20,19.5927,-155.4073,13.74,2.13,22.8799,1,4351,6.72,4351,6.72,4351,6.72
1985-02-27 00:42:02,19.4145,-155.3228,6.3,1.75,3.823,1,4352,6.72,4352,6.72,4352,6.72
1985-02-27 04:52:03,19.3913,-155.3397,9.89,2.23,6.4383,1,4353,6.72,4353,6.72,4353,6.72
1985-02-27 05:27:47,19.3977,-155.2913,3.44,2.46,2.6297,1,4354,6.72,4354,6.72,4354,6.72
1985-03-01 07:12:00,19.4225,-155.3267,4.34,1.51,4.1663,1,4355,6.72,4355,6.72,4355,6.72
1985-03-01 18:30:01,19.3752,-155.033,7.81,2.2,27.1229,1,4356,6.72,4356,6.72,4356,6.72
1985-03-02 09:46:41,19.3663,-155.034,5.94,1.56,27.2245,1,4357,6.72,4357,6.72,4357,6.72
1985-03-02 20:32:24,19.333,-155.1917,8.96,2.11,13.9888,1,4358,6.72,4358,6.72,4358,6.72
1985-03-02 23:15:04,19.3162,-155.2325,8.76,1.94,12.9802,1,4359,6.72,4359,6.72,4359,6.72
1985-03-03 16:37:05,19.3192,-155.2677,6.2,1.84,11.4993,1,4360,6.72,4360,6.72,4360,6.72
1985-03-04 10:45:57,19.3232,-155.1968,8.92,3.22,14.4151,1,4361,6.72,4361,6.72,4361,6.72
1985-03-04 10:49:56,19.3228,-155.197,7.27,1.72,14.435,1,4362,6.72,4362,6.72,4362,6.72
1985-03-05 07:09:03,19.368,-155.482,9.97,3.16,21.2845,1,4363,6.72,4363,6.72,4363,6.72
1985-03-05 08:11:13,19.328,-155.204,6.18,1.93,13.5184,1,4364,6.72,4364,6.72,4364,6.72
1985-03-05 08:56:32,19.335,-155.2227,7.65,2.11,11.7022,1,4365,6.72,4365,6.72,4365,6.72
1985-03-05 09:19:05,19.4023,-155.2657,10.0,1.74,3.052,1,4366,6.72,4366,6.72,4366,6.72
1985-03-05 11:42:27,19.345,-155.1983,7.88,2.27,12.5692,1,4367,6.72,4367,6.72,4367,6.72
1985-03-05 23:32:08,19.3507,-155.4932,4.7,1.76,22.9975,1,4368,6.72,4368,6.72,4368,6.72
1985-03-06 04:13:40,19.3427,-155.1963,7.44,2.63,12.8966,1,4369,6.72,4369,6.72,4369,6.72
1985-03-06 04:42:15,19.3252,-155.1848,6.07,2.08,15.1133,1,4370,6.72,4370,6.72,4370,6.72
1985-03-06 17:47:53,19.3427,-155.1912,7.99,2.56,13.2961,1,4371,6.72,4371,6.72,4371,6.72
1985-03-06 18:39:59,19.3305,-155.2123,5.07,2.02,12.7542,1,4372,6.72,4372,6.72,4372,6.72
1985-03-06 22:01:13,19.4138,-155.5093,12.15,2.62,23.3261,1,4373,6.72,4373,6.72,4373,6.72
1985-03-07 00:19:20,19.3377,-155.1782,7.2,2.53,14.6985,0,4374,6.72,4374,6.72,4374,6.72
1985-03-07 01:58:40,19.3897,-155.0332,8.82,1.83,26.8449,0,4375,6.72,4375,6.72,4375,6.72
1985-03-07 07:03:12,19.3298,-155.1962,7.72,2.32,13.9127,0,4376,6.72,4376,6.72,4376,6.72
1985-03-07 08:27:23,19.369,-155.4772,10.38,3.09,20.7699,0,4377,6.72,4377,6.72,4377,6.72
1985-03-07 09:29:15,19.2828,-155.377,4.64,2.6,18.036,0,4378,6.72,4378,6.72,4378,6.72
1985-03-07 09:31:13,19.399,-155.2577,3.19,2.55,3.9279,0,4379,6.72,4379,6.72,4379,6.72
1985-03-07 12:42:28,19.2957,-155.2173,6.23,1.75,15.735,0,4380,6.72,4380,6.72,4380,6.72
1985-03-07 19:47:53,19.4392,-155.5022,9.62,2.77,22.6566,0,4381,6.72,4381,6.72,4381,6.72
1985-03-08 00:31:11,19.3377,-155.199,8.77,2.65,13.0769,0,4382,6.72,4382,6.72,4382,6.72
1985-03-09 05:16:51,19.4932,-155.5037,22.28,2.73,24.0963,0,4383,6.72,4383,6.72,4383,6.72
1985-03-09 11:22:20,19.3563,-155.3763,11.34,1.97,11.8104,0,4384,6.72,4384,6.72,4384,6.72
1985-03-09 18:22:35,19.3147,-155.2148,6.25,1.8,14.0385,0,4385,6.72,4385,6.72,4385,6.72
1985-03-09 23:15:45,19.3245,-155.194,6.51,1.75,14.5023,0,4386,6.72,4386,6.72,4386,6.72
1985-03-10 06:13:19,19.3588,-155.4693,10.45,1.63,20.3332,0,4387,6.72,4387,6.72,4387,6.72
1985-03-10 10:59:33,19.4312,-155.2683,8.25,1.51,2.2656,0,4388,6.72,4388,6.72,4388,6.72
1985-03-10 23:14:56,19.3405,-155.2227,7.84,2.03,11.2079,0,4389,6.72,4389,6.72,4389,6.72
1985-03-11 05:05:09,19.3485,-155.2003,7.82,2.21,12.153,0,4390,6.72,4390,6.72,4390,6.72
1985-03-11 16:22:42,19.3427,-155.2302,5.66,1.56,10.5501,0,4391,6.72,4391,6.72,4391,6.72
1985-03-11 18:21:45,19.3485,-155.039,7.58,3.43,27.2339,0,4392,6.72,4392,6.72,4392,6.72
1985-03-12 02:01:45,19.3602,-155.031,5.82,1.76,27.6895,0,4393,6.72,4393,6.72,4393,6.72
1985-03-12 15:36:54,19.3802,-155.4485,9.52,1.7,17.5351,0,4394,6.72,4394,6.72,4394,6.72
1985-03-12 22:30:26,19.2967,-155.217,8.74,2.0,15.6514,0,4395,6.72,4395,6.72,4395,6.72
1985-03-14 08:01:23,19.3312,-155.1375,7.36,1.73,18.5914,1,4396,6.72,4396,6.72,4396,6.72
1985-03-14 11:26:47,19.3943,-155.2598,2.5,1.75,4.1174,1,4397,6.72,4397,6.72,4397,6.72
1985-03-14 13:22:55,19.4103,-155.2893,2.02,1.87,1.2139,1,4398,6.72,4398,6.72,4398,6.72
1985-03-14 13:31:02,19.4008,-155.269,3.21,1.75,2.9342,1,4399,6.72,4399,6.72,4399,6.72
1985-03-14 17:34:35,19.4387,-155.2923,5.21,1.61,2.0451,1,4400,6.72,4400,6.72,4400,6.72
1985-03-14 19:38:43,19.32,-155.2135,6.64,2.04,13.6227,1,4401,6.72,4401,6.72,4401,6.72
1985-03-14 23:22:49,19.4128,-155.2767,0.89,1.75,1.4137,1,4402,6.72,4402,6.72,4402,6.72
1985-03-15 05:58:39,19.3237,-155.512,24.75,2.15,25.9637,1,4403,6.72,4403,6.72,4403,6.72
1985-03-15 06:48:59,19.3102,-155.4398,9.62,1.6,20.2168,1,4404,6.72,4404,6.72,4404,6.72
1985-03-15 10:46:38,19.3242,-155.2062,6.44,1.85,13.7004,1,4405,6.72,4405,6.72,4405,6.72
1985-03-15 14:55:28,19.301,-155.2392,9.42,2.77,14.2546,1,4406,6.72,4406,6.72,4406,6.72
1985-03-15 22:50:06,19.343,-155.1882,8.98,2.05,13.5141,1,4407,6.72,4407,6.72,4407,6.72
1985-03-16 03:49:16,19.3645,-155.5003,9.57,2.25,23.2373,1,4408,6.72,4408,6.72,4408,6.72
1985-03-16 11:42:00,19.397,-155.2832,8.48,1.56,2.6983,1,4409,6.72,4409,6.72,4409,6.72
1985-03-16 13:38:53,19.4198,-155.5073,9.78,1.76,23.1026,1,4410,6.72,4410,6.72,4410,6.72
1985-03-16 16:32:33,19.3337,-155.2035,7.21,2.0,13.0749,1,4411,6.72,4411,6.72,4411,6.72
1985-03-17 10:45:33,19.4482,-155.3275,6.88,1.83,5.2135,1,4412,6.72,4412,6.72,4412,6.72
1985-03-17 22:32:08,19.3288,-155.1958,7.6,2.43,14.0226,1,4413,6.72,4413,6.72,4413,6.72
1985-03-18 07:33:45,19.3348,-155.2207,5.23,1.58,11.8424,1,4414,6.72,4414,6.72,4414,6.72
1985-03-18 18:50:14,19.3187,-155.1623,6.64,1.63,17.3355,1,4415,6.72,4415,6.72,4415,6.72
1985-03-19 01:41:23,19.346,-155.1072,6.02,1.57,20.6214,1,4416,6.72,4416,6.72,4416,6.72
1985-03-19 01:55:15,19.4688,-155.416,10.18,3.1,14.5326,1,4417,6.72,4417,6.72,4417,6.72
1985-03-19 05:43:56,19.3052,-155.2575,7.25,1.63,13.2431,1,4418,6.72,4418,6.72,4418,6.72
1985-03-19 05:58:15,19.3335,-155.1223,7.62,1.55,19.8279,1,4419,6.72,4419,6.72,4419,6.72
1985-03-19 12:18:07,19.3345,-155.1382,7.79,2.02,18.3343,1,4420,6.72,4420,6.72,4420,6.72
1985-03-20 01:24:00,19.4398,-155.4797,9.57,1.53,20.3145,1,4421,6.72,4421,6.72,4421,6.72
1985-03-20 02:12:16,19.3233,-155.2485,7.65,2.25,11.5902,1,4422,6.72,4422,6.72,4422,6.72
1985-03-20 08:32:47,19.3375,-155.1827,7.86,1.76,14.3495,1,4423,6.72,4423,6.72,4423,6.72
1985-03-20 17:01:27,19.332,-155.1895,7.93,1.58,14.2317,1,4424,6.72,4424,6.72,4424,6.72
1985-03-21 01:50:09,19.3545,-155.0215,7.61,2.15,28.8134,1,4425,6.72,4425,6.72,4425,6.72
1985-03-21 03:45:49,19.3265,-155.1995,6.56,1.59,13.9523,1,4426,6.72,4426,6.72,4426,6.72
1985-03-21 11:25:42,19.33,-155.1475,5.69,1.82,17.7912,1,4427,6.72,4427,6.72,4427,6.72
1985-03-23 04:43:26,19.338,-155.1405,8.87,2.82,17.9257,1,4428,6.72,4428,6.72,4428,6.72
1985-03-25 02:26:43,19.3517,-155.0398,8.34,2.39,27.05,1,4429,6.72,4429,6.72,4429,6.72
1985-03-25 15:53:53,19.4773,-155.466,8.15,1.74,19.7844,1,4430,6.72,4430,6.72,4430,6.72
1985-03-26 10:14:41,19.3537,-155.4047,9.58,1.98,14.4363,1,4431,6.72,4431,6.72,4431,6.72
1985-03-26 12:04:34,19.3797,-155.4458,10.59,2.72,17.2764,1,4432,6.72,4432,6.72,4432,6.72
1985-03-26 21:57:14,19.3638,-155.0722,7.77,1.57,23.4104,1,4433,6.72,4433,6.72,4433,6.72
1985-03-27 13:21:32,19.3323,-155.2037,7.08,2.09,13.177,1,4434,6.72,4434,6.72,4434,6.72
1985-03-28 02:41:39,19.3328,-155.1395,6.58,1.63,18.3189,1,4435,6.72,4435,6.72,4435,6.72
1985-03-28 05:06:17,19.372,-155.082,5.94,1.7,22.181,1,4436,6.72,4436,6.72,4436,6.72
1985-03-28 16:14:14,19.3338,-155.198,7.93,1.99,13.4602,1,4437,6.72,4437,6.72,4437,6.72
1985-03-28 18:39:44,19.4197,-155.2617,14.69,1.93,2.6574,1,4438,6.72,4438,6.72,4438,6.72
1985-03-29 04:15:44,19.4268,-155.4582,5.14,1.56,17.9644,1,4439,6.72,4439,6.72,4439,6.72
1985-03-29 12:57:45,19.3382,-155.1928,9.23,3.31,13.5058,1,4440,6.72,4440,6.72,4440,6.72
1985-03-29 19:27:51,19.4347,-155.4865,8.36,1.69,20.9754,1,4441,6.72,4441,6.72,4441,6.72
1985-03-29 21:21:41,19.2882,-155.2453,6.55,1.64,15.4011,1,4442,6.72,4442,6.72,4442,6.72
1985-03-30 11:42:28,19.2955,-155.49,6.92,1.71,25.461,1,4443,6.72,4443,6.72,4443,6.72
1985-03-30 17:20:23,19.3377,-155.1957,8.61,2.95,13.3235,1,4444,6.72,4444,6.72,4444,6.72
1985-03-31 10:14:38,19.334,-155.1975,7.6,2.11,13.4806,1,4445,6.72,4445,6.72,4445,6.72
1985-03-31 12:10:22,19.2853,-155.5107,8.08,2.02,27.9007,1,4446,6.72,4446,6.72,4446,6.72
1985-03-31 17:56:11,19.3067,-155.2487,6.44,1.93,13.3296,1,4447,6.72,4447,6.72,4447,6.72
1985-04-01 02:05:42,19.4643,-155.4183,9.46,3.31,14.5847,1,4448,6.72,4448,6.72,4448,6.72
1985-04-01 06:39:31,19.4222,-155.324,6.0,1.62,3.8821,1,4449,6.72,4449,6.72,4449,6.72
1985-04-01 10:05:15,19.3905,-155.4995,9.44,1.66,22.5428,1,4450,6.72,4450,6.72,4450,6.72
1985-04-01 11:18:23,19.3378,-155.061,6.01,1.61,25.4477,1,4451,6.72,4451,6.72,4451,6.72
1985-04-01 21:31:18,19.3595,-155.0847,9.1,4.33,22.2938,1,4452,6.72,4452,6.72,4452,6.72
1985-04-02 04:00:37,19.3533,-155.0973,6.99,1.97,21.2743,1,4453,6.72,4453,6.72,4453,6.72
1985-04-02 05:28:08,19.4133,-155.3288,7.25,1.73,4.4661,1,4454,6.72,4454,6.72,4454,6.72
1985-04-02 15:31:16,19.3452,-155.2153,9.39,1.92,11.2963,1,4455,6.72,4455,6.72,4455,6.72
1985-04-04 06:50:34,19.4053,-155.4442,9.9,1.71,16.5779,1,4456,6.72,4456,6.72,4456,6.72
1985-04-04 06:56:44,19.3357,-155.143,6.51,2.02,17.8362,1,4457,6.72,4457,6.72,4457,6.72
1985-04-04 07:57:48,19.2638,-155.388,8.1,1.64,20.4409,1,4458,6.72,4458,6.72,4458,6.72
1985-04-04 13:33:05,19.333,-155.201,7.61,1.94,13.3091,1,4459,6.72,4459,6.72,4459,6.72
1985-04-04 15:39:32,19.3395,-155.216,6.03,1.91,11.7301,1,4460,6.72,4460,6.72,4460,6.72
1985-04-04 17:35:15,19.293,-155.345,7.67,1.99,15.4789,1,4461,6.72,4461,6.72,4461,6.72
1985-04-04 19:17:38,19.3025,-155.274,7.59,1.8,13.247,1,4462,6.72,4462,6.72,4462,6.72
1985-04-05 03:48:07,19.3415,-155.1992,7.16,1.74,12.7659,1,4463,6.72,4463,6.72,4463,6.72
1985-04-05 12:11:11,19.3923,-155.499,8.79,1.61,22.4616,1,4464,6.72,4464,6.72,4464,6.72
1985-04-05 13:40:36,19.3857,-155.4268,10.46,1.8,15.1782,1,4465,6.72,4465,6.72,4465,6.72
1985-04-05 14:24:07,19.3292,-155.2087,7.65,1.66,13.102,1,4466,6.72,4466,6.72,4466,6.72
1985-04-05 21:58:10,19.3857,-155.5065,8.47,1.92,23.353,1,4467,6.72,4467,6.72,4467,6.72
1985-04-05 22:15:23,19.3453,-155.213,7.17,1.82,11.4502,1,4468,6.72,4468,6.72,4468,6.72
1985-04-06 09:48:19,19.3725,-155.037,8.08,1.83,26.77,1,4469,6.72,4469,6.72,4469,6.72
1985-04-06 14:48:01,19.321,-155.2188,5.83,1.53,13.2223,1,4470,6.72,4470,6.72,4470,6.72
1985-04-06 23:24:23,19.3758,-155.4978,9.09,1.78,22.673,1,4471,6.72,4471,6.72,4471,6.72
1985-04-07 06:25:33,19.3227,-155.1995,8.65,1.6,14.2733,1,4472,6.72,4472,6.72,4472,6.72
1985-04-07 11:31:30,19.3213,-155.2562,7.37,2.08,11.5474,1,4473,6.72,4473,6.72,4473,6.72
1985-04-07 15:29:58,19.3387,-155.1955,7.58,1.83,13.2616,1,4474,6.72,4474,6.72,4474,6.72
1985-04-07 19:45:11,19.3297,-155.1927,8.3,2.53,14.1745,1,4475,6.72,4475,6.72,4475,6.72
1985-04-07 20:04:00,19.3552,-155.5008,11.41,1.52,23.5884,1,4476,6.72,4476,6.72,4476,6.72
1985-04-08 05:39:42,19.2918,-155.219,6.36,1.81,16.0402,1,4477,6.72,4477,6.72,4477,6.72
1985-04-08 11:16:17,19.3008,-155.219,4.23,1.77,15.1503,1,4478,6.72,4478,6.72,4478,6.72
1985-04-08 19:17:06,19.4088,-155.4988,7.77,1.52,22.253,1,4479,6.72,4479,6.72,4479,6.72
1985-04-08 22:45:18,19.3388,-155.2015,7.04,1.97,12.8055,1,4480,6.72,4480,6.72,4480,6.72
1985-04-09 08:39:12,19.4357,-155.4862,10.44,2.68,20.9524,1,4481,6.72,4481,6.72,4481,6.72
1985-04-09 14:11:44,19.373,-155.0545,5.41,1.61,24.9629,1,4482,6.72,4482,6.72,4482,6.72
1985-04-10 11:17:30,19.4462,-155.4998,8.25,1.99,22.4892,1,4483,6.72,4483,6.72,4483,6.72
1985-04-10 22:02:23,19.4455,-155.4943,9.78,2.53,21.9073,1,4484,6.72,4484,6.72,4484,6.72
1985-04-11 05:09:55,19.4487,-155.2685,24.35,2.06,3.6403,1,4485,6.72,4485,6.72,4485,6.72
1985-04-11 08:53:23,19.2887,-155.2538,6.1,1.65,15.1178,1,4486,6.72,4486,6.72,4486,6.72
1985-04-12 05:20:42,19.3957,-155.2635,3.2,1.66,3.7403,1,4487,6.72,4487,6.72,4487,6.72
1985-04-12 08:52:51,19.3438,-155.1812,8.3,1.64,14.0304,1,4488,6.72,4488,6.72,4488,6.72
1985-04-12 16:57:07,19.3345,-155.2,8.48,1.98,13.2589,1,4489,6.72,4489,6.72,4489,6.72
1985-04-13 05:31:25,19.4372,-155.502,7.53,1.85,22.6171,1,4490,6.72,4490,6.72,4490,6.72
1985-04-13 08:10:56,19.4288,-155.321,3.78,1.54,3.6692,1,4491,6.72,4491,6.72,4491,6.72
1985-04-14 06:01:06,19.3942,-155.4492,9.99,1.68,17.2698,1,4492,6.72,4492,6.72,4492,6.72
1985-04-14 09:01:30,19.4443,-155.488,8.95,1.72,21.2353,1,4493,6.72,4493,6.72,4493,6.72
1985-04-14 22:55:30,19.3583,-155.473,5.6,1.57,20.7173,1,4494,6.72,4494,6.72,4494,6.72
1985-04-15 15:48:51,19.2663,-155.385,6.28,1.75,20.0403,1,4495,6.72,4495,6.72,4495,6.72
1985-04-15 16:16:44,19.3442,-155.1975,7.79,1.87,12.6911,1,4496,6.72,4496,6.72,4496,6.72
1985-04-16 02:00:57,19.2617,-155.3897,5.41,1.59,20.7331,1,4497,6.72,4497,6.72,4497,6.72
1985-04-16 21:22:24,19.4673,-155.443,4.24,1.68,17.1479,1,4498,6.72,4498,6.72,4498,6.72
1985-04-17 00:01:06,19.3417,-155.1932,8.08,1.69,13.2123,1,4499,6.72,4499,6.72,4499,6.72
1985-04-17 03:53:25,19.3318,-155.1323,7.18,1.98,19.0189,1,4500,6.72,4500,6.72,4500,6.72
1985-04-17 16:12:44,19.3265,-155.1948,7.91,1.8,14.2815,1,4501,6.72,4501,6.72,4501,6.72
1985-04-17 17:20:27,19.313,-155.2583,6.4,1.62,12.3807,1,4502,6.72,4502,6.72,4502,6.72
1985-04-17 17:48:55,19.415,-155.278,9.99,1.56,1.156,1,4503,6.72,4503,6.72,4503,6.72
1985-04-17 21:56:52,19.4268,-155.4888,9.84,3.18,21.1715,1,4504,6.72,4504,6.72,4504,6.72
1985-04-18 19:24:20,19.2972,-155.2197,6.8,1.91,15.471,0,4505,6.72,4505,6.72,4505,6.72
1985-04-18 20:38:47,19.3665,-155.4677,9.5,1.55,19.8978,0,4506,6.72,4506,6.72,4506,6.72
1985-04-18 22:47:38,19.3403,-155.1925,8.12,2.53,13.371,0,4507,6.72,4507,6.72,4507,6.72
1985-04-19 12:02:07,19.3648,-155.037,8.03,2.22,26.9562,0,4508,6.72,4508,6.72,4508,6.72
1985-04-20 00:18:56,19.3398,-155.3397,11.72,1.91,10.5867,0,4509,6.72,4509,6.72,4509,6.72
1985-04-20 07:55:51,19.3497,-155.3608,10.45,1.78,11.0803,0,4510,6.72,4510,6.72,4510,6.72
1985-04-20 11:03:00,19.3338,-155.2243,6.55,1.82,11.7165,0,4511,6.72,4511,6.72,4511,6.72
1985-04-20 15:14:16,19.323,-155.146,6.72,1.88,18.3718,0,4512,6.72,4512,6.72,4512,6.72
1985-04-20 16:46:01,19.3765,-155.447,10.16,1.96,17.4952,0,4513,6.72,4513,6.72,4513,6.72
1985-04-20 21:10:54,19.3232,-155.221,4.94,1.67,12.8918,0,4514,6.72,4514,6.72,4514,6.72
1985-04-20 22:03:11,19.3433,-155.2132,8.61,1.98,11.6006,0,4515,6.72,4515,6.72,4515,6.72
1985-04-21 05:13:03,19.4175,-155.284,7.82,1.55,0.5006,1,4516,6.72,4516,6.72,4516,6.72
1985-04-21 06:20:41,19.3345,-155.1977,7.47,1.93,13.4261,1,4517,6.72,4517,6.72,4517,6.72
1985-04-21 09:02:22,19.3217,-155.2252,6.3,2.6,12.8042,1,4518,6.72,4518,6.72,4518,6.72
1985-04-21 19:28:51,19.3408,-155.2132,6.99,2.04,11.8092,1,4519,6.72,4519,6.72,4519,6.72
1985-04-21 19:33:41,19.3998,-155.2623,3.42,1.78,3.5026,1,4520,6.72,4520,6.72,4520,6.72
1985-04-21 21:31:37,19.3965,-155.2608,2.96,2.95,3.8695,1,4521,6.72,4521,6.72,4521,6.72
1985-04-22 15:41:53,19.4085,-155.2885,1.76,1.54,1.3987,1,4522,6.72,4522,6.72,4522,6.72
1985-04-22 18:31:21,19.411,-155.292,1.89,1.65,1.2292,1,4523,6.72,4523,6.72,4523,6.72
1985-04-22 19:24:21,19.4093,-155.286,2.24,1.88,1.3052,1,4524,6.72,4524,6.72,4524,6.72
1985-04-23 07:40:48,19.3415,-155.18,8.71,2.05,14.2871,1,4525,6.72,4525,6.72,4525,6.72
1985-04-24 17:13:19,19.3085,-155.2313,8.48,1.83,13.8069,1,4526,6.72,4526,6.72,4526,6.72
1985-04-24 20:46:52,19.4562,-155.4297,5.77,1.79,15.4662,1,4527,6.72,4527,6.72,4527,6.72
1985-04-25 09:32:23,19.3768,-155.447,10.3,1.7,17.4858,1,4528,6.72,4528,6.72,4528,6.72
1985-04-25 10:01:34,19.3255,-155.2235,8.52,2.3,12.5355,1,4529,6.72,4529,6.72,4529,6.72
1985-04-25 19:28:38,19.342,-155.1403,6.83,2.85,17.7189,1,4530,6.72,4530,6.72,4530,6.72
1985-04-26 06:18:53,19.4115,-155.2935,2.21,1.51,1.257,1,4531,6.72,4531,6.72,4531,6.72
1985-04-26 09:21:04,19.4092,-155.2842,9.24,1.54,1.3446,1,4532,6.72,4532,6.72,4532,6.72
1985-04-26 10:40:22,19.3158,-155.2493,8.52,2.62,12.3482,1,4533,6.72,4533,6.72,4533,6.72
1985-04-26 14:07:26,19.4018,-155.2842,1.95,1.84,2.155,1,4534,6.72,4534,6.72,4534,6.72
1985-04-26 20:10:24,19.377,-155.446,10.34,1.8,17.3789,1,4535,6.72,4535,6.72,4535,6.72
1985-04-26 23:47:34,19.4298,-155.4952,8.89,1.99,21.8546,1,4536,6.72,4536,6.72,4536,6.72
1985-04-27 18:37:33,19.3687,-155.4748,10.57,1.73,20.5377,1,4537,6.72,4537,6.72,4537,6.72
1985-04-28 02:36:32,19.3297,-155.1287,5.34,1.57,19.463,1,4538,6.72,4538,6.72,4538,6.72
1985-04-28 07:43:53,19.4213,-155.2597,14.88,1.62,2.8634,1,4539,6.72,4539,6.72,4539,6.72
1985-04-29 11:13:57,19.315,-155.2495,6.78,1.62,12.4258,1,4540,6.72,4540,6.72,4540,6.72
1985-04-29 14:26:26,19.3297,-155.1942,7.61,1.89,14.0652,1,4541,6.72,4541,6.72,4541,6.72
1985-04-30 06:58:33,19.3413,-155.2202,6.8,1.63,11.2977,1,4542,6.72,4542,6.72,4542,6.72
1985-04-30 15:07:26,19.3337,-155.1918,7.99,2.69,13.9269,1,4543,6.72,4543,6.72,4543,6.72
1985-05-01 08:49:14,19.3943,-155.2982,10.02,1.57,3.1927,1,4544,6.72,4544,6.72,4544,6.72
1985-05-01 10:12:48,19.4098,-155.2837,10.24,1.54,1.2926,1,4545,6.72,4545,6.72,4545,6.72
1985-05-01 15:30:51,19.3638,-155.0467,8.04,2.64,25.9946,1,4546,6.72,4546,6.72,4546,6.72
1985-05-01 15:48:10,19.3675,-155.038,8.17,2.06,26.7857,1,4547,6.72,4547,6.72,4547,6.72
1985-05-01 16:58:59,19.2907,-155.235,8.19,2.5,15.4817,1,4548,6.72,4548,6.72,4548,6.72
1985-05-01 19:50:53,19.4152,-155.2765,10.38,1.84,1.2763,1,4549,6.72,4549,6.72,4549,6.72
1985-05-02 01:18:51,19.3667,-155.4327,9.96,2.62,16.4311,1,4550,6.72,4550,6.72,4550,6.72
1985-05-03 08:38:50,19.4125,-155.2787,6.9,1.79,1.285,1,4551,6.72,4551,6.72,4551,6.72
1985-05-03 17:40:44,19.4128,-155.2875,9.15,1.65,0.9132,1,4552,6.72,4552,6.72,4552,6.72
1985-05-04 00:25:17,19.2907,-155.3592,6.13,2.08,16.349,1,4553,6.72,4553,6.72,4553,6.72
1985-05-04 20:31:33,19.4188,-155.2888,7.15,1.53,0.3088,1,4554,6.72,4554,6.72,4554,6.72
1985-05-04 21:44:58,19.4058,-155.295,8.47,1.64,1.8868,1,4555,6.72,4555,6.72,4555,6.72
1985-05-04 21:52:11,19.3807,-155.445,9.48,1.77,17.1661,1,4556,6.72,4556,6.72,4556,6.72
1985-05-05 06:51:10,19.413,-155.2898,7.94,1.87,0.9366,1,4557,6.72,4557,6.72,4557,6.72
1985-05-05 09:11:09,19.3263,-155.1853,7.53,1.91,14.99,1,4558,6.72,4558,6.72,4558,6.72
1985-05-05 10:11:07,19.405,-155.287,8.2,1.7,1.7791,1,4559,6.72,4559,6.72,4559,6.72
1985-05-05 12:39:24,19.4188,-155.285,8.33,1.53,0.3224,1,4560,6.72,4560,6.72,4560,6.72
1985-05-05 13:15:13,19.3433,-155.104,7.03,1.93,21.0504,1,4561,6.72,4561,6.72,4561,6.72
1985-05-05 19:32:05,19.3193,-155.2253,8.14,2.08,13.0298,1,4562,6.72,4562,6.72,4562,6.72
1985-05-05 21:06:28,19.4175,-155.2822,8.66,1.53,0.6365,1,4563,6.72,4563,6.72,4563,6.72
1985-05-06 01:19:47,19.3215,-155.1042,4.5,1.57,22.1388,1,4564,6.72,4564,6.72,4564,6.72
1985-05-07 17:10:27,19.3393,-155.195,8.74,1.91,13.2538,1,4565,6.72,4565,6.72,4565,6.72
1985-05-08 01:41:25,19.379,-155.448,9.62,2.17,17.5196,1,4566,6.72,4566,6.72,4566,6.72
1985-05-08 14:36:02,19.3348,-155.1943,8.84,1.83,13.6539,1,4567,6.72,4567,6.72,4567,6.72
1985-05-10 04:55:56,19.341,-155.2083,8.67,1.83,12.136,1,4568,6.72,4568,6.72,4568,6.72
1985-05-11 08:49:05,19.418,-155.3267,5.23,1.74,4.1764,1,4569,6.72,4569,6.72,4569,6.72
1985-05-11 10:34:50,19.3742,-155.407,12.67,1.85,13.6191,1,4570,6.72,4570,6.72,4570,6.72
1985-05-11 13:15:22,19.3617,-155.0303,5.44,2.03,27.7204,1,4571,6.72,4571,6.72,4571,6.72
1985-05-11 23:29:10,19.4685,-155.456,3.15,1.68,18.4903,1,4572,6.72,4572,6.72,4572,6.72
1985-05-12 03:04:39,19.3293,-155.1918,9.0,2.06,14.2723,1,4573,6.72,4573,6.72,4573,6.72
1985-05-12 18:20:05,19.3108,-155.2518,9.36,2.47,12.798,1,4574,6.72,4574,6.72,4574,6.72
1985-05-13 01:27:05,19.3158,-155.2512,7.26,2.28,12.2858,1,4575,6.72,4575,6.72,4575,6.72
1985-05-13 02:38:07,19.4145,-155.3227,5.98,1.87,3.8127,1,4576,6.72,4576,6.72,4576,6.72
1985-05-13 12:52:47,19.4513,-155.486,9.72,1.7,21.1368,1,4577,6.72,4577,6.72,4577,6.72
1985-05-14 00:31:58,19.3217,-155.1953,7.41,1.89,14.6442,1,4578,6.72,4578,6.72,4578,6.72
1985-05-14 12:38:12,19.3637,-155.0362,5.36,1.67,27.0664,1,4579,6.72,4579,6.72,4579,6.72
1985-05-14 17:09:53,19.4742,-155.4568,4.22,1.74,18.7605,1,4580,6.72,4580,6.72,4580,6.72
1985-05-15 00:34:39,19.3193,-155.1955,7.55,1.91,14.833,1,4581,6.72,4581,6.72,4581,6.72
1985-05-15 01:33:14,19.3927,-155.431,8.3,1.87,15.4264,1,4582,6.72,4582,6.72,4582,6.72
1985-05-15 04:28:25,19.3262,-155.1958,7.29,1.69,14.2354,1,4583,6.72,4583,6.72,4583,6.72
1985-05-15 05:08:11,19.3677,-155.0503,7.82,1.64,25.5242,1,4584,6.72,4584,6.72,4584,6.72
1985-05-15 05:48:22,19.481,-155.4417,5.47,1.85,17.5384,1,4585,6.72,4585,6.72,4585,6.72
1985-05-15 06:52:19,19.3188,-155.1432,6.94,1.65,18.8865,1,4586,6.72,4586,6.72,4586,6.72
1985-05-15 10:35:54,19.4098,-155.3267,6.03,2.21,4.3454,1,4587,6.72,4587,6.72,4587,6.72
1985-05-15 11:16:18,19.3285,-155.2043,7.36,2.19,13.4556,1,4588,6.72,4588,6.72,4588,6.72
1985-05-15 11:35:19,19.3198,-155.2257,7.69,1.65,12.9607,1,4589,6.72,4589,6.72,4589,6.72
1985-05-15 12:33:23,19.321,-155.2283,5.88,1.62,12.7107,1,4590,6.72,4590,6.72,4590,6.72
1985-05-18 09:03:40,19.3857,-155.3412,9.66,2.0,6.9077,1,4591,6.72,4591,6.72,4591,6.72
1985-05-18 12:40:27,19.3353,-155.2037,6.94,1.85,12.9291,1,4592,6.72,4592,6.72,4592,6.72
1985-05-19 07:50:09,19.3088,-155.2482,7.18,1.63,13.1233,1,4593,6.72,4593,6.72,4593,6.72
1985-05-19 16:21:54,19.3485,-155.3602,10.34,1.76,11.1327,1,4594,6.72,4594,6.72,4594,6.72
1985-05-19 22:36:39,19.3327,-155.1417,7.51,2.35,18.1304,1,4595,6.72,4595,6.72,4595,6.72
1985-05-20 01:32:26,19.3333,-155.2032,7.06,1.73,13.129,1,4596,6.72,4596,6.72,4596,6.72
1985-05-20 10:47:16,19.3247,-155.1945,7.61,1.89,14.4505,1,4597,6.72,4597,6.72,4597,6.72
1985-05-20 16:24:47,19.4218,-155.3207,5.62,2.92,3.5349,1,4598,6.72,4598,6.72,4598,6.72
1985-05-20 17:52:46,19.4202,-155.3258,4.74,2.83,4.0696,1,4599,6.72,4599,6.72,4599,6.72
1985-05-20 18:10:36,19.4203,-155.3222,4.25,1.91,3.6919,1,4600,6.72,4600,6.72,4600,6.72
1985-05-20 23:24:26,19.3423,-155.1012,6.94,2.68,21.364,1,4601,6.72,4601,6.72,4601,6.72
1985-05-21 01:51:08,19.3482,-155.4942,5.64,1.99,23.1918,1,4602,6.72,4602,6.72,4602,6.72
1985-05-21 01:58:09,19.4175,-155.322,6.44,1.66,3.6907,1,4603,6.72,4603,6.72,4603,6.72
1985-05-21 10:33:37,19.3993,-155.2922,1.34,1.78,2.4737,1,4604,6.72,4604,6.72,4604,6.72
1985-05-22 01:27:07,19.3695,-155.4782,10.01,2.06,20.8553,1,4605,6.72,4605,6.72,4605,6.72
1985-05-22 21:57:52,19.4505,-155.4027,10.67,2.2,12.5675,1,4606,6.72,4606,6.72,4606,6.72
1985-05-23 09:59:21,19.488,-155.4447,6.93,1.63,18.135,1,4607,6.72,4607,6.72,4607,6.72
1985-05-23 13:13:54,19.3,-155.2207,6.85,2.1,15.1461,1,4608,6.72,4608,6.72,4608,6.72
1985-05-23 17:33:10,19.3517,-155.4565,9.57,2.0,19.3768,1,4609,6.72,4609,6.72,4609,6.72
1985-05-24 06:50:39,19.3707,-155.4833,9.43,1.63,21.3347,1,4610,6.72,4610,6.72,4610,6.72
1985-05-24 14:11:57,19.3778,-155.4993,9.0,1.59,22.7784,1,4611,6.72,4611,6.72,4611,6.72
1985-05-24 22:45:48,19.3523,-155.1032,6.68,1.84,20.7374,1,4612,6.72,4612,6.72,4612,6.72
1985-05-25 01:02:54,19.3828,-155.047,7.83,2.26,25.5274,1,4613,6.72,4613,6.72,4613,6.72
1985-05-26 00:54:52,19.4142,-155.4492,5.89,1.55,17.0265,1,4614,6.72,4614,6.72,4614,6.72
1985-05-26 15:39:09,19.3388,-155.1798,8.92,1.72,14.4911,1,4615,6.72,4615,6.72,4615,6.72
1985-05-26 23:36:23,19.3193,-155.2275,7.23,2.02,12.9168,1,4616,6.72,4616,6.72,4616,6.72
1985-05-27 02:11:26,19.3273,-155.2063,5.81,1.74,13.4246,1,4617,6.72,4617,6.72,4617,6.72
1985-05-27 06:36:40,19.2758,-155.3692,8.0,3.2,18.3042,1,4618,6.72,4618,6.72,4618,6.72
1985-05-27 06:39:20,19.276,-155.3638,5.82,1.64,18.0243,1,4619,6.72,4619,6.72,4619,6.72
1985-05-27 07:16:12,19.2778,-155.3645,6.91,2.12,17.8788,1,4620,6.72,4620,6.72,4620,6.72
1985-05-27 16:37:26,19.4408,-155.4838,8.3,1.84,20.7536,1,4621,6.72,4621,6.72,4621,6.72
1985-05-27 17:32:12,19.3705,-155.0095,6.68,1.85,29.6424,1,4622,6.72,4622,6.72,4622,6.72
1985-05-29 09:27:27,19.3183,-155.2205,6.45,1.9,13.3819,1,4623,6.72,4623,6.72,4623,6.72
1985-05-29 12:56:00,19.3945,-155.2753,2.88,1.88,3.192,0,4624,6.72,4624,6.72,4624,6.72
1985-05-29 13:29:12,19.412,-155.3328,6.56,2.04,4.906,0,4625,6.72,4625,6.72,4625,6.72
1985-05-30 01:26:22,19.394,-155.2817,3.06,1.64,3.0533,0,4626,6.72,4626,6.72,4626,6.72
1985-05-30 08:56:08,19.3918,-155.35,8.87,1.96,7.3617,0,4627,6.72,4627,6.72,4627,6.72
1985-05-30 10:59:36,19.2768,-155.4403,9.17,1.93,22.7104,0,4628,6.72,4628,6.72,4628,6.72
1985-05-30 12:45:25,19.4182,-155.2618,15.95,2.84,2.6612,0,4629,6.72,4629,6.72,4629,6.72
1985-05-30 16:04:17,19.4045,-155.2802,9.18,1.54,1.9685,0,4630,6.72,4630,6.72,4630,6.72
1985-05-30 19:08:00,19.3418,-155.1925,6.81,2.1,13.2596,0,4631,6.72,4631,6.72,4631,6.72
1985-05-30 20:57:15,19.4572,-155.395,11.64,2.73,12.0184,0,4632,6.72,4632,6.72,4632,6.72
1985-05-31 06:45:45,19.3753,-155.0437,6.34,1.55,26.0193,0,4633,6.72,4633,6.72,4633,6.72
1985-05-31 18:53:31,19.3852,-155.4575,10.08,2.11,18.3194,0,4634,6.72,4634,6.72,4634,6.72
1985-06-01 05:17:47,19.4592,-155.3935,11.33,2.68,11.9475,0,4635,6.72,4635,6.72,4635,6.72
1985-06-01 06:38:04,19.371,-155.498,8.86,2.24,22.818,0,4636,6.72,4636,6.72,4636,6.72
1985-06-01 07:43:18,19.3808,-155.4263,10.8,1.66,15.2782,0,4637,6.72,4637,6.72,4637,6.72
1985-06-01 23:25:25,19.2815,-155.3683,4.78,1.61,17.7019,0,4638,6.72,4638,6.72,4638,6.72
1985-06-02 01:53:28,19.4298,-155.3597,10.18,2.89,7.686,0,4639,6.72,4639,6.72,4639,6.72
1985-06-02 06:05:26,19.421,-155.4888,9.12,1.65,21.1621,0,4640,6.72,4640,6.72,4640,6.72
1985-06-02 08:15:26,19.3373,-155.2148,5.72,1.59,11.9992,0,4641,6.72,4641,6.72,4641,6.72
1985-06-02 21:47:56,19.3105,-155.2602,6.79,1.63,12.6046,0,4642,6.72,4642,6.72,4642,6.72
1985-06-03 00:48:46,19.3598,-155.0447,7.01,1.74,26.3099,0,4643,6.72,4643,6.72,4643,6.72
1985-06-03 04:46:21,19.3078,-155.2215,5.25,1.61,14.3407,0,4644,6.72,4644,6.72,4644,6.72
1985-06-03 04:59:37,19.3195,-155.477,9.51,1.77,22.9045,0,4645,6.72,4645,6.72,4645,6.72
1985-06-03 12:41:30,19.3592,-155.0315,8.02,2.79,27.6661,0,4646,6.72,4646,6.72,4646,6.72
1985-06-03 12:43:08,19.3585,-155.0298,6.31,1.65,27.8583,0,4647,6.72,4647,6.72,4647,6.72
1985-06-03 14:14:41,19.3598,-155.035,6.86,2.84,27.2939,0,4648,6.72,4648,6.72,4648,6.72
1985-06-04 12:38:39,19.364,-155.1185,7.35,1.81,18.7757,0,4649,6.72,4649,6.72,4649,6.72
1985-06-04 15:44:39,19.3642,-155.5035,4.54,1.81,23.5696,0,4650,6.72,4650,6.72,4650,6.72
1985-06-04 17:43:30,19.3513,-155.4927,4.62,2.67,22.9255,0,4651,6.72,4651,6.72,4651,6.72
1985-06-05 06:41:06,19.3428,-155.2025,7.05,1.71,12.4168,0,4652,6.72,4652,6.72,4652,6.72
1985-06-05 12:51:33,19.4118,-155.3198,5.66,1.63,3.5884,0,4653,6.72,4653,6.72,4653,6.72
1985-06-05 12:53:02,19.3837,-155.4498,9.66,1.65,17.5707,0,4654,6.72,4654,6.72,4654,6.72
1985-06-05 14:18:46,19.4107,-155.5063,10.93,1.59,23.0265,0,4655,6.72,4655,6.72,4655,6.72
1985-06-06 09:55:05,19.3152,-155.2233,7.06,1.61,13.5298,0,4656,6.72,4656,6.72,4656,6.72
1985-06-06 09:59:02,19.4243,-155.4812,10.02,1.69,20.3682,0,4657,6.72,4657,6.72,4657,6.72
1985-06-07 00:55:59,19.3207,-155.1502,7.76,1.99,18.1749,0,4658,6.72,4658,6.72,4658,6.72
1985-06-07 02:29:15,19.3237,-155.2725,8.04,2.22,10.9256,0,4659,6.72,4659,6.72,4659,6.72
1985-06-07 14:49:44,19.324,-155.1945,6.7,1.59,14.5083,0,4660,6.72,4660,6.72,4660,6.72
1985-06-07 16:27:25,19.3188,-155.2515,4.36,1.61,11.9588,0,4661,6.72,4661,6.72,4661,6.72
1985-06-08 09:39:04,19.3293,-155.4143,11.8,2.02,16.8011,0,4662,6.72,4662,6.72,4662,6.72
1985-06-08 13:30:49,19.3723,-155.4983,9.83,1.75,22.8137,0,4663,6.72,4663,6.72,4663,6.72
1985-06-09 02:43:01,19.327,-155.1865,6.71,1.88,14.8457,0,4664,6.72,4664,6.72,4664,6.72
1985-06-09 03:00:10,19.353,-155.0467,6.69,2.24,26.315,0,4665,6.72,4665,6.72,4665,6.72
1985-06-09 03:45:34,19.403,-155.2653,2.83,1.53,3.0309,0,4666,6.72,4666,6.72,4666,6.72
1985-06-09 09:02:36,19.374,-155.4468,10.29,1.7,17.556,0,4667,6.72,4667,6.72,4667,6.72
1985-06-09 11:48:02,19.3362,-155.1718,8.72,2.27,15.3277,0,4668,6.72,4668,6.72,4668,6.72
1985-06-09 14:49:13,19.3777,-155.0148,7.49,1.84,28.9523,0,4669,6.72,4669,6.72,4669,6.72
1985-06-10 00:02:45,19.3892,-155.044,7.82,1.54,25.7298,0,4670,6.72,4670,6.72,4670,6.72
1985-06-10 10:20:37,19.3133,-155.4377,9.42,1.57,19.8325,0,4671,6.72,4671,6.72,4671,6.72
1985-06-10 13:57:57,19.3212,-155.157,4.41,1.67,17.5819,0,4672,6.72,4672,6.72,4672,6.72
1985-06-10 15:44:53,19.4468,-155.5003,10.5,3.08,22.5495,0,4673,6.72,4673,6.72,4673,6.72
1985-06-10 17:34:55,19.3262,-155.2018,5.72,1.83,13.8202,0,4674,6.72,4674,6.72,4674,6.72
1985-06-10 17:48:10,19.3325,-155.1988,9.37,2.96,13.5071,0,4675,6.72,4675,6.72,4675,6.72
1985-06-10 18:37:26,19.3237,-155.1953,5.55,2.14,14.4773,0,4676,6.72,4676,6.72,4676,6.72
1985-06-11 00:36:48,19.3358,-155.196,7.39,2.13,13.4489,0,4677,6.72,4677,6.72,4677,6.72
1985-06-11 01:49:29,19.3333,-155.1398,5.47,2.15,18.2626,0,4678,6.72,4678,6.72,4678,6.72
1985-06-11 01:53:43,19.3633,-155.0852,7.19,1.54,22.1174,0,4679,6.72,4679,6.72,4679,6.72
1985-06-11 05:38:36,19.4333,-155.3033,5.19,1.52,2.1889,0,4680,6.72,4680,6.72,4680,6.72
1985-06-11 09:22:41,19.413,-155.3025,7.65,1.54,1.8527,0,4681,6.72,4681,6.72,4681,6.72
1985-06-11 10:26:32,19.4077,-155.2923,16.78,2.89,1.5797,0,4682,6.72,4682,6.72,4682,6.72
1985-06-11 15:19:15,19.2985,-155.2153,8.7,2.01,15.5603,0,4683,6.72,4683,6.72,4683,6.72
1985-06-11 18:39:48,19.3323,-155.1975,7.12,1.87,13.617,0,4684,6.72,4684,6.72,4684,6.72
1985-06-11 23:01:37,19.4353,-155.4825,8.36,2.02,20.5621,0,4685,6.72,4685,6.72,4685,6.72
1985-06-11 23:38:58,19.317,-155.2233,8.76,2.21,13.3562,0,4686,6.72,4686,6.72,4686,6.72
1985-06-11 23:49:00,19.3102,-155.2228,4.77,1.67,14.0411,0,4687,6.72,4687,6.72,4687,6.72
1985-06-11 23:57:29,19.3085,-155.2193,7.24,1.8,14.385,0,4688,6.72,4688,6.72,4688,6.72
1985-06-12 00:28:46,19.306,-155.2208,7.34,1.82,14.5516,1,4689,6.72,4689,6.72,4689,6.72
1985-06-12 01:10:12,19.3042,-155.2188,8.09,1.7,14.8279,1,4690,6.72,4690,6.72,4690,6.72
1985-06-12 01:11:23,19.3355,-155.0623,6.34,2.14,25.4154,1,4691,6.72,4691,6.72,4691,6.72
1985-06-12 03:39:47,19.3113,-155.2228,7.53,1.71,13.9339,1,4692,6.72,4692,6.72,4692,6.72
1985-06-12 05:12:44,19.3207,-155.2205,6.43,1.79,13.1549,1,4693,6.72,4693,6.72,4693,6.72
1985-06-12 07:36:17,19.4028,-155.276,9.47,1.54,2.3295,1,4694,6.72,4694,6.72,4694,6.72
1985-06-12 11:49:46,19.359,-155.0407,6.11,1.87,26.7382,1,4695,6.72,4695,6.72,4695,6.72
1985-06-12 15:32:38,19.3305,-155.1765,7.19,1.95,15.3501,1,4696,6.72,4696,6.72,4696,6.72
1985-06-12 17:08:55,19.4025,-155.2878,16.07,2.8,2.0588,1,4697,6.72,4697,6.72,4697,6.72
1985-06-13 01:00:30,19.4835,-155.4532,5.21,1.6,18.7602,1,4698,6.72,4698,6.72,4698,6.72
1985-06-13 15:27:40,19.358,-155.4733,10.3,2.11,20.7582,1,4699,6.72,4699,6.72,4699,6.72
1985-06-13 21:13:49,19.3115,-155.217,9.42,3.0,14.2189,1,4700,6.72,4700,6.72,4700,6.72
1985-06-13 21:29:46,19.2922,-155.2168,7.87,2.26,16.1046,1,4701,6.72,4701,6.72,4701,6.72
1985-06-13 21:57:07,19.3052,-155.2142,9.75,2.87,14.9709,1,4702,6.72,4702,6.72,4702,6.72
1985-06-13 22:28:46,19.3018,-155.2135,9.66,1.93,15.3342,1,4703,6.72,4703,6.72,4703,6.72
1985-06-13 22:28:53,19.304,-155.214,10.29,2.76,15.0965,1,4704,6.72,4704,6.72,4704,6.72
1985-06-13 23:47:42,19.2965,-155.2715,8.01,1.95,13.9389,1,4705,6.72,4705,6.72,4705,6.72
1985-06-14 02:38:50,19.2942,-155.215,7.75,2.11,15.9954,1,4706,6.72,4706,6.72,4706,6.72
1985-06-14 02:58:37,19.2947,-155.2142,7.22,1.7,15.9864,1,4707,6.72,4707,6.72,4707,6.72
1985-06-14 10:08:24,19.327,-155.4833,9.87,1.69,23.0922,1,4708,6.72,4708,6.72,4708,6.72
1985-06-14 10:19:17,19.3317,-155.4865,9.39,1.69,23.1629,1,4709,6.72,4709,6.72,4709,6.72
1985-06-15 02:46:58,19.5608,-155.1685,24.42,2.89,19.8985,1,4710,6.72,4710,6.72,4710,6.72
1985-06-15 13:51:56,19.4347,-155.485,9.72,2.25,20.8185,1,4711,6.72,4711,6.72,4711,6.72
1985-06-15 16:23:43,19.34,-155.21,5.88,1.97,12.098,1,4712,6.72,4712,6.72,4712,6.72
1985-06-16 10:11:23,19.3172,-155.222,8.85,2.53,13.4058,1,4713,6.72,4713,6.72,4713,6.72
1985-06-16 10:12:18,19.3093,-155.2213,6.35,2.09,14.2047,1,4714,6.72,4714,6.72,4714,6.72
1985-06-16 11:01:44,19.3073,-155.222,6.39,1.62,14.3646,1,4715,6.72,4715,6.72,4715,6.72
1985-06-16 11:14:55,19.307,-155.2193,7.99,1.92,14.5303,1,4716,6.72,4716,6.72,4716,6.72
1985-06-16 19:43:05,19.3825,-155.4555,10.13,2.0,18.1832,1,4717,6.72,4717,6.72,4717,6.72
1985-06-17 15:08:17,19.3327,-155.1867,6.93,1.88,14.391,1,4718,6.72,4718,6.72,4718,6.72
1985-06-17 17:04:27,19.4073,-155.2923,16.8,2.91,1.6215,1,4719,6.72,4719,6.72,4719,6.72
1985-06-17 17:37:43,19.3705,-155.4785,10.05,3.26,20.8553,1,4720,6.72,4720,6.72,4720,6.72
1985-06-18 03:43:03,19.3278,-155.1725,8.02,1.58,15.8639,1,4721,6.72,4721,6.72,4721,6.72
1985-06-18 07:39:08,19.4103,-155.5048,11.47,1.82,22.8717,1,4722,6.72,4722,6.72,4722,6.72
1985-06-18 08:01:42,19.4332,-155.3017,7.3,1.53,2.0532,1,4723,6.72,4723,6.72,4723,6.72
1985-06-18 10:42:47,19.3725,-155.3552,9.79,2.27,8.958,1,4724,6.72,4724,6.72,4724,6.72
1985-06-18 13:08:26,19.3403,-155.1968,6.8,2.35,13.0402,1,4725,6.72,4725,6.72,4725,6.72
1985-06-18 14:37:37,19.4335,-155.4898,8.76,1.6,21.3115,1,4726,6.72,4726,6.72,4726,6.72
1985-06-19 09:15:34,19.3215,-155.2142,6.95,1.9,13.4437,1,4727,6.72,4727,6.72,4727,6.72
1985-06-19 13:57:05,19.3397,-155.2032,8.67,2.6,12.6093,1,4728,6.72,4728,6.72,4728,6.72
1985-06-19 14:13:38,19.3288,-155.2027,6.8,1.91,13.5391,1,4729,6.72,4729,6.72,4729,6.72
1985-06-20 03:21:50,19.3137,-155.1927,6.72,1.63,15.4989,1,4730,6.72,4730,6.72,4730,6.72
1985-06-20 04:20:29,19.358,-155.4805,8.23,1.6,21.4706,1,4731,6.72,4731,6.72,4731,6.72
1985-06-20 12:12:40,19.3488,-155.4823,6.79,1.63,22.002,1,4732,6.72,4732,6.72,4732,6.72
1985-06-20 12:43:46,19.4655,-155.4237,8.39,1.8,15.1633,1,4733,6.72,4733,6.72,4733,6.72
1985-06-21 04:04:55,19.3345,-155.1277,6.81,2.02,19.2806,1,4734,6.72,4734,6.72,4734,6.72
1985-06-21 06:23:15,19.3165,-155.2137,7.11,1.65,13.9338,1,4735,6.72,4735,6.72,4735,6.72
1985-06-21 06:37:14,19.4725,-155.459,5.07,1.69,18.9215,1,4736,6.72,4736,6.72,4736,6.72
1985-06-21 08:22:16,19.4495,-155.4818,9.91,1.73,20.6706,1,4737,6.72,4737,6.72,4737,6.72
1985-06-21 12:01:01,19.4068,-155.3133,6.07,1.55,3.1779,1,4738,6.72,4738,6.72,4738,6.72
1985-06-21 12:47:58,19.4047,-155.4265,10.27,2.77,14.7414,1,4739,6.72,4739,6.72,4739,6.72
1985-06-22 01:16:24,19.381,-155.2868,9.22,1.77,4.4478,1,4740,6.72,4740,6.72,4740,6.72
1985-06-22 04:53:10,19.3318,-155.1173,6.43,1.95,20.378,1,4741,6.72,4741,6.72,4741,6.72
1985-06-22 05:34:19,19.3902,-155.0457,6.9,1.61,25.538,1,4742,6.72,4742,6.72,4742,6.72
1985-06-22 16:20:36,19.332,-155.139,6.76,1.61,18.4109,1,4743,6.72,4743,6.72,4743,6.72
1985-06-22 21:14:12,19.3225,-155.1912,7.1,1.59,14.8646,1,4744,6.72,4744,6.72,4744,6.72
1985-06-23 00:12:04,19.3538,-155.0445,6.15,2.14,26.5109,1,4745,6.72,4745,6.72,4745,6.72
1985-06-23 14:52:02,19.2797,-155.5045,9.61,1.86,27.7045,1,4746,6.72,4746,6.72,4746,6.72
1985-06-23 16:35:05,19.4072,-155.2697,4.05,1.83,2.3764,1,4747,6.72,4747,6.72,4747,6.72
1985-06-23 17:57:41,19.4182,-155.503,7.56,1.71,22.6536,1,4748,6.72,4748,6.72,4748,6.72
1985-06-24 03:55:06,19.3187,-155.2552,6.49,1.62,11.8543,1,4749,6.72,4749,6.72,4749,6.72
1985-06-24 05:01:50,19.3348,-155.1413,6.85,1.74,18.0405,1,4750,6.72,4750,6.72,4750,6.72
1985-06-24 11:32:44,19.3345,-155.161,6.83,1.87,16.3464,1,4751,6.72,4751,6.72,4751,6.72
1985-06-24 14:37:43,19.3258,-155.1948,6.74,1.59,14.3389,1,4752,6.72,4752,6.72,4752,6.72
1985-06-24 15:55:30,19.3308,-155.1313,5.96,2.04,19.1665,1,4753,6.72,4753,6.72,4753,6.72
1985-06-25 04:41:00,19.2555,-155.451,7.73,1.55,25.1939,1,4754,6.72,4754,6.72,4754,6.72
1985-06-25 06:47:44,19.3668,-155.0407,8.13,1.61,26.5272,1,4755,6.72,4755,6.72,4755,6.72
1985-06-26 03:07:22,19.3113,-155.2145,8.39,1.91,14.375,1,4756,6.72,4756,6.72,4756,6.72
1985-06-26 04:33:22,19.3093,-155.2162,6.08,1.61,14.4718,1,4757,6.72,4757,6.72,4757,6.72
1985-06-26 09:50:21,19.5285,-155.476,6.02,2.2,23.1398,1,4758,6.72,4758,6.72,4758,6.72
1985-06-26 14:13:52,19.3645,-155.4432,10.84,2.18,17.5462,1,4759,6.72,4759,6.72,4759,6.72
1985-06-26 14:25:17,19.3192,-155.1955,6.26,1.59,14.8414,1,4760,6.72,4760,6.72,4760,6.72
1985-06-27 00:41:56,19.3587,-155.045,7.1,2.32,26.3115,1,4761,6.72,4761,6.72,4761,6.72
1985-06-27 07:11:32,19.3218,-155.1922,4.51,1.63,14.8516,1,4762,6.72,4762,6.72,4762,6.72
1985-06-27 09:50:09,19.4128,-155.2828,9.79,1.54,1.0127,1,4763,6.72,4763,6.72,4763,6.72
1985-06-27 14:27:35,19.412,-155.2852,8.79,1.84,1.0184,1,4764,6.72,4764,6.72,4764,6.72
1985-06-27 14:48:47,19.4265,-155.2882,10.81,1.53,0.6244,1,4765,6.72,4765,6.72,4765,6.72
1985-06-28 06:53:46,19.412,-155.2925,5.83,1.84,1.1549,1,4766,6.72,4766,6.72,4766,6.72
1985-06-28 07:38:47,19.3998,-155.2643,3.34,1.63,3.3505,1,4767,6.72,4767,6.72,4767,6.72
1985-06-29 09:09:29,19.3782,-155.0077,8.34,2.18,29.6778,1,4768,6.72,4768,6.72,4768,6.72
1985-06-29 09:33:48,19.3297,-155.1382,7.7,1.81,18.62,1,4769,6.72,4769,6.72,4769,6.72
1985-06-29 15:33:23,19.3395,-155.107,7.63,2.26,20.9434,1,4770,6.72,4770,6.72,4770,6.72
1985-06-30 10:40:35,19.3392,-155.1887,8.7,2.05,13.7498,1,4771,6.72,4771,6.72,4771,6.72
1985-06-30 12:14:16,19.4353,-155.4927,10.17,2.18,21.6287,1,4772,6.72,4772,6.72,4772,6.72
1985-06-30 12:19:04,19.3117,-155.2548,5.8,1.87,12.6143,1,4773,6.72,4773,6.72,4773,6.72
1985-06-30 15:03:26,19.4435,-155.4907,8.2,1.91,21.5059,1,4774,6.72,4774,6.72,4774,6.72
1985-06-30 17:01:27,19.4195,-155.2853,9.75,1.53,0.2443,1,4775,6.72,4775,6.72,4775,6.72
1985-06-30 20:20:27,19.3377,-155.1362,7.85,1.56,18.3307,1,4776,6.72,4776,6.72,4776,6.72
1985-06-30 21:12:24,19.3732,-155.2978,26.89,4.51,5.4344,1,4777,6.72,4777,6.72,4777,6.72
1985-07-01 12:52:10,19.3315,-155.1428,8.22,2.85,18.1066,1,4778,6.72,4778,6.72,4778,6.72
1985-07-01 17:26:27,19.3348,-155.1097,7.19,1.56,20.9229,1,4779,6.72,4779,6.72,4779,6.72
1985-07-01 20:10:48,19.357,-155.0333,5.08,1.56,27.5457,1,4780,6.72,4780,6.72,4780,6.72
1985-07-01 21:47:19,19.341,-155.1847,7.15,1.53,13.9385,1,4781,6.72,4781,6.72,4781,6.72
1985-07-02 00:50:10,19.2653,-155.2248,5.54,1.89,18.5022,1,4782,6.72,4782,6.72,4782,6.72
1985-07-02 04:59:35,19.3378,-155.4023,12.98,1.59,15.2268,1,4783,6.72,4783,6.72,4783,6.72
1985-07-02 05:51:20,19.3295,-155.201,7.28,1.58,13.5979,1,4784,6.72,4784,6.72,4784,6.72
1985-07-02 08:31:23,19.3437,-155.5025,7.29,2.08,24.1832,1,4785,6.72,4785,6.72,4785,6.72
1985-07-02 10:18:38,19.3997,-155.4525,10.03,1.8,17.5174,1,4786,6.72,4786,6.72,4786,6.72
1985-07-03 13:14:27,19.3782,-155.3442,9.98,1.97,7.6575,1,4787,6.72,4787,6.72,4787,6.72
1985-07-03 14:59:02,19.4888,-155.4617,3.66,2.83,19.8072,1,4788,6.72,4788,6.72,4788,6.72
1985-07-04 01:50:22,19.4245,-155.331,4.71,1.59,4.6303,1,4789,6.72,4789,6.72,4789,6.72
1985-07-04 15:35:27,19.4193,-155.5085,11.25,2.13,23.2289,1,4790,6.72,4790,6.72,4790,6.72
1985-07-04 16:21:30,19.3092,-155.4572,7.96,1.87,21.756,1,4791,6.72,4791,6.72,4791,6.72
1985-07-04 16:45:52,19.3312,-155.1967,8.3,2.19,13.7635,1,4792,6.72,4792,6.72,4792,6.72
1985-07-04 23:06:21,19.3265,-155.1832,6.98,1.9,15.1321,1,4793,6.72,4793,6.72,4793,6.72
1985-07-05 03:03:45,19.2778,-155.372,7.54,2.36,18.2501,1,4794,6.72,4794,6.72,4794,6.72
1985-07-05 14:41:11,19.3765,-155.016,7.6,1.88,28.8509,1,4795,6.72,4795,6.72,4795,6.72
1985-07-06 05:33:16,19.3913,-155.4493,9.99,2.28,17.3388,1,4796,6.72,4796,6.72,4796,6.72
1985-07-06 09:39:04,19.3817,-155.3075,5.81,1.57,4.8701,1,4797,6.72,4797,6.72,4797,6.72
1985-07-06 12:53:49,19.3312,-155.177,7.2,2.05,15.2595,1,4798,6.72,4798,6.72,4798,6.72
1985-07-06 13:33:47,19.4,-155.2953,8.09,2.16,2.4919,1,4799,6.72,4799,6.72,4799,6.72
1985-07-06 22:12:00,19.3382,-155.2163,6.9,1.8,11.8224,1,4800,6.72,4800,6.72,4800,6.72
1985-07-07 00:12:18,19.4378,-155.4855,10.21,3.0,20.8986,1,4801,6.72,4801,6.72,4801,6.72
1985-07-07 01:33:01,19.346,-155.1988,8.34,2.57,12.4557,1,4802,6.72,4802,6.72,4802,6.72
1985-07-07 01:59:48,19.3352,-155.196,7.41,1.96,13.496,1,4803,6.72,4803,6.72,4803,6.72
1985-07-07 05:54:18,19.3428,-155.1933,8.64,2.05,13.1231,1,4804,6.72,4804,6.72,4804,6.72
1985-07-07 07:54:09,19.4158,-155.2798,8.12,1.53,0.9512,1,4805,6.72,4805,6.72,4805,6.72
1985-07-07 13:10:57,19.414,-155.2878,7.94,1.54,0.7828,1,4806,6.72,4806,6.72,4806,6.72
1985-07-07 14:03:45,19.3988,-155.268,2.91,2.59,3.1725,1,4807,6.72,4807,6.72,4807,6.72
1985-07-07 14:33:04,19.3358,-155.209,8.81,2.49,12.518,1,4808,6.72,4808,6.72,4808,6.72
1985-07-08 12:35:11,19.3307,-155.1428,8.02,2.75,18.1557,1,4809,6.72,4809,6.72,4809,6.72
1985-07-10 07:32:05,19.3767,-155.0307,5.42,1.6,27.3292,1,4810,6.72,4810,6.72,4810,6.72
1985-07-10 18:14:33,19.3608,-155.3198,26.25,1.61,7.5261,1,4811,6.72,4811,6.72,4811,6.72
1985-07-11 13:22:13,19.3173,-155.216,8.18,2.08,13.7273,1,4812,6.72,4812,6.72,4812,6.72
1985-07-11 16:54:28,19.39,-155.4547,10.36,2.13,17.9224,1,4813,6.72,4813,6.72,4813,6.72
1985-07-12 03:26:00,19.3438,-155.1488,8.19,2.01,16.8474,1,4814,6.72,4814,6.72,4814,6.72
1985-07-13 16:04:34,19.3285,-155.1987,8.14,1.91,13.8416,1,4815,6.72,4815,6.72,4815,6.72
1985-07-13 17:19:49,19.3277,-155.2075,7.49,2.11,13.3109,1,4816,6.72,4816,6.72,4816,6.72
1985-07-13 22:23:40,19.356,-155.0452,5.72,1.52,26.3722,1,4817,6.72,4817,6.72,4817,6.72
1985-07-14 00:10:34,19.3692,-155.4478,9.2,2.5,17.8216,1,4818,6.72,4818,6.72,4818,6.72
1985-07-14 01:37:04,19.4778,-155.4687,9.49,1.77,20.0706,1,4819,6.72,4819,6.72,4819,6.72
1985-07-14 22:17:04,19.3242,-155.1325,6.48,1.59,19.4558,1,4820,6.72,4820,6.72,4820,6.72
1985-07-15 07:26:56,19.3392,-155.1903,7.68,1.87,13.6244,1,4821,6.72,4821,6.72,4821,6.72
1985-07-15 12:51:10,19.311,-155.2523,7.65,1.7,12.7616,1,4822,6.72,4822,6.72,4822,6.72
1985-07-16 13:28:27,19.3265,-155.144,8.23,1.79,18.315,1,4823,6.72,4823,6.72,4823,6.72
1985-07-16 16:32:01,19.344,-155.1935,9.62,2.27,13.0192,1,4824,6.72,4824,6.72,4824,6.72
1985-07-17 02:38:17,19.3375,-155.2157,7.27,1.84,11.9225,1,4825,6.72,4825,6.72,4825,6.72
1985-07-17 09:08:17,19.3232,-155.1612,6.43,1.8,17.1001,1,4826,6.72,4826,6.72,4826,6.72
1985-07-17 09:37:34,19.3425,-155.1705,8.36,2.34,15.0176,1,4827,6.72,4827,6.72,4827,6.72
1985-07-17 18:00:25,19.3292,-155.192,7.72,1.69,14.2656,1,4828,6.72,4828,6.72,4828,6.72
1985-07-18 09:08:00,19.3393,-155.2155,7.29,1.76,11.7806,1,4829,6.72,4829,6.72,4829,6.72
1985-07-18 09:33:08,19.3757,-155.0747,8.39,2.08,22.8295,1,4830,6.72,4830,6.72,4830,6.72
1985-07-18 12:18:29,19.3982,-155.4602,10.47,2.85,18.3402,1,4831,6.72,4831,6.72,4831,6.72
1985-07-18 13:27:05,19.5248,-155.2463,25.42,2.52,12.3056,1,4832,6.72,4832,6.72,4832,6.72
1985-07-18 18:15:33,19.3855,-155.3495,10.92,2.08,7.6515,1,4833,6.72,4833,6.72,4833,6.72
1985-07-19 02:28:40,19.2758,-155.4717,7.93,1.83,25.2223,1,4834,6.72,4834,6.72,4834,6.72
1985-07-19 04:29:49,19.3332,-155.195,6.86,1.63,13.7277,1,4835,6.72,4835,6.72,4835,6.72
1985-07-19 05:56:10,19.4267,-155.364,8.52,1.57,8.0993,1,4836,6.72,4836,6.72,4836,6.72
1985-07-19 18:46:09,19.3315,-155.1277,8.96,2.05,19.4493,1,4837,6.72,4837,6.72,4837,6.72
1985-07-20 16:35:24,19.2707,-155.2118,7.18,1.59,18.4814,1,4838,6.72,4838,6.72,4838,6.72
1985-07-20 17:37:54,19.3713,-155.0728,7.64,1.8,23.1361,1,4839,6.72,4839,6.72,4839,6.72
1985-07-20 23:45:12,19.3972,-155.4428,10.53,2.03,16.5523,1,4840,6.72,4840,6.72,4840,6.72
1985-07-21 19:14:15,19.328,-155.1942,7.07,1.86,14.2023,1,4841,6.72,4841,6.72,4841,6.72
1985-07-22 15:34:03,19.3275,-155.1042,5.04,1.87,21.8128,1,4842,6.72,4842,6.72,4842,6.72
1985-07-22 16:04:53,19.29,-155.4522,8.85,1.63,22.6394,1,4843,6.72,4843,6.72,4843,6.72
1985-07-22 19:48:59,19.4117,-155.3208,7.07,1.73,3.6921,1,4844,6.72,4844,6.72,4844,6.72
1985-07-23 03:19:04,19.4038,-155.2775,15.65,1.57,2.1566,1,4845,6.72,4845,6.72,4845,6.72
1985-07-23 12:04:30,19.3327,-155.123,8.45,2.16,19.808,1,4846,6.72,4846,6.72,4846,6.72
1985-07-23 16:27:03,19.372,-155.4572,11.13,1.98,18.6639,1,4847,6.72,4847,6.72,4847,6.72
1985-07-23 19:43:05,19.4213,-155.3297,6.09,1.85,4.4777,1,4848,6.72,4848,6.72,4848,6.72
1985-07-24 01:31:22,19.3407,-155.2093,7.6,1.7,12.0895,1,4849,6.72,4849,6.72,4849,6.72
1985-07-26 04:25:53,19.3708,-155.4822,9.59,1.72,21.2204,1,4850,6.72,4850,6.72,4850,6.72
1985-07-26 17:49:50,19.5308,-155.1987,23.94,2.56,15.3218,1,4851,6.72,4851,6.72,4851,6.72
1985-07-27 09:04:42,19.425,-155.3205,6.46,1.54,3.5408,1,4852,6.72,4852,6.72,4852,6.72
1985-07-27 15:52:41,19.382,-155.4598,10.19,2.09,18.6347,1,4853,6.72,4853,6.72,4853,6.72
1985-07-27 20:23:29,19.3048,-155.217,9.47,2.1,14.8619,1,4854,6.72,4854,6.72,4854,6.72
1985-07-27 22:37:35,19.3538,-155.4067,10.55,1.74,14.6104,1,4855,6.72,4855,6.72,4855,6.72
1985-07-28 04:42:50,19.3615,-155.5043,8.97,1.54,23.7326,1,4856,6.72,4856,6.72,4856,6.72
1985-07-29 07:52:36,19.4037,-155.2693,18.91,1.88,2.6734,1,4857,6.72,4857,6.72,4857,6.72
1985-07-29 14:10:46,19.342,-155.1937,8.59,2.35,13.1509,1,4858,6.72,4858,6.72,4858,6.72
1985-07-29 21:22:30,19.3297,-155.192,8.17,1.96,14.2259,1,4859,6.72,4859,6.72,4859,6.72
1985-07-30 12:20:20,19.324,-155.2522,8.6,2.2,11.387,1,4860,6.72,4860,6.72,4860,6.72
1985-07-30 19:43:59,19.364,-155.0275,6.06,2.53,27.9465,1,4861,6.72,4861,6.72,4861,6.72
1985-07-31 01:03:26,19.3082,-155.2558,8.64,2.11,12.9628,1,4862,6.72,4862,6.72,4862,6.72
1985-07-31 16:50:39,19.4173,-155.3183,5.32,1.65,3.3078,1,4863,6.72,4863,6.72,4863,6.72
1985-08-01 04:22:53,19.3243,-155.1875,6.82,1.86,14.9854,1,4864,6.72,4864,6.72,4864,6.72
1985-08-01 05:29:15,19.3205,-155.1603,7.63,2.24,17.3648,1,4865,6.72,4865,6.72,4865,6.72
1985-08-01 06:03:52,19.2967,-155.4635,9.13,1.76,23.1057,1,4866,6.72,4866,6.72,4866,6.72
1985-08-01 08:05:34,19.4173,-155.3207,5.46,2.71,3.5577,1,4867,6.72,4867,6.72,4867,6.72
1985-08-01 09:43:01,19.332,-155.1415,5.59,1.87,18.1903,1,4868,6.72,4868,6.72,4868,6.72
1985-08-01 17:14:17,19.3332,-155.1255,7.28,1.87,19.5528,1,4869,6.72,4869,6.72,4869,6.72
1985-08-02 01:05:18,19.3605,-155.1107,7.7,1.79,19.6776,1,4870,6.72,4870,6.72,4870,6.72
1985-08-02 01:10:00,19.3797,-155.032,8.08,2.53,27.1364,1,4871,6.72,4871,6.72,4871,6.72
1985-08-02 09:20:45,19.3918,-155.3852,10.13,1.62,10.7984,1,4872,6.72,4872,6.72,4872,6.72
1985-08-03 11:23:27,19.3462,-155.2177,7.16,1.87,11.0463,1,4873,6.72,4873,6.72,4873,6.72
1985-08-04 12:17:59,19.4003,-155.267,3.08,1.93,3.1142,1,4874,6.72,4874,6.72,4874,6.72
1985-08-04 18:06:17,19.3312,-155.199,6.79,1.88,13.5985,1,4875,6.72,4875,6.72,4875,6.72
1985-08-05 06:10:23,19.3578,-155.4302,9.49,2.02,16.5825,1,4876,6.72,4876,6.72,4876,6.72
1985-08-06 11:50:29,19.3178,-155.2177,5.57,1.86,13.5843,1,4877,6.72,4877,6.72,4877,6.72
1985-08-07 00:29:13,19.202,-155.4483,2.47,1.66,29.6564,1,4878,6.72,4878,6.72,4878,6.72
1985-08-07 10:35:56,19.3148,-155.2257,5.35,1.86,13.4463,1,4879,6.72,4879,6.72,4879,6.72
1985-08-07 14:06:59,19.2782,-155.3738,7.51,2.11,18.3045,1,4880,6.72,4880,6.72,4880,6.72
1985-08-07 18:58:13,19.3248,-155.195,8.89,1.59,14.4071,1,4881,6.72,4881,6.72,4881,6.72
1985-08-08 00:39:31,19.363,-155.1097,7.62,2.05,19.6832,1,4882,6.72,4882,6.72,4882,6.72
1985-08-08 22:31:53,19.3167,-155.2215,9.5,2.61,13.4803,1,4883,6.72,4883,6.72,4883,6.72
1985-08-08 22:33:16,19.2973,-155.2168,7.69,2.36,15.6024,1,4884,6.72,4884,6.72,4884,6.72
1985-08-10 09:01:33,19.4242,-155.3262,5.74,1.79,4.1259,1,4885,6.72,4885,6.72,4885,6.72
1985-08-11 04:53:55,19.3618,-155.4425,9.66,1.82,17.588,1,4886,6.72,4886,6.72,4886,6.72
1985-08-11 04:57:27,19.3608,-155.4425,10.18,2.25,17.6299,1,4887,6.72,4887,6.72,4887,6.72
1985-08-12 03:43:40,19.3548,-155.3875,9.8,1.6,12.8569,1,4888,6.72,4888,6.72,4888,6.72
1985-08-12 09:58:04,19.3752,-155.0685,8.31,2.06,23.4762,1,4889,6.72,4889,6.72,4889,6.72
1985-08-12 17:46:45,19.2945,-155.2172,6.78,2.04,15.8581,1,4890,6.72,4890,6.72,4890,6.72
1985-08-12 17:52:39,19.3033,-155.2477,6.6,1.64,13.7217,1,4891,6.72,4891,6.72,4891,6.72
1985-08-13 05:33:10,19.3317,-155.1692,6.71,1.82,15.8523,1,4892,6.72,4892,6.72,4892,6.72
1985-08-13 09:56:16,19.3277,-155.136,6.93,1.57,18.9349,1,4893,6.72,4893,6.72,4893,6.72
1985-08-13 17:28:04,19.4657,-155.4455,9.12,2.62,17.3464,1,4894,6.72,4894,6.72,4894,6.72
1985-08-13 21:12:11,19.3292,-155.1953,7.76,2.36,14.026,0,4895,6.72,4895,6.72,4895,6.72
1985-08-14 08:19:57,19.3345,-155.262,6.45,1.63,9.9695,0,4896,6.72,4896,6.72,4896,6.72
1985-08-14 18:39:13,19.3542,-155.2775,26.0,2.55,7.4943,0,4897,6.72,4897,6.72,4897,6.72
1985-08-15 05:19:25,19.363,-155.4993,9.58,2.06,23.1823,0,4898,6.72,4898,6.72,4898,6.72
1985-08-15 06:01:07,19.326,-155.1933,6.58,1.59,14.4292,0,4899,6.72,4899,6.72,4899,6.72
1985-08-16 04:40:42,19.3382,-155.2208,6.81,1.72,11.5321,0,4900,6.72,4900,6.72,4900,6.72
1985-08-16 12:57:13,19.336,-155.1222,8.47,2.29,19.7021,0,4901,6.72,4901,6.72,4901,6.72
1985-08-16 21:48:15,19.3652,-155.0145,2.41,1.65,29.2474,0,4902,6.72,4902,6.72,4902,6.72
1985-08-17 00:15:53,19.3562,-155.1065,6.78,1.58,20.2575,0,4903,6.72,4903,6.72,4903,6.72
1985-08-17 01:47:13,19.369,-155.095,7.65,1.86,20.9518,0,4904,6.72,4904,6.72,4904,6.72
1985-08-17 03:58:10,19.3527,-155.1083,5.4,1.62,20.2242,0,4905,6.72,4905,6.72,4905,6.72
1985-08-17 04:35:02,19.4555,-155.4727,8.65,1.83,19.846,0,4906,6.72,4906,6.72,4906,6.72
1985-08-17 05:00:17,19.3308,-155.2043,6.84,1.67,13.2611,0,4907,6.72,4907,6.72,4907,6.72
1985-08-18 06:01:58,19.2802,-155.2548,10.23,2.24,16.0166,0,4908,6.72,4908,6.72,4908,6.72
1985-08-18 19:40:59,19.4448,-155.487,10.6,2.15,21.1381,0,4909,6.72,4909,6.72,4909,6.72
1985-08-18 20:05:21,19.3617,-155.0993,7.19,1.86,20.7625,0,4910,6.72,4910,6.72,4910,6.72
1985-08-19 01:38:15,19.3928,-155.4345,10.97,2.0,15.7837,0,4911,6.72,4911,6.72,4911,6.72
1985-08-19 13:56:06,19.4292,-155.3645,9.07,2.23,8.1778,0,4912,6.72,4912,6.72,4912,6.72
1985-08-19 15:30:04,19.2605,-155.4997,8.86,2.18,28.5747,0,4913,6.72,4913,6.72,4913,6.72
1985-08-20 17:22:05,19.2752,-155.3705,7.33,2.86,18.4275,0,4914,6.72,4914,6.72,4914,6.72
1985-08-20 20:30:03,19.3242,-155.2,7.41,1.89,14.112,0,4915,6.72,4915,6.72,4915,6.72
1985-08-21 03:15:44,19.3417,-155.2142,7.09,1.75,11.6648,0,4916,6.72,4916,6.72,4916,6.72
1985-08-21 12:08:47,19.3362,-155.1978,8.1,2.36,13.284,0,4917,6.72,4917,6.72,4917,6.72
1985-08-21 15:41:59,19.3423,-155.1328,7.24,2.03,18.3904,0,4918,6.72,4918,6.72,4918,6.72
1985-08-21 20:06:04,19.3387,-155.1982,8.47,1.58,13.0581,0,4919,6.72,4919,6.72,4919,6.72
1985-08-22 00:45:46,19.3215,-155.1713,6.24,1.68,16.4232,0,4920,6.72,4920,6.72,4920,6.72
1985-08-22 19:48:41,19.3285,-155.2052,7.11,2.29,13.3949,0,4921,6.72,4921,6.72,4921,6.72
1985-08-23 12:25:25,19.3115,-155.2198,8.62,2.22,14.0694,0,4922,6.72,4922,6.72,4922,6.72
1985-08-23 14:01:09,19.3173,-155.2193,9.13,2.69,13.5425,0,4923,6.72,4923,6.72,4923,6.72
1985-08-24 01:03:05,19.345,-155.2063,8.0,1.87,11.9613,0,4924,6.72,4924,6.72,4924,6.72
1985-08-24 17:57:52,19.493,-155.4607,5.96,2.08,19.8934,0,4925,6.72,4925,6.72,4925,6.72
1985-08-25 07:39:59,19.3827,-155.4448,10.11,2.19,17.089,0,4926,6.72,4926,6.72,4926,6.72
1985-08-25 10:47:35,19.3358,-155.1965,7.63,1.91,13.4118,0,4927,6.72,4927,6.72,4927,6.72
1985-08-25 12:53:58,19.3428,-155.2,7.93,3.07,12.6053,0,4928,6.72,4928,6.72,4928,6.72
1985-08-25 13:58:58,19.3732,-155.076,6.71,2.0,22.76,0,4929,6.72,4929,6.72,4929,6.72
1985-08-25 14:43:01,19.2842,-155.3785,5.13,2.04,17.987,0,4930,6.72,4930,6.72,4930,6.72
1985-08-25 17:11:07,19.3415,-155.1808,7.53,2.69,14.2212,0,4931,6.72,4931,6.72,4931,6.72
1985-08-26 02:09:27,19.3042,-155.2248,7.73,1.62,14.5347,0,4932,6.72,4932,6.72,4932,6.72
1985-08-26 05:36:34,19.372,-155.2317,3.44,1.52,7.958,0,4933,6.72,4933,6.72,4933,6.72
1985-08-26 16:06:30,19.3188,-155.1653,6.73,1.88,17.0918,0,4934,6.72,4934,6.72,4934,6.72
1985-08-26 17:01:47,19.4162,-155.323,5.3,1.55,3.8126,0,4935,6.72,4935,6.72,4935,6.72
1985-08-26 21:30:57,19.3387,-155.1222,8.14,2.33,19.5597,0,4936,6.72,4936,6.72,4936,6.72
1985-08-27 05:26:39,19.351,-155.1015,7.53,1.73,20.9566,0,4937,6.72,4937,6.72,4937,6.72
1985-08-27 05:32:30,19.3573,-155.0978,7.07,1.54,21.0713,0,4938,6.72,4938,6.72,4938,6.72
1985-08-27 11:47:27,19.2928,-155.2537,6.73,1.65,14.677,0,4939,6.72,4939,6.72,4939,6.72
1985-08-27 17:05:04,19.415,-155.3333,6.7,2.04,4.9008,0,4940,6.72,4940,6.72,4940,6.72
1985-08-27 23:42:07,19.3545,-155.0423,7.22,2.02,26.7106,0,4941,6.72,4941,6.72,4941,6.72
1985-08-28 01:25:19,19.339,-155.1993,8.11,1.8,12.9525,0,4942,6.72,4942,6.72,4942,6.72
1985-08-28 05:23:14,19.3325,-155.1452,5.94,1.87,17.8352,0,4943,6.72,4943,6.72,4943,6.72
1985-08-28 17:48:41,19.3452,-155.1127,6.8,2.11,20.1323,0,4944,6.72,4944,6.72,4944,6.72
1985-08-29 20:42:41,19.3305,-155.1353,7.38,1.99,18.828,0,4945,6.72,4945,6.72,4945,6.72
1985-08-30 15:05:48,19.3172,-155.2548,6.77,1.92,12.0262,0,4946,6.72,4946,6.72,4946,6.72
1985-08-30 15:40:19,19.3443,-155.2142,7.47,2.05,11.4478,0,4947,6.72,4947,6.72,4947,6.72
1985-08-30 20:02:47,19.3982,-155.283,16.2,1.54,2.5697,0,4948,6.72,4948,6.72,4948,6.72
1985-08-30 20:13:35,19.3678,-155.4652,6.86,2.63,19.6041,0,4949,6.72,4949,6.72,4949,6.72
1985-08-30 20:29:45,19.3598,-155.5015,9.28,2.1,23.5048,0,4950,6.72,4950,6.72,4950,6.72
1985-08-30 21:33:30,19.3957,-155.2597,3.09,2.71,4.0141,0,4951,6.72,4951,6.72,4951,6.72
1985-08-30 22:59:02,19.399,-155.2632,3.54,1.7,3.4951,0,4952,6.72,4952,6.72,4952,6.72
1985-08-31 09:02:27,19.3663,-155.0965,6.56,1.65,20.8862,0,4953,6.72,4953,6.72,4953,6.72
1985-08-31 10:28:40,19.3328,-155.2047,6.67,1.79,13.0659,0,4954,6.72,4954,6.72,4954,6.72
1985-08-31 10:51:39,19.3258,-155.1365,8.02,1.85,19.008,0,4955,6.72,4955,6.72,4955,6.72
1985-08-31 12:29:29,19.3675,-155.484,9.9,1.65,21.5015,0,4956,6.72,4956,6.72,4956,6.72
1985-08-31 15:33:17,19.42,-155.3175,5.87,2.87,3.2001,0,4957,6.72,4957,6.72,4957,6.72
1985-08-31 15:34:34,19.415,-155.3213,6.2,1.77,3.6581,0,4958,6.72,4958,6.72,4958,6.72
1985-08-31 16:19:01,19.3592,-155.1032,7.02,1.72,20.4668,0,4959,6.72,4959,6.72,4959,6.72
1985-09-01 02:03:09,19.4437,-155.438,4.59,1.57,16.0336,0,4960,6.72,4960,6.72,4960,6.72
1985-09-01 03:35:11,19.2842,-155.2515,6.11,1.87,15.6608,0,4961,6.72,4961,6.72,4961,6.72
1985-09-01 08:14:52,19.3735,-155.045,6.61,1.52,25.9257,0,4962,6.72,4962,6.72,4962,6.72
1985-09-01 09:01:34,19.3725,-155.5002,9.29,1.63,23.002,0,4963,6.72,4963,6.72,4963,6.72
1985-09-01 18:56:37,19.3525,-155.0455,4.6,1.54,26.4516,0,4964,6.72,4964,6.72,4964,6.72
1985-09-02 06:05:37,19.4508,-155.4935,9.64,1.72,21.9051,1,4965,6.72,4965,6.72,4965,6.72
1985-09-02 13:41:14,19.367,-155.1143,7.73,1.57,19.0832,1,4966,6.72,4966,6.72,4966,6.72
1985-09-02 19:30:09,19.4558,-155.4953,8.89,1.67,22.1815,1,4967,6.72,4967,6.72,4967,6.72
1985-09-03 00:56:47,19.448,-155.4758,8.75,1.81,20.0235,1,4968,6.72,4968,6.72,4968,6.72
1985-09-03 05:51:12,19.327,-155.2298,9.69,3.44,12.0522,1,4969,6.72,4969,6.72,4969,6.72
1985-09-03 06:48:54,19.5908,-155.368,8.34,2.61,20.7018,1,4970,6.72,4970,6.72,4970,6.72
1985-09-03 13:18:02,19.4038,-155.2703,3.46,1.81,2.5934,1,4971,6.72,4971,6.72,4971,6.72
1985-09-03 22:05:00,19.398,-155.2672,3.16,1.63,3.2945,1,4972,6.72,4972,6.72,4972,6.72
1985-09-04 09:06:58,19.2703,-155.252,7.16,1.68,17.1547,1,4973,6.72,4973,6.72,4973,6.72
1985-09-04 10:45:18,19.344,-155.218,8.1,1.66,11.2113,1,4974,6.72,4974,6.72,4974,6.72
1985-09-04 23:27:25,19.3572,-155.0533,7.56,2.88,25.5187,1,4975,6.72,4975,6.72,4975,6.72
1985-09-05 02:49:02,19.3722,-155.5022,9.53,1.76,23.2138,1,4976,6.72,4976,6.72,4976,6.72
1985-09-05 14:21:26,19.3327,-155.168,7.43,1.85,15.8816,1,4977,6.72,4977,6.72,4977,6.72
1985-09-05 20:04:28,19.4308,-155.3303,6.77,2.06,4.6693,1,4978,6.72,4978,6.72,4978,6.72
1985-09-05 21:29:40,19.2878,-155.4645,10.64,1.57,23.7934,1,4979,6.72,4979,6.72,4979,6.72
1985-09-05 23:01:07,19.3322,-155.1952,9.56,2.93,13.7924,1,4980,6.72,4980,6.72,4980,6.72
1985-09-05 23:55:09,19.3308,-155.2028,8.16,1.62,13.3645,1,4981,6.72,4981,6.72,4981,6.72
1985-09-06 08:32:13,19.3462,-155.165,6.9,1.69,15.2625,1,4982,6.72,4982,6.72,4982,6.72
1985-09-06 11:03:52,19.3305,-155.2142,6.64,1.59,12.6327,1,4983,6.72,4983,6.72,4983,6.72
1985-09-06 19:23:20,19.428,-155.4652,8.73,2.38,18.703,1,4984,6.72,4984,6.72,4984,6.72
1985-09-07 06:40:41,19.4212,-155.5083,9.83,1.78,23.207,1,4985,6.72,4985,6.72,4985,6.72
1985-09-07 12:44:49,19.3312,-155.1348,7.98,2.05,18.831,1,4986,6.72,4986,6.72,4986,6.72
1985-09-07 22:23:46,19.3708,-155.4972,9.79,2.42,22.7421,1,4987,6.72,4987,6.72,4987,6.72
1985-09-08 00:04:49,19.3228,-155.2188,9.3,2.78,13.0544,1,4988,6.72,4988,6.72,4988,6.72
1985-09-08 00:06:36,19.3128,-155.2173,3.98,1.98,14.0789,1,4989,6.72,4989,6.72,4989,6.72
1985-09-08 01:56:06,19.314,-155.2195,4.11,1.84,13.8456,1,4990,6.72,4990,6.72,4990,6.72
1985-09-08 11:38:32,19.3308,-155.0643,7.19,1.9,25.4229,1,4991,6.72,4991,6.72,4991,6.72
1985-09-09 12:53:16,19.3495,-155.5047,8.81,1.78,24.179,1,4992,6.72,4992,6.72,4992,6.72
1985-09-09 13:55:52,19.4262,-155.3297,7.71,2.94,4.5147,1,4993,6.72,4993,6.72,4993,6.72
1985-09-09 18:58:11,19.369,-155.4577,9.72,1.97,18.8141,1,4994,6.72,4994,6.72,4994,6.72
1985-09-09 22:04:58,19.3307,-155.1333,7.0,1.67,18.9939,1,4995,6.72,4995,6.72,4995,6.72
1985-09-11 15:31:23,19.3223,-155.264,7.42,2.18,11.237,1,4996,6.72,4996,6.72,4996,6.72
1985-09-11 22:52:37,19.3412,-155.055,6.01,1.55,25.9029,1,4997,6.72,4997,6.72,4997,6.72
1985-09-12 16:27:26,19.3207,-155.2562,6.64,1.61,11.6114,1,4998,6.72,4998,6.72,4998,6.72
1985-09-13 13:07:13,19.3922,-155.4262,11.04,2.04,14.9458,1,4999,6.72,4999,6.72,4999,6.72
1985-09-13 14:22:05,19.3732,-155.4783,9.51,1.73,20.756,1,5000,6.72,5000,6.72,5000,6.72
1985-09-14 20:59:46,19.3728,-155.4797,10.55,1.54,20.9093,1,5001,6.72,5001,6.72,5001,6.72
1985-09-15 09:59:28,19.3335,-155.1955,9.67,3.19,13.6671,1,5002,6.72,5002,6.72,5002,6.72
1985-09-15 11:05:15,19.3472,-155.0435,6.38,2.73,26.8273,1,5003,6.72,5003,6.72,5003,6.72
1985-09-15 14:37:02,19.4695,-155.449,7.56,1.54,17.8214,1,5004,6.72,5004,6.72,5004,6.72
1985-09-16 03:18:24,19.2988,-155.2613,8.77,2.35,13.8529,1,5005,6.72,5005,6.72,5005,6.72
1985-09-16 03:45:12,19.3695,-155.4898,9.72,1.74,22.0277,1,5006,6.72,5006,6.72,5006,6.72
1985-09-16 11:20:45,19.3308,-155.1248,6.67,1.62,19.7507,1,5007,6.72,5007,6.72,5007,6.72
1985-09-16 19:02:24,19.3532,-155.0515,5.15,1.64,25.8267,1,5008,6.72,5008,6.72,5008,6.72
1985-09-16 21:42:11,19.3308,-155.1885,6.12,1.88,14.4,1,5009,6.72,5009,6.72,5009,6.72
1985-09-16 23:18:54,19.3318,-155.1955,6.99,1.85,13.8024,1,5010,6.72,5010,6.72,5010,6.72
1985-09-17 00:55:16,19.3098,-155.2525,6.57,1.99,12.8837,1,5011,6.72,5011,6.72,5011,6.72
1985-09-17 04:44:49,19.3085,-155.221,5.57,1.87,14.2977,1,5012,6.72,5012,6.72,5012,6.72
1985-09-17 04:46:57,19.3067,-155.2223,5.56,1.75,14.4085,1,5013,6.72,5013,6.72,5013,6.72
1985-09-17 05:06:21,19.3173,-155.2208,7.82,2.6,13.4607,1,5014,6.72,5014,6.72,5014,6.72
1985-09-17 18:11:42,19.3515,-155.0403,5.28,2.0,27.0061,1,5015,6.72,5015,6.72,5015,6.72
1985-09-17 19:35:28,19.3608,-155.0845,4.96,1.69,22.2698,1,5016,6.72,5016,6.72,5016,6.72
1985-09-18 15:05:21,19.362,-155.5087,9.63,1.77,24.1609,1,5017,6.72,5017,6.72,5017,6.72
1985-09-19 16:14:04,19.3367,-155.1918,7.61,2.42,13.6964,1,5018,6.72,5018,6.72,5018,6.72
1985-09-19 16:16:00,19.318,-155.255,7.56,2.33,11.9349,1,5019,6.72,5019,6.72,5019,6.72
1985-09-20 08:29:55,19.3177,-155.1447,6.05,1.63,18.8354,1,5020,6.72,5020,6.72,5020,6.72
1985-09-20 13:46:02,19.427,-155.4907,8.66,1.91,21.3714,1,5021,6.72,5021,6.72,5021,6.72
1985-09-20 14:08:58,19.418,-155.3227,6.36,1.89,3.7584,1,5022,6.72,5022,6.72,5022,6.72
1985-09-20 19:42:04,19.414,-155.3245,6.15,1.83,4.0086,1,5023,6.72,5023,6.72,5023,6.72
1985-09-21 04:18:23,19.3842,-155.046,8.27,2.12,25.6054,1,5024,6.72,5024,6.72,5024,6.72
1985-09-21 12:09:48,19.343,-155.2125,7.45,2.0,11.6745,1,5025,6.72,5025,6.72,5025,6.72
1985-09-22 06:37:16,19.3247,-155.1262,7.06,1.64,19.9798,1,5026,6.72,5026,6.72,5026,6.72
1985-09-22 14:51:00,19.3652,-155.0585,5.23,1.83,24.7568,1,5027,6.72,5027,6.72,5027,6.72
1985-09-22 14:52:18,19.425,-155.3328,6.9,1.97,4.8232,1,5028,6.72,5028,6.72,5028,6.72
1985-09-23 00:40:05,19.3243,-155.1915,6.52,1.69,14.6962,1,5029,6.72,5029,6.72,5029,6.72
1985-09-23 02:05:28,19.3368,-155.2148,7.28,1.81,12.0424,1,5030,6.72,5030,6.72,5030,6.72
1985-09-23 10:53:08,19.3322,-155.1915,6.08,1.88,14.0661,0,5031,6.72,5031,6.72,5031,6.72
1985-09-23 14:15:45,19.3267,-155.1947,7.21,1.7,14.2723,0,5032,6.72,5032,6.72,5032,6.72
1985-09-23 16:41:51,19.3352,-155.174,8.04,1.95,15.216,0,5033,6.72,5033,6.72,5033,6.72
1985-09-24 09:16:58,19.328,-155.1887,8.32,1.59,14.6038,1,5034,6.72,5034,6.72,5034,6.72
1985-09-24 16:56:23,19.3525,-155.1152,6.02,1.84,19.564,1,5035,6.72,5035,6.72,5035,6.72
1985-09-24 22:32:26,19.3452,-155.1922,8.07,1.87,13.0355,1,5036,6.72,5036,6.72,5036,6.72
1985-09-25 10:38:30,19.4903,-155.4597,4.36,1.78,19.6781,1,5037,6.72,5037,6.72,5037,6.72
1985-09-25 15:12:38,19.3947,-155.2607,3.5,1.78,4.0201,1,5038,6.72,5038,6.72,5038,6.72
1985-09-25 17:34:43,19.397,-155.2667,2.96,2.15,3.414,1,5039,6.72,5039,6.72,5039,6.72
1985-09-26 10:04:12,19.3698,-155.4447,8.94,1.91,17.4924,1,5040,6.72,5040,6.72,5040,6.72
1985-09-26 22:27:01,19.3822,-155.4395,9.2,1.98,16.5657,1,5041,6.72,5041,6.72,5041,6.72
1985-09-27 05:45:59,19.3373,-155.0663,6.88,1.56,24.9513,1,5036,6.72,5042,6.72,5042,6.72
1985-09-28 13:08:58,19.3487,-155.2155,7.8,1.87,10.9946,1,5018,6.72,5043,6.72,5043,6.72
1985-10-01 07:33:42,19.3087,-155.2573,5.81,1.89,12.87,1,4822,6.72,5044,6.72,5044,6.72
1985-10-01 07:43:04,19.3125,-155.258,5.74,1.68,12.4423,1,4823,6.72,5045,6.72,5045,6.72
1985-10-01 10:12:48,19.3123,-155.2225,5.75,1.61,13.852,1,4822,6.72,5046,6.72,5046,6.72
1985-10-01 17:56:22,19.3515,-155.3568,9.53,1.87,10.6452,1,4810,6.72,5047,6.72,5047,6.72
1985-10-01 19:52:41,19.3302,-155.176,6.8,1.85,15.4116,1,4807,6.72,5048,6.72,5048,6.72
1985-10-02 00:34:33,19.4292,-155.4872,8.72,1.85,21.0136,1,4808,6.72,5049,6.72,5049,6.72
1985-10-02 02:28:21,19.418,-155.322,6.91,1.52,3.6853,1,4809,6.72,5050,6.72,5050,6.72
1985-10-02 07:32:10,19.2758,-155.3863,6.26,1.78,19.2147,1,4810,6.72,5051,6.72,5051,6.72
1985-10-02 09:02:31,19.3097,-155.2587,8.15,1.93,12.7271,1,4811,6.72,5052,6.72,5052,6.72
1985-10-03 09:17:39,19.3087,-155.235,8.59,1.98,13.6268,1,4786,6.72,5053,6.72,5053,6.72
1985-10-03 09:38:26,19.3297,-155.1357,5.38,1.76,18.8404,1,4787,6.72,5054,6.72,5054,6.72
1985-10-03 15:19:24,19.3033,-155.2193,6.08,1.62,14.8906,1,4739,6.72,5055,6.72,5055,6.72
1985-10-03 16:10:07,19.335,-155.4753,9.38,1.87,21.9447,1,4728,6.72,5056,6.72,5056,6.72
1985-10-05 04:12:09,19.3365,-155.2102,6.78,1.71,12.3768,1,4657,6.72,5057,6.72,5057,6.72
1985-10-05 05:53:08,19.375,-155.0205,6.42,1.52,28.4157,1,4657,6.72,5058,6.72,5058,6.72
1985-10-05 13:39:48,19.2635,-155.5013,9.58,1.87,28.4997,1,4655,6.72,5059,6.72,5059,6.72
1985-10-05 16:05:49,19.2852,-155.1928,1.69,1.63,18.0469,1,4655,6.72,5060,6.72,5060,6.72
1985-10-05 16:07:20,19.2853,-155.1935,1.7,1.63,17.9974,1,4656,6.72,5061,6.72,5061,6.72
1985-10-05 17:23:04,19.2787,-155.1927,1.94,1.64,18.6615,1,4655,6.72,5062,6.72,5062,6.72
1985-10-05 19:57:39,19.2807,-155.2053,2.67,1.58,17.8003,1,4655,6.72,5063,6.72,5063,6.72
1985-10-05 21:53:54,19.3157,-155.486,8.69,1.87,23.9347,1,4655,6.72,5064,6.72,5064,6.72
1985-10-06 07:12:09,19.3225,-155.2187,5.98,1.6,13.088,1,4649,6.72,5065,6.72,5065,6.72
1985-10-06 15:38:35,19.3355,-155.1825,7.46,2.27,14.5103,1,4647,6.72,5066,6.72,5066,6.72
1985-10-06 15:57:04,19.3803,-155.4255,10.56,1.73,15.2144,1,4648,6.72,5067,6.72,5067,6.72
1985-10-06 18:19:06,19.2957,-155.214,6.43,1.7,15.8988,1,4647,6.72,5068,6.72,5068,6.72
1985-10-06 18:24:39,19.4242,-155.4855,9.5,1.78,20.8189,1,4648,6.72,5069,6.72,5069,6.72
1985-10-07 01:35:07,19.3012,-155.2165,5.74,2.0,15.2366,1,4648,6.72,5070,6.72,5070,6.72
1985-10-07 01:37:06,19.2898,-155.215,7.65,1.78,16.4284,1,4649,6.72,5071,6.72,5071,6.72
1985-10-07 03:39:51,19.2875,-155.22,6.15,1.86,16.4247,1,4650,6.72,5072,6.72,5072,6.72
1985-10-07 03:41:32,19.2848,-155.2158,5.23,1.8,16.8868,1,4651,6.72,5073,6.72,5073,6.72
1985-10-07 03:45:05,19.2747,-155.2158,7.8,1.86,17.901,1,4652,6.72,5074,6.72,5074,6.72
1985-10-07 05:36:11,19.2873,-155.2223,4.51,1.94,16.3431,1,4653,6.72,5075,6.72,5075,6.72
1985-10-07 06:44:11,19.3427,-155.1803,7.92,1.87,14.18,1,4654,6.72,5076,6.72,5076,6.72
1985-10-07 21:06:26,19.2865,-155.2232,5.55,1.94,16.3852,1,4651,6.72,5077,6.72,5077,6.72
1985-10-07 23:19:58,19.362,-155.0113,7.34,1.63,29.6525,1,4652,6.72,5078,6.72,5078,6.72
1985-10-08 01:24:22,19.325,-155.258,8.88,2.92,11.0997,1,4651,6.72,5079,6.72,5079,6.72
1985-10-08 02:43:33,19.327,-155.1395,6.02,2.02,18.6724,1,4651,6.72,5080,6.72,5080,6.72
1985-10-08 09:34:25,19.3098,-155.2432,6.58,1.92,13.191,1,4647,6.72,5081,6.72,5081,6.72
1985-10-08 12:52:53,19.2375,-155.2258,0.37,1.73,21.3909,1,4648,6.72,5082,6.72,5082,6.72
1985-10-08 13:08:18,19.2287,-155.2082,0.09,1.86,22.9258,1,4649,6.72,5083,6.72,5083,6.72
1985-10-08 19:30:33,19.2915,-155.2178,5.93,1.99,16.1263,1,4648,6.72,5084,6.72,5084,6.72
1985-10-08 20:36:44,19.2795,-155.201,1.99,1.86,18.1376,1,4649,6.72,5085,6.72,5085,6.72
1985-10-08 23:26:25,19.3982,-155.4462,9.58,1.81,16.8873,1,4650,6.72,5086,6.72,5086,6.72
1985-10-08 23:48:37,19.2898,-155.2033,2.42,3.0,17.0277,1,4649,6.72,5087,6.72,5087,6.72
1985-10-09 02:11:00,19.3237,-155.2022,6.08,2.02,14.0068,1,4649,6.72,5088,6.72,5088,6.72
1985-10-09 04:42:22,19.3872,-155.445,5.86,1.59,16.9915,1,4649,6.72,5089,6.72,5089,6.72
1985-10-09 07:20:40,19.3763,-155.3453,10.06,2.17,7.8797,1,4649,6.72,5090,6.72,5090,6.72
1985-10-10 15:50:35,19.3518,-155.4888,5.46,2.08,22.5218,1,4637,6.72,5091,6.72,5091,6.72
1985-10-10 17:43:55,19.3355,-155.1873,5.79,1.88,14.1337,1,4635,6.72,5092,6.72,5092,6.72
1985-10-11 10:31:32,19.3627,-155.5028,8.61,1.62,23.5443,1,4632,6.72,5093,6.72,5093,6.72
1985-10-11 22:51:02,19.475,-155.4578,3.52,1.77,18.8881,1,4626,6.72,5094,6.72,5094,6.72
1985-10-11 23:44:46,19.2962,-155.3947,8.72,1.93,17.8949,1,4627,6.72,5095,6.72,5095,6.72
1985-10-12 00:41:48,19.4413,-155.4798,8.77,1.73,20.3426,1,4628,6.72,5096,6.72,5096,6.72
1985-10-12 06:51:09,19.3347,-155.1965,7.41,1.93,13.4985,1,4629,6.72,5097,6.72,5097,6.72
1985-10-12 17:35:19,19.2355,-155.3642,1.64,1.55,22.1601,1,4625,6.72,5098,6.72,5098,6.72
1985-10-12 18:33:46,19.34,-155.1977,7.19,1.96,12.9949,1,4623,6.72,5099,6.72,5099,6.72
1985-10-12 19:02:53,19.3648,-155.3262,28.1,1.76,7.4802,1,4624,6.72,5100,6.72,5100,6.72
1985-10-12 19:41:07,19.372,-155.325,29.99,1.97,6.7505,1,4625,6.72,5101,6.72,5101,6.72
1985-10-13 03:53:40,19.3437,-155.2128,6.52,1.78,11.5957,1,4624,6.72,5102,6.72,5102,6.72
1985-10-13 13:40:26,19.3267,-155.2068,5.89,1.76,13.4436,1,4622,6.72,5103,6.72,5103,6.72
1985-10-13 15:33:19,19.4708,-155.4472,8.99,2.25,17.6863,1,4622,6.72,5104,6.72,5104,6.72
1985-10-14 17:41:28,19.3383,-155.1268,8.96,2.81,19.1559,1,4619,6.72,5105,6.72,5105,6.72
1985-10-14 23:34:56,19.4433,-155.3982,8.96,2.08,11.921,1,4620,6.72,5106,6.72,5106,6.72
1985-10-15 04:22:55,19.4285,-155.4943,8.3,1.63,21.7544,1,4619,6.72,5107,6.72,5107,6.72
1985-10-15 05:13:41,19.3468,-155.0498,8.59,3.18,26.213,1,4620,6.72,5108,6.72,5108,6.72
1985-10-15 06:15:26,19.347,-155.0492,7.64,1.93,26.2657,1,4621,6.72,5109,6.72,5109,6.72
1985-10-15 13:41:08,19.3762,-155.4577,9.75,1.9,18.5833,1,4617,6.72,5110,6.72,5110,6.72
1985-10-16 02:23:51,19.3422,-155.1808,7.15,1.8,14.173,0,4612,6.72,5111,6.72,5111,6.72
1985-10-16 02:59:19,19.337,-155.1897,7.62,1.71,13.8353,0,4613,6.72,5112,6.72,5112,6.72
1985-10-16 16:05:08,19.41,-155.325,7.16,2.05,4.1683,0,4607,6.72,5113,6.72,5113,6.72
1985-10-16 20:52:18,19.314,-155.2245,7.47,1.87,13.5848,0,4608,6.72,5114,6.72,5114,6.72
1985-10-17 04:18:00,19.3363,-155.2165,6.01,1.71,11.9747,0,4604,6.72,5115,6.72,5115,6.72
1985-10-17 10:00:09,19.3068,-155.2482,5.97,1.63,13.3349,0,4604,6.72,5116,6.72,5116,6.72
1985-10-17 11:18:31,19.3967,-155.2603,2.98,1.77,3.8914,0,4604,6.72,5117,6.72,5117,6.72
1985-10-17 16:23:05,19.3708,-155.5028,9.71,1.84,23.3119,0,4604,6.72,5118,6.72,5118,6.72
1985-10-17 22:41:11,19.3472,-155.3592,9.75,1.82,11.1665,0,4601,6.72,5119,6.72,5119,6.72
1985-10-18 00:23:43,19.3513,-155.2132,7.57,1.87,10.9541,0,4602,6.72,5120,6.72,5120,6.72
1985-10-18 00:38:08,19.376,-155.1397,3.62,1.71,16.2396,0,4603,6.72,5121,6.72,5121,6.72
1985-10-18 07:02:28,19.3375,-155.3922,10.0,2.01,14.4212,0,4604,6.72,5122,6.72,5122,6.72
1985-10-18 12:05:36,19.366,-155.0837,7.84,1.77,22.1832,0,4603,6.72,5123,6.72,5123,6.72
1985-10-18 19:43:48,19.361,-155.4752,5.18,1.71,20.8365,0,4604,6.72,5124,6.72,5124,6.72
1985-10-19 02:41:48,19.3248,-155.1808,7.03,1.87,15.4446,0,4604,6.72,5125,6.72,5125,6.72
1985-10-19 06:23:12,19.3385,-155.1268,6.99,1.6,19.1453,0,4605,6.72,5126,6.72,5126,6.72
1985-10-19 06:42:03,19.304,-155.2555,6.69,1.73,13.4229,0,4606,6.72,5127,6.72,5127,6.72
1985-10-19 07:45:33,19.3265,-155.229,6.61,1.97,12.1423,0,4607,6.72,5128,6.72,5128,6.72
1985-10-19 14:58:05,19.2172,-155.449,4.94,2.19,28.3286,0,4606,6.72,5129,6.72,5129,6.72
1985-10-19 20:53:50,19.4125,-155.3615,10.27,1.99,7.8696,0,4599,6.72,5130,6.72,5130,6.72
1985-10-20 00:39:13,19.4943,-155.4643,4.61,1.71,20.297,0,4598,6.72,5131,6.72,5131,6.72
1985-10-21 04:46:07,19.2988,-155.218,6.34,1.73,15.3959,1,4593,6.72,5132,6.72,5132,6.72
1985-10-22 06:46:11,19.3753,-155.4392,10.74,1.99,16.7522,1,4581,6.72,5133,6.72,5133,6.72
1985-10-22 06:47:12,19.3697,-155.4425,10.89,1.7,17.278,1,4582,6.72,5134,6.72,5134,6.72
1985-10-23 02:11:37,19.3062,-155.2257,5.09,1.62,14.2935,1,4582,6.72,5135,6.72,5135,6.72
1985-10-24 01:03:32,19.3345,-155.1363,6.91,1.64,18.5043,1,4578,6.72,5136,6.72,5136,6.72
1985-10-24 02:51:50,19.414,-155.5115,11.78,1.64,23.556,1,4578,6.72,5137,6.72,5137,6.72
1985-10-24 10:50:03,19.3203,-155.194,4.94,1.56,14.8512,1,4575,6.72,5138,6.72,5138,6.72
1985-10-24 15:39:05,19.3318,-155.1943,6.71,2.06,13.8902,1,4575,6.72,5139,6.72,5139,6.72
1985-10-24 22:10:26,19.3157,-155.2278,5.59,1.67,13.2539,1,4575,6.72,5140,6.72,5140,6.72
1985-10-24 23:09:37,19.4288,-155.4813,9.79,1.61,20.3935,1,4576,6.72,5141,6.72,5141,6.72
1985-10-26 00:22:45,19.3305,-155.1478,5.98,2.05,17.7337,1,4576,6.72,5142,6.72,5142,6.72
1985-10-26 01:34:27,19.3487,-155.0682,4.38,1.68,24.3178,1,4577,6.72,5143,6.72,5143,6.72
1985-10-26 05:06:28,19.3715,-155.4757,10.99,3.21,20.5424,1,4577,6.72,5144,6.72,5144,6.72
1985-10-26 06:01:29,19.4055,-155.2697,14.97,1.98,2.5026,1,4578,6.72,5145,6.72,5145,6.72
1985-10-26 17:11:58,19.3343,-155.1528,6.0,1.79,17.062,1,4579,6.72,5146,6.72,5146,6.72
1985-10-26 21:51:41,19.4268,-155.2627,10.71,1.64,2.6289,1,4580,6.72,5147,6.72,5147,6.72
1985-10-26 23:19:42,19.3693,-155.0692,7.5,2.03,23.5564,1,4580,6.72,5148,6.72,5148,6.72
1985-10-27 09:42:59,19.3792,-155.3438,10.85,2.14,7.5557,1,4579,6.72,5149,6.72,5149,6.72
1985-10-27 10:00:06,19.4912,-155.4547,4.83,1.81,19.2372,1,4580,6.72,5150,6.72,5150,6.72
1985-10-28 01:17:00,19.3033,-155.26,6.89,2.13,13.3906,1,4578,6.72,5151,6.72,5151,6.72
1985-10-28 02:35:02,19.3547,-155.0363,6.57,2.12,27.3099,1,4577,6.72,5152,6.72,5152,6.72
1985-10-28 04:06:55,19.3347,-155.1943,6.82,2.42,13.6617,1,4577,6.72,5153,6.72,5153,6.72
1985-10-28 07:34:29,19.4233,-155.3508,8.77,1.93,6.6951,1,4578,6.72,5154,6.72,5154,6.72
1985-10-28 22:21:47,19.3065,-155.219,7.62,2.38,14.5941,1,4578,6.72,5155,6.72,5155,6.72
1985-10-29 00:31:08,19.217,-155.4535,7.6,1.86,28.632,1,4579,6.72,5156,6.72,5156,6.72
1985-10-29 16:49:45,19.4,-155.4275,7.21,1.77,14.9185,1,4573,6.72,5157,6.72,5157,6.72
1985-10-29 20:10:20,19.3407,-155.2015,7.17,1.87,12.6555,1,4574,6.72,5158,6.72,5158,6.72
1985-10-30 07:54:21,19.3945,-155.0333,8.11,1.77,26.7701,1,4574,6.72,5159,6.72,5159,6.72
1985-10-30 14:30:13,19.3443,-155.5002,11.1,1.55,23.934,1,4573,6.72,5160,6.72,5160,6.72
1985-10-30 16:11:58,19.2827,-155.3855,3.24,1.74,18.5276,1,4574,6.72,5161,6.72,5161,6.72
1985-10-30 19:12:20,19.3315,-155.163,7.15,1.78,16.3779,1,4574,6.72,5162,6.72,5162,6.72
1985-10-31 00:06:18,19.3328,-155.1783,9.26,2.01,15.04,1,4575,6.72,5163,6.72,5163,6.72
1985-11-01 00:56:56,19.3662,-155.4385,10.29,1.56,17.0182,1,4572,6.72,5164,6.72,5164,6.72
1985-11-01 01:35:15,19.3638,-155.4778,10.13,2.11,20.9985,1,4573,6.72,5165,6.72,5165,6.72
1985-11-01 07:46:32,19.5088,-155.455,5.35,1.58,20.1377,1,4573,6.72,5166,6.72,5166,6.72
1985-11-02 04:28:47,19.314,-155.2555,6.3,1.6,12.3482,1,4573,6.72,5167,6.72,5167,6.72
1985-11-03 00:29:53,19.3352,-155.1907,6.68,1.7,13.8948,1,4573,6.72,5168,6.72,5168,6.72
1985-11-03 14:27:55,19.3462,-155.1998,7.48,1.69,12.363,1,4571,6.72,5169,6.72,5169,6.72
1985-11-04 04:20:57,19.2993,-155.305,29.97,1.74,13.6634,1,4566,6.72,5170,6.72,5170,6.72
1985-11-04 11:59:27,19.4175,-155.3228,7.13,1.57,3.7742,1,4566,6.72,5171,6.72,5171,6.72
1985-11-04 17:03:09,19.3653,-155.0398,7.9,2.07,26.6576,1,4567,6.72,5172,6.72,5172,6.72
1985-11-05 00:44:09,19.3327,-155.212,6.07,1.74,12.5817,1,4567,6.72,5173,6.72,5173,6.72
1985-11-05 14:39:00,19.3178,-155.2152,6.66,1.9,13.7265,1,4566,6.72,5174,6.72,5174,6.72
1985-11-06 10:57:47,19.4553,-155.4742,10.39,2.13,19.9961,1,4562,6.72,5175,6.72,5175,6.72
1985-11-06 14:08:49,19.33,-155.504,7.93,1.93,24.9102,1,4562,6.72,5176,6.72,5176,6.72
1985-11-07 22:11:11,19.395,-155.2622,2.88,1.91,3.889,1,4557,6.72,5177,6.72,5177,6.72
1985-11-08 01:01:56,19.3398,-155.1963,8.5,1.87,13.1165,1,4558,6.72,5178,6.72,5178,6.72
1985-11-08 01:37:38,19.3925,-155.5038,9.35,1.67,22.9569,1,4557,6.72,5179,6.72,5179,6.72
1985-11-08 11:13:39,19.4178,-155.3293,5.69,1.55,4.4499,1,4555,6.72,5180,6.72,5180,6.72
1985-11-08 17:47:19,19.3658,-155.0725,7.6,1.6,23.3205,1,4556,6.72,5181,6.72,5181,6.72
1985-11-08 22:21:45,19.3392,-155.2012,7.35,1.97,12.7959,1,4556,6.72,5182,6.72,5182,6.72
1985-11-08 23:19:42,19.3763,-155.0543,7.42,1.66,24.9074,1,4556,6.72,5183,6.72,5183,6.72
1985-11-09 14:27:29,19.423,-155.325,3.21,1.76,3.9909,1,4555,6.72,5184,6.72,5184,6.72
1985-11-09 15:09:35,19.2888,-155.2208,5.92,1.73,16.2581,1,4556,6.72,5185,6.72,5185,6.72
1985-11-09 22:24:51,19.3615,-155.0343,5.34,1.84,27.3185,1,4556,6.72,5186,6.72,5186,6.72
1985-11-10 08:59:53,19.383,-155.4633,9.43,1.7,18.9668,1,4557,6.72,5187,6.72,5187,6.72
1985-11-10 19:00:00,19.3348,-155.197,7.19,2.28,13.4537,1,4557,6.72,5188,6.72,5188,6.72
1985-11-10 20:40:56,19.3343,-155.1968,7.31,2.64,13.5081,1,4558,6.72,5189,6.72,5189,6.72
1985-11-10 20:58:21,19.362,-155.3313,28.93,2.06,8.0391,1,4559,6.72,5190,6.72,5190,6.72
1985-11-10 23:17:14,19.3658,-155.0205,6.83,1.99,28.6183,1,4560,6.72,5191,6.72,5191,6.72
1985-11-11 04:39:18,19.3712,-155.4053,12.95,1.98,13.5871,1,4561,6.72,5192,6.72,5192,6.72
1985-11-11 07:19:32,19.33,-155.1897,8.46,1.78,14.3724,1,4562,6.72,5193,6.72,5193,6.72
1985-11-11 15:49:41,19.3412,-155.185,7.57,2.17,13.9001,1,4560,6.72,5194,6.72,5194,6.72
1985-11-12 03:13:39,19.3543,-155.1113,7.39,1.54,19.8658,1,4559,6.72,5195,6.72,5195,6.72
1985-11-12 03:55:18,19.4382,-155.5107,9.13,2.0,23.5353,1,4560,6.72,5196,6.72,5196,6.72
1985-11-12 08:34:30,19.334,-155.1788,6.39,1.68,14.9133,1,4559,6.72,5197,6.72,5197,6.72
1985-11-12 15:09:51,19.4183,-155.2647,14.64,1.52,2.358,1,4560,6.72,5198,6.72,5198,6.72
1985-11-12 18:14:45,19.3258,-155.1815,7.28,1.92,15.3146,1,4561,6.72,5199,6.72,5199,6.72
1985-11-12 19:22:20,19.46,-155.4898,11.19,2.82,21.7021,1,4562,6.72,5200,6.72,5200,6.72
1985-11-13 21:35:37,19.4502,-155.4902,9.35,1.69,21.553,1,4555,6.72,5201,6.72,5201,6.72
1985-11-14 02:02:03,19.2917,-155.511,5.55,1.58,27.5488,1,4556,6.72,5202,6.72,5202,6.72
1985-11-14 06:01:55,19.4055,-155.285,19.49,3.18,1.7362,1,4557,6.72,5203,6.72,5203,6.72
1985-11-14 07:20:30,19.4408,-155.4827,10.53,1.71,20.6389,1,4558,6.72,5204,6.72,5204,6.72
1985-11-14 07:34:34,19.402,-155.269,3.32,1.75,2.8333,1,4559,6.72,5205,6.72,5205,6.72
1985-11-14 07:41:38,19.3943,-155.2593,2.58,1.53,4.1539,1,4560,6.72,5206,6.72,5206,6.72
1985-11-14 13:48:43,19.423,-155.3518,8.94,2.17,6.7988,1,4560,6.72,5207,6.72,5207,6.72
1985-11-14 14:00:24,19.3977,-155.2655,2.74,1.56,3.4348,1,4561,6.72,5208,6.72,5208,6.72
1985-11-14 14:25:19,19.3973,-155.2678,3.24,2.78,3.3167,1,4562,6.72,5209,6.72,5209,6.72
1985-11-14 15:19:06,19.384,-155.4575,10.6,1.59,18.3489,1,4563,6.72,5210,6.72,5210,6.72
1985-11-15 11:32:26,19.3153,-155.2167,6.05,1.6,13.8754,1,4561,6.72,5211,6.72,5211,6.72
1985-11-16 14:15:58,19.3187,-155.1857,6.62,1.88,15.5667,1,4558,6.72,5212,6.72,5212,6.72
1985-11-17 10:18:46,19.4803,-155.4405,8.03,3.09,17.3925,1,4557,6.72,5213,6.72,5213,6.72
1985-11-17 12:28:39,19.4272,-155.4728,8.14,1.67,19.496,1,4558,6.72,5214,6.72,5214,6.72
1985-11-17 22:35:03,19.3738,-155.4973,8.99,2.59,22.6725,1,4557,6.72,5215,6.72,5215,6.72
1985-11-18 02:46:44,19.3482,-155.2158,7.23,1.87,11.014,1,4557,6.72,5216,6.72,5216,6.72
1985-11-18 06:02:10,19.4142,-155.3257,6.37,1.62,4.128,1,4558,6.72,5217,6.72,5217,6.72
1985-11-18 11:10:28,19.3222,-155.1955,5.33,1.89,14.5885,1,4559,6.72,5218,6.72,5218,6.72
1985-11-18 16:02:23,19.3202,-155.2293,6.39,2.03,12.7384,1,4560,6.72,5219,6.72,5219,6.72
1985-11-18 18:37:34,19.325,-155.25,7.16,2.16,11.3585,1,4560,6.72,5220,6.72,5220,6.72
1985-11-18 19:35:42,19.3633,-155.0373,7.86,2.18,26.9649,1,4561,6.72,5221,6.72,5221,6.72
1985-11-18 20:01:46,19.3653,-155.4835,9.81,2.09,21.5203,1,4562,6.72,5222,6.72,5222,6.72
1985-11-19 02:58:19,19.3332,-155.1165,5.57,1.56,20.3762,1,4563,6.72,5223,6.72,5223,6.72
1985-11-19 08:15:57,19.3427,-155.19,8.37,2.05,13.3915,1,4562,6.72,5224,6.72,5224,6.72
1985-11-19 16:08:48,19.296,-155.3617,7.73,1.71,15.9562,1,4563,6.72,5225,6.72,5225,6.72
1985-11-19 22:41:01,19.4298,-155.3287,7.53,1.82,4.4808,1,4564,6.72,5226,6.72,5226,6.72
1985-11-20 02:04:55,19.342,-155.1907,8.13,2.89,13.3868,1,4565,6.72,5227,6.72,5227,6.72
1985-11-21 00:07:04,19.4063,-155.2915,11.34,1.54,1.7012,1,4564,6.72,5228,6.72,5228,6.72
1985-11-21 04:10:23,19.402,-155.2847,12.22,1.56,2.1264,1,4563,6.72,5229,6.72,5229,6.72
1985-11-21 04:16:18,19.4157,-155.2923,9.17,1.54,0.8099,1,4564,6.72,5230,6.72,5230,6.72
1985-11-21 04:18:40,19.4092,-155.2943,11.49,1.55,1.5189,1,4565,6.72,5231,6.72,5231,6.72
1985-11-21 05:51:49,19.3923,-155.4538,9.79,1.99,17.782,1,4566,6.72,5232,6.72,5232,6.72
1985-11-21 22:27:47,19.4322,-155.4932,10.5,2.13,21.6586,1,4566,6.72,5233,6.72,5233,6.72
1985-11-22 00:26:46,19.3778,-155.4448,10.49,1.99,17.2331,1,4567,6.72,5234,6.72,5234,6.72
1985-11-22 11:56:12,19.4167,-155.3033,12.63,1.56,1.7747,1,4568,6.72,5235,6.72,5235,6.72
1985-11-22 12:48:41,19.4145,-155.2902,10.57,1.54,0.7967,1,4569,6.72,5236,6.72,5236,6.72
1985-11-22 19:43:17,19.4143,-155.2868,10.33,1.54,0.7453,1,4570,6.72,5237,6.72,5237,6.72
1985-11-22 21:33:25,19.311,-155.2502,7.34,2.23,12.8262,1,4570,6.72,5238,6.72,5238,6.72
1985-11-22 23:00:52,19.4143,-155.2845,11.18,1.54,0.7898,1,4571,6.72,5239,6.72,5239,6.72
1985-11-22 23:35:29,19.3157,-155.226,8.05,2.21,13.3434,1,4572,6.72,5240,6.72,5240,6.72
1985-11-22 23:37:52,19.4078,-155.2755,8.97,1.51,1.8998,1,4573,6.72,5241,6.72,5241,6.72
1985-11-23 02:22:11,19.3347,-155.2033,7.24,1.81,13.0067,1,4574,6.72,5242,6.72,5242,6.72
1985-11-23 03:41:17,19.4208,-155.2888,11.01,1.84,0.1898,1,4575,6.72,5243,6.72,5243,6.72
1985-11-23 18:42:59,19.3632,-155.0185,7.33,1.54,28.8864,1,4573,6.72,5244,6.72,5244,6.72
1985-11-23 18:53:29,19.276,-155.4637,8.8,2.86,24.5687,1,4574,6.72,5245,6.72,5245,6.72
1985-11-23 21:24:45,19.3402,-155.2013,7.52,2.18,12.7097,1,4574,6.72,5246,6.72,5246,6.72
1985-11-24 02:10:08,19.36,-155.0705,7.28,1.97,23.6998,1,4575,6.72,5247,6.72,5247,6.72
1985-11-24 05:15:04,19.3257,-155.1945,6.39,1.61,14.3683,1,4576,6.72,5248,6.72,5248,6.72
1985-11-24 06:02:22,19.3562,-155.3615,9.95,1.64,10.629,1,4577,6.72,5249,6.72,5249,6.72
1985-11-24 10:07:10,19.4652,-155.4057,3.21,1.57,13.3812,1,4577,6.72,5250,6.72,5250,6.72
1985-11-24 19:58:08,19.3382,-155.2258,6.54,1.58,11.2241,1,4577,6.72,5251,6.72,5251,6.72
1985-11-25 07:04:22,19.4117,-155.2778,1.6,1.85,1.4145,1,4578,6.72,5252,6.72,5252,6.72
1985-11-25 16:11:26,19.3875,-155.3423,10.99,1.62,6.8927,1,4578,6.72,5253,6.72,5253,6.72
1985-11-26 10:53:11,19.3962,-155.2885,8.11,1.74,2.762,1,4575,6.72,5254,6.72,5254,6.72
1985-11-26 12:01:18,19.3965,-155.282,13.47,1.77,2.7743,1,4576,6.72,5255,6.72,5255,6.72
1985-11-26 12:57:43,19.3255,-155.131,7.15,1.68,19.508,1,4577,6.72,5256,6.72,5256,6.72
1985-11-26 13:14:05,19.3967,-155.2812,9.3,1.55,2.7697,1,4578,6.72,5257,6.72,5257,6.72
1985-11-27 03:32:07,19.3208,-155.2232,7.66,1.6,12.9974,1,4579,6.72,5258,6.72,5258,6.72
1985-11-27 09:52:37,19.381,-155.424,10.33,2.1,15.0411,1,4579,6.72,5259,6.72,5259,6.72
1985-11-27 17:21:21,19.3267,-155.122,7.22,2.29,20.2369,1,4579,6.72,5260,6.72,5260,6.72
1985-11-28 03:04:55,19.4012,-155.2673,2.98,1.74,3.0194,1,4575,6.72,5261,6.72,5261,6.72
1985-11-28 14:48:53,19.3732,-155.4937,9.04,2.22,22.3212,1,4575,6.72,5262,6.72,5262,6.72
1985-11-28 16:56:02,19.4242,-155.4855,9.13,1.9,20.8189,1,4575,6.72,5263,6.72,5263,6.72
1985-11-28 18:29:48,19.3067,-155.2777,9.15,3.07,12.7469,1,4576,6.72,5264,6.72,5264,6.72
1985-11-28 18:40:59,19.3593,-155.4302,10.71,1.79,16.5124,1,4577,6.72,5265,6.72,5265,6.72
1985-11-28 21:27:10,19.3155,-155.2318,7.01,1.88,13.0825,1,4578,6.72,5266,6.72,5266,6.72
1985-11-28 21:41:49,19.2443,-155.4535,8.45,1.97,26.2914,1,4579,6.72,5267,6.72,5267,6.72
1985-11-29 09:11:23,19.3093,-155.225,7.2,2.39,14.0205,1,4573,6.72,5268,6.72,5268,6.72
1985-11-29 15:58:54,19.3197,-155.2208,4.64,1.9,13.2328,1,4570,6.72,5269,6.72,5269,6.72
1985-11-29 20:18:31,19.3623,-155.1178,7.43,1.53,18.9094,1,4570,6.72,5270,6.72,5270,6.72
1985-11-30 20:59:25,19.3143,-155.2668,6.85,1.63,12.0522,1,4569,6.72,5271,6.72,5271,6.72
1985-12-01 00:06:51,19.4082,-155.4972,8.49,1.71,22.0898,1,4570,6.72,5272,6.72,5272,6.72
1985-12-01 01:29:16,19.3255,-155.2042,6.3,1.86,13.7189,1,4571,6.72,5273,6.72,5273,6.72
1985-12-01 09:43:19,19.308,-155.22,4.96,1.66,14.3973,1,4571,6.72,5274,6.72,5274,6.72
1985-12-01 14:42:19,19.4122,-155.3233,6.16,1.97,3.9303,1,4572,6.72,5275,6.72,5275,6.72
1985-12-02 05:52:00,19.2898,-155.2173,9.75,2.26,16.3188,1,4572,6.72,5276,6.72,5276,6.72
1985-12-02 12:41:40,19.323,-155.2228,6.34,2.2,12.8103,1,4570,6.72,5277,6.72,5277,6.72
1985-12-03 12:13:50,19.3258,-155.1988,6.61,1.89,14.0593,1,4568,6.72,5278,6.72,5278,6.72
1985-12-03 19:45:13,19.3247,-155.1403,6.2,1.66,18.7478,1,4568,6.72,5279,6.72,5279,6.72
1985-12-04 01:15:45,19.356,-155.5017,10.61,1.69,23.6508,1,4568,6.72,5280,6.72,5280,6.72
1985-12-04 09:47:29,19.3492,-155.103,7.77,2.68,20.8864,1,4566,6.72,5281,6.72,5281,6.72
1985-12-04 10:22:38,19.362,-155.1092,7.09,1.63,19.7695,1,4566,6.72,5282,6.72,5282,6.72
1985-12-04 21:35:18,19.3692,-155.4425,9.81,2.53,17.2965,1,4566,6.72,5283,6.72,5283,6.72
1985-12-05 00:13:19,19.4512,-155.4992,8.58,1.98,22.5026,1,4567,6.72,5284,6.72,5284,6.72
1985-12-05 06:13:41,19.3407,-155.1948,7.63,1.87,13.1629,1,4568,6.72,5285,6.72,5285,6.72
1985-12-05 06:39:39,19.2843,-155.2347,7.44,1.65,16.1604,1,4568,6.72,5286,6.72,5286,6.72
1985-12-05 12:37:43,19.3467,-155.2143,8.05,2.05,11.2433,1,4569,6.72,5287,6.72,5287,6.72
1985-12-05 13:39:35,19.3315,-155.1792,7.78,1.54,15.0637,1,4569,6.72,5288,6.72,5288,6.72
1985-12-05 18:02:49,19.3372,-155.181,8.24,2.54,14.5073,1,4569,6.72,5289,6.72,5289,6.72
1985-12-06 07:12:12,19.4425,-155.4692,9.01,1.65,19.2544,0,4570,6.72,5290,6.72,5290,6.72
1985-12-06 12:56:31,19.3665,-155.5063,9.42,1.76,23.7861,0,4570,6.72,5291,6.72,5291,6.72
1985-12-07 08:39:07,19.312,-155.2233,4.84,1.61,13.8404,0,4569,6.72,5292,6.72,5292,6.72
1985-12-07 10:53:15,19.379,-155.3455,8.6,1.75,7.7105,0,4570,6.72,5293,6.72,5293,6.72
1985-12-07 13:08:08,19.3253,-155.1732,6.85,1.75,15.9921,0,4571,6.72,5294,6.72,5294,6.72
1985-12-07 13:26:04,19.3335,-155.201,6.16,1.83,13.2683,0,4572,6.72,5295,6.72,5295,6.72
1985-12-08 05:38:27,19.3288,-155.201,6.9,1.61,13.6562,0,4573,6.72,5296,6.72,5296,6.72
1985-12-09 13:42:27,19.3,-155.2092,9.92,1.93,15.7367,0,4572,6.72,5297,6.72,5297,6.72
1985-12-09 15:02:00,19.3793,-155.4443,9.93,1.61,17.1368,0,4573,6.72,5298,6.72,5298,6.72
1985-12-09 19:28:01,19.3978,-155.505,9.45,1.55,23.0077,0,4574,6.72,5299,6.72,5299,6.72
1985-12-10 01:15:34,19.3352,-155.2197,6.76,1.69,11.8685,0,4573,6.72,5300,6.72,5300,6.72
1985-12-10 02:25:53,19.346,-155.4998,9.3,1.59,23.8278,0,4573,6.72,5301,6.72,5301,6.72
1985-12-10 11:24:58,19.3265,-155.2062,6.21,1.76,13.5003,0,4573,6.72,5302,6.72,5302,6.72
1985-12-10 14:57:46,19.3087,-155.215,6.67,2.09,14.5939,0,4572,6.72,5303,6.72,5303,6.72
1985-12-11 04:26:32,19.313,-155.5078,7.95,2.01,26.0904,0,4572,6.72,5304,6.72,5304,6.72
1985-12-11 13:42:50,19.3985,-155.2617,3.07,1.53,3.647,0,4571,6.72,5305,6.72,5305,6.72
1985-12-11 13:45:03,19.3995,-155.2635,3.38,1.63,3.4337,0,4572,6.72,5306,6.72,5306,6.72
1985-12-12 12:51:27,19.4328,-155.357,9.29,1.93,7.4566,0,4572,6.72,5307,6.72,5307,6.72
1985-12-12 19:22:19,19.3257,-155.1998,7.27,1.89,13.9989,0,4571,6.72,5308,6.72,5308,6.72
1985-12-12 21:54:11,19.4705,-155.446,6.22,2.64,17.5563,0,4571,6.72,5309,6.72,5309,6.72
1985-12-12 23:31:05,19.3795,-155.0385,6.56,1.6,26.4687,0,4572,6.72,5310,6.72,5310,6.72
1985-12-13 08:17:44,19.3628,-155.0448,9.0,3.54,26.2152,0,4571,6.72,5311,6.72,5311,6.72
1985-12-13 09:01:28,19.3778,-155.4212,10.02,1.82,14.872,0,4572,6.72,5312,6.72,5312,6.72
1985-12-13 10:07:08,19.3363,-155.2145,6.27,1.58,12.1054,0,4573,6.72,5313,6.72,5313,6.72
1985-12-13 14:29:10,19.3702,-155.0805,8.85,3.3,22.3834,0,4573,6.72,5314,6.72,5314,6.72
1985-12-13 17:53:19,19.3233,-155.1883,5.64,1.89,15.0074,0,4571,6.72,5315,6.72,5315,6.72
1985-12-13 23:20:57,19.3268,-155.1295,9.43,4.21,19.5623,0,4572,6.72,5316,6.72,5316,6.72
1985-12-14 07:32:54,19.3295,-155.1348,7.64,2.05,18.932,0,4572,6.72,5317,6.72,5317,6.72
1985-12-14 10:17:56,19.3728,-155.0763,7.15,1.65,22.7399,0,4573,6.72,5318,6.72,5318,6.72
1985-12-14 16:33:20,19.3463,-155.4772,10.15,1.56,21.6103,0,4574,6.72,5319,6.72,5319,6.72
1985-12-14 17:50:40,19.3217,-155.2273,7.6,1.69,12.6941,0,4574,6.72,5320,6.72,5320,6.72
1985-12-14 20:08:01,19.3762,-155.3477,10.31,2.57,8.0835,0,4573,6.72,5321,6.72,5321,6.72
1985-12-15 03:04:21,19.3893,-155.3543,9.65,1.91,7.8892,0,4573,6.72,5322,6.72,5322,6.72
1985-12-15 03:26:32,19.3978,-155.2693,2.65,1.53,3.1783,0,4573,6.72,5323,6.72,5323,6.72
1985-12-15 05:49:35,19.271,-155.3847,7.35,1.66,19.577,0,4571,6.72,5324,6.72,5324,6.72
1985-12-15 14:49:30,19.3307,-155.2027,6.78,1.82,13.3798,0,4563,6.72,5325,6.72,5325,6.72
1985-12-15 19:28:48,19.3402,-155.1937,7.66,2.81,13.2855,0,4563,6.72,5326,6.72,5326,6.72
1985-12-16 02:29:54,19.2758,-155.4788,7.95,2.01,25.7989,0,4563,6.72,5327,6.72,5327,6.72
1985-12-16 04:59:19,19.3995,-155.4473,10.33,1.92,16.9803,0,4564,6.72,5328,6.72,5328,6.72
1985-12-16 11:53:26,19.3978,-155.2613,3.2,1.53,3.7311,0,4562,6.72,5329,6.72,5329,6.72
1985-12-16 13:13:36,19.336,-155.179,8.74,1.62,14.7539,0,4563,6.72,5330,6.72,5330,6.72
1985-12-16 23:13:35,19.459,-155.4862,9.87,2.88,21.3101,0,4564,6.72,5331,6.72,5331,6.72
1985-12-17 07:58:07,19.4192,-155.3282,6.08,2.57,4.3249,0,4565,6.72,5332,6.72,5332,6.72
1985-12-17 13:45:54,19.4285,-155.5097,9.47,2.31,23.3682,0,4566,6.72,5333,6.72,5333,6.72
1985-12-17 20:46:48,19.393,-155.341,9.58,1.56,6.4625,0,4567,6.72,5334,6.72,5334,6.72
1985-12-18 03:24:13,19.323,-155.2187,6.53,1.6,13.0415,0,4568,6.72,5335,6.72,5335,6.72
1985-12-18 13:13:39,19.3328,-155.186,8.01,1.58,14.4372,0,4566,6.72,5336,6.72,5336,6.72
1985-12-18 14:11:48,19.3172,-155.2018,4.4,1.6,14.598,0,4567,6.72,5337,6.72,5337,6.72
1985-12-19 05:43:13,19.4453,-155.501,3.62,1.64,22.6019,0,4564,6.72,5338,6.72,5338,6.72
1985-12-19 17:04:09,19.318,-155.2235,4.94,1.6,13.2494,0,4562,6.72,5339,6.72,5339,6.72
1985-12-19 23:20:46,19.3597,-155.4957,9.57,1.57,22.9265,0,4561,6.72,5340,6.72,5340,6.72
1985-12-20 05:24:50,19.341,-155.1912,7.68,1.82,13.4207,0,4562,6.72,5341,6.72,5341,6.72
1985-12-20 09:21:59,19.3063,-155.22,5.83,1.62,14.5626,0,4562,6.72,5342,6.72,5342,6.72
1985-12-20 13:14:37,19.3433,-155.172,6.5,1.57,14.8378,0,4563,6.72,5343,6.72,5343,6.72
1985-12-20 14:49:09,19.4418,-155.4807,9.44,1.84,20.4426,0,4563,6.72,5344,6.72,5344,6.72
1985-12-20 15:04:14,19.339,-155.1955,9.09,1.8,13.2386,0,4564,6.72,5345,6.72,5345,6.72
1985-12-21 03:17:44,19.4558,-155.4253,4.78,1.89,15.0088,0,4565,6.72,5346,6.72,5346,6.72
1985-12-21 07:31:46,19.39,-155.1873,0.57,1.79,11.0101,0,4564,6.72,5347,6.72,5347,6.72
1985-12-21 12:42:28,19.3583,-155.5038,8.84,2.25,23.7843,0,4560,6.72,5348,6.72,5348,6.72
1985-12-21 15:37:09,19.333,-155.1318,7.45,2.27,18.9945,0,4560,6.72,5349,6.72,5349,6.72
1985-12-21 19:10:14,19.3657,-155.4742,9.49,2.75,20.5747,0,4561,6.72,5350,6.72,5350,6.72
1985-12-21 21:09:30,19.3422,-155.1915,7.39,2.35,13.3089,0,4562,6.72,5351,6.72,5351,6.72
1985-12-23 16:38:35,19.3555,-155.0113,8.86,3.3,29.8213,0,4562,6.72,5352,6.72,5352,6.72
1985-12-23 16:46:50,19.3507,-155.011,6.7,1.55,29.9869,0,4563,6.72,5353,6.72,5353,6.72
1985-12-24 07:34:48,19.4327,-155.46,6.89,1.65,18.1878,0,4564,6.72,5354,6.72,5354,6.72
1985-12-24 08:28:48,19.376,-155.4822,9.85,1.73,21.0754,0,4565,6.72,5355,6.72,5355,6.72
1985-12-24 13:54:19,19.3225,-155.2002,6.0,1.59,14.2433,0,4565,6.72,5356,6.72,5356,6.72
1985-12-25 00:00:14,19.3422,-155.1275,8.17,2.93,18.8863,0,4566,6.72,5357,6.72,5357,6.72
1985-12-25 16:35:10,19.3885,-155.0437,7.69,2.29,25.7718,0,4565,6.72,5358,6.72,5358,6.72
1985-12-25 21:04:45,19.35,-155.2165,8.18,1.53,10.8173,0,4564,6.72,5359,6.72,5359,6.72
1985-12-26 08:55:33,19.4147,-155.3262,6.25,1.55,4.1699,0,4565,6.72,5360,6.72,5360,6.72
1985-12-26 19:49:34,19.3238,-155.1843,9.2,1.59,15.2605,0,4565,6.72,5361,6.72,5361,6.72
1985-12-26 19:54:18,19.3418,-155.215,9.03,2.72,11.6016,0,4566,6.72,5362,6.72,5362,6.72
1985-12-27 10:42:39,19.3035,-155.4998,6.47,1.83,25.866,0,4563,6.72,5363,6.72,5363,6.72
1985-12-28 00:53:41,19.3163,-155.2283,6.79,1.78,13.1704,0,4559,6.72,5364,6.72,5364,6.72
1985-12-28 02:09:11,19.493,-155.4538,13.2,1.75,19.2334,0,4560,6.72,5365,6.72,5365,6.72
1985-12-28 20:35:00,19.3423,-155.1875,8.63,1.85,13.6204,0,4560,6.72,5366,6.72,5366,6.72
1986-01-01 12:10:55,19.4287,-155.3345,2.45,1.91,5.0539,1,4551,6.72,5367,6.72,5367,6.72
1986-01-01 15:12:05,19.4303,-155.3272,7.31,1.62,4.3403,1,4551,6.72,5368,6.72,5368,6.72
1986-01-02 06:20:04,19.4012,-155.2665,2.81,2.18,3.0774,1,4549,6.72,5369,6.72,5369,6.72
1986-01-02 07:10:05,19.4302,-155.3292,6.46,1.88,4.5418,1,4550,6.72,5370,6.72,5370,6.72
1986-01-02 14:09:40,19.478,-155.446,0.83,2.07,17.835,1,4550,6.72,5371,6.72,5371,6.72
1986-01-02 14:42:45,19.4288,-155.3167,9.03,1.54,3.2328,1,4551,6.72,5372,6.72,5372,6.72
1986-01-02 16:48:20,19.3807,-155.2992,4.06,1.91,4.6601,1,4551,6.72,5373,6.72,5373,6.72
1986-01-02 17:38:32,19.4782,-155.3257,4.35,2.16,7.5444,1,4552,6.72,5374,6.72,5374,6.72
1986-01-02 21:52:26,19.3963,-155.3162,2.82,2.01,4.1133,1,4553,6.72,5375,6.72,5375,6.72
1986-01-03 00:23:44,19.4032,-155.335,3.57,2.15,5.4088,1,4554,6.72,5376,6.72,5376,6.72
1986-01-03 06:38:55,19.4312,-155.325,4.59,1.66,4.1429,1,4555,6.72,5377,6.72,5377,6.72
1986-01-03 10:20:56,19.4837,-155.4613,5.36,2.51,19.5595,1,4556,6.72,5378,6.72,5378,6.72
1986-01-03 11:34:20,19.4897,-155.4572,7.77,3.36,19.4109,1,4557,6.72,5379,6.72,5379,6.72
1986-01-03 13:23:09,19.4843,-155.4567,4.56,1.6,19.134,1,4558,6.72,5380,6.72,5380,6.72
1986-01-04 00:47:45,19.4158,-155.3267,7.23,1.61,4.203,1,4559,6.72,5381,6.72,5381,6.72
1986-01-04 01:05:34,19.3415,-155.1348,7.23,2.26,18.2491,1,4560,6.72,5382,6.72,5382,6.72
1986-01-04 01:29:17,19.4147,-155.285,2.16,1.72,0.7313,1,4561,6.72,5383,6.72,5383,6.72
1986-01-04 08:51:19,19.4813,-155.3723,15.27,1.64,11.1777,1,4559,6.72,5384,6.72,5384,6.72
1986-01-04 10:43:59,19.4903,-155.1468,6.12,1.9,16.597,1,4559,6.72,5385,6.72,5385,6.72
1986-01-04 13:43:57,19.404,-155.2873,9.9,1.7,1.8905,1,4560,6.72,5386,6.72,5386,6.72
1986-01-04 17:15:02,19.3408,-155.1957,7.95,2.17,13.0862,1,4561,6.72,5387,6.72,5387,6.72
1986-01-04 18:22:30,19.3198,-155.2277,5.45,1.9,12.8579,1,4562,6.72,5388,6.72,5388,6.72
1986-01-05 02:28:38,19.5505,-155.2332,6.03,1.57,15.4649,1,4559,6.72,5389,6.72,5389,6.72
1986-01-05 04:54:29,19.33,-155.1905,6.52,1.56,14.3129,1,4560,6.72,5390,6.72,5390,6.72
1986-01-05 06:17:36,19.5267,-155.4478,5.83,1.64,20.5499,1,4561,6.72,5391,6.72,5391,6.72
1986-01-05 14:50:40,19.3838,-155.2503,27.76,1.84,5.6504,1,4561,6.72,5392,6.72,5392,6.72
1986-01-05 18:35:11,19.3987,-155.2845,2.08,1.6,2.4934,1,4561,6.72,5393,6.72,5393,6.72
1986-01-05 18:44:04,19.628,-155.2133,12.41,2.12,24.2789,1,4562,6.72,5394,6.72,5394,6.72
1986-01-05 20:40:59,19.4738,-155.4052,11.55,1.9,13.7135,1,4563,6.72,5395,6.72,5395,6.72
1986-01-05 21:46:33,19.4317,-155.4983,11.21,1.7,22.1895,1,4563,6.72,5396,6.72,5396,6.72
1986-01-06 00:07:19,19.3393,-155.1642,5.79,1.58,15.7625,1,4564,6.72,5397,6.72,5397,6.72
1986-01-06 00:50:25,19.4003,-155.3623,9.99,1.9,8.2254,1,4565,6.72,5398,6.72,5398,6.72
1986-01-06 06:30:31,19.402,-155.3645,10.82,1.81,8.3976,1,4565,6.72,5399,6.72,5399,6.72
1986-01-06 09:10:09,19.4248,-155.5002,11.81,1.71,22.3613,1,4566,6.72,5400,6.72,5400,6.72
1986-01-06 10:41:40,19.3287,-155.2047,6.72,1.59,13.4115,1,4567,6.72,5401,6.72,5401,6.72
1986-01-06 11:53:51,19.3755,-155.4993,9.97,1.75,22.8339,1,4568,6.72,5402,6.72,5402,6.72
1986-01-08 08:43:25,19.3535,-155.1192,7.59,1.85,19.1343,1,4558,6.72,5403,6.72,5403,6.72
1986-01-08 14:16:45,19.3592,-155.0342,5.87,1.84,27.3919,1,4558,6.72,5404,6.72,5404,6.72
1986-01-09 01:43:39,19.3332,-155.5053,7.07,2.0,24.8929,1,4555,6.72,5405,6.72,5405,6.72
1986-01-09 04:30:33,19.3238,-155.1453,6.38,1.58,18.3785,1,4555,6.72,5406,6.72,5406,6.72
1986-01-09 08:41:57,19.4822,-155.4515,6.27,1.61,18.5413,1,4556,6.72,5407,6.72,5407,6.72
1986-01-09 10:13:07,19.3888,-155.3397,10.37,1.77,6.5852,1,4557,6.72,5408,6.72,5408,6.72
1986-01-09 12:19:59,19.4865,-155.4357,6.01,1.59,17.2078,1,4557,6.72,5409,6.72,5409,6.72
1986-01-09 16:32:00,19.4467,-155.4942,12.11,1.71,21.9138,1,4556,6.72,5410,6.72,5410,6.72
1986-01-10 10:27:52,19.3753,-155.0218,0.01,1.52,28.2755,1,4553,6.72,5411,6.72,5411,6.72
1986-01-10 11:27:07,19.3593,-155.0443,8.45,2.74,26.3649,1,4554,6.72,5412,6.72,5412,6.72
1986-01-10 12:52:09,19.4647,-155.3917,9.38,1.53,12.0053,1,4555,6.72,5413,6.72,5413,6.72
1986-01-10 14:24:04,19.4437,-155.4998,9.31,1.68,22.4564,1,4556,6.72,5414,6.72,5414,6.72
1986-01-10 15:39:31,19.2982,-155.4665,8.95,1.7,23.2603,1,4557,6.72,5415,6.72,5415,6.72
1986-01-11 02:23:36,19.305,-155.207,9.54,1.61,15.3886,1,4556,6.72,5416,6.72,5416,6.72
1986-01-11 08:09:45,19.3667,-155.0535,4.78,1.83,25.2243,1,4557,6.72,5417,6.72,5417,6.72
1986-01-11 11:42:15,19.3412,-155.0983,7.89,1.86,21.6916,1,4557,6.72,5418,6.72,5418,6.72
1986-01-11 13:50:34,19.3715,-155.4865,10.11,1.69,21.6359,1,4558,6.72,5419,6.72,5419,6.72
1986-01-11 13:52:08,19.3728,-155.0653,6.33,1.82,23.8626,1,4559,6.72,5420,6.72,5420,6.72
1986-01-11 17:31:18,19.4822,-155.4653,10.22,1.62,19.8943,1,4560,6.72,5421,6.72,5421,6.72
1986-01-11 18:20:52,19.4047,-155.2832,13.89,1.83,1.8558,1,4561,6.72,5422,6.72,5422,6.72
1986-01-12 07:50:26,19.4298,-155.4953,12.36,1.7,21.8651,1,4561,6.72,5423,6.72,5423,6.72
1986-01-12 08:25:48,19.4752,-155.412,3.64,2.17,14.4254,1,4562,6.72,5424,6.72,5424,6.72
1986-01-12 15:21:52,19.4395,-155.475,9.55,1.66,19.8208,1,4562,6.72,5425,6.72,5425,6.72
1986-01-12 21:29:03,19.473,-155.4425,3.39,1.57,17.2991,1,4563,6.72,5426,6.72,5426,6.72
1986-01-12 22:33:18,19.3642,-155.1065,7.98,1.83,19.958,1,4564,6.72,5427,6.72,5427,6.72
1986-01-12 23:22:33,19.3635,-155.5015,9.75,2.06,23.3888,1,4565,6.72,5428,6.72,5428,6.72
1986-01-13 03:55:01,19.3943,-155.2872,22.9,1.75,2.9689,1,4565,6.72,5429,6.72,5429,6.72
1986-01-13 06:36:48,19.47,-155.4165,9.97,2.84,14.6305,1,4565,6.72,5430,6.72,5430,6.72
1986-01-13 08:43:09,19.45,-155.211,13.11,1.58,8.5972,1,4566,6.72,5431,6.72,5431,6.72
1986-01-13 19:54:02,19.4878,-155.4353,5.57,1.58,17.2316,1,4566,6.72,5432,6.72,5432,6.72
1986-01-14 03:53:54,19.3838,-155.0332,7.47,1.99,26.9383,1,4565,6.72,5433,6.72,5433,6.72
1986-01-14 15:27:53,19.339,-155.1968,7.43,1.87,13.1401,1,4566,6.72,5434,6.72,5434,6.72
1986-01-14 18:18:06,19.3367,-155.1937,7.66,2.18,13.5518,1,4567,6.72,5435,6.72,5435,6.72
1986-01-15 00:35:04,19.2918,-155.2183,5.71,1.93,16.073,1,4567,6.72,5436,6.72,5436,6.72
1986-01-15 00:50:57,19.2682,-155.2262,4.33,1.51,18.1486,1,4568,6.72,5437,6.72,5437,6.72
1986-01-15 10:25:07,19.3132,-155.2473,9.17,2.74,12.6897,1,4568,6.72,5438,6.72,5438,6.72
1986-01-16 02:58:38,19.3662,-155.0715,8.97,2.38,23.4101,1,4566,6.72,5439,6.72,5439,6.72
1986-01-16 03:07:45,19.3507,-155.0357,6.25,1.55,27.494,1,4567,6.72,5440,6.72,5440,6.72
1986-01-16 06:37:07,19.3742,-155.4453,10.03,1.99,17.3992,1,4568,6.72,5441,6.72,5441,6.72
1986-01-17 22:53:51,19.3502,-155.0783,7.54,2.5,23.2635,1,4559,6.72,5442,6.72,5442,6.72
1986-01-17 23:48:32,19.3797,-155.0768,9.41,3.55,22.5195,1,4560,6.72,5443,6.72,5443,6.72
1986-01-17 23:52:16,19.371,-155.0638,8.43,2.89,24.0615,1,4561,6.72,5444,6.72,5444,6.72
1986-01-18 04:26:31,19.3293,-155.1793,6.79,1.58,15.2187,1,4562,6.72,5445,6.72,5445,6.72
1986-01-18 06:37:52,19.298,-155.2578,7.19,1.94,14.0158,1,4563,6.72,5446,6.72,5446,6.72
1986-01-18 15:20:36,19.3075,-155.2192,4.41,1.61,14.4869,1,4561,6.72,5447,6.72,5447,6.72
1986-01-19 04:17:14,19.3632,-155.4985,10.1,1.76,23.0955,1,4561,6.72,5448,6.72,5448,6.72
1986-01-19 07:22:34,19.3418,-155.1002,7.77,2.59,21.4825,1,4562,6.72,5449,6.72,5449,6.72
1986-01-19 21:42:51,19.4202,-155.3163,5.47,1.54,3.0737,1,4559,6.72,5450,6.72,5450,6.72
1986-01-20 19:25:18,19.4742,-155.4557,2.22,1.6,18.6511,1,4553,6.72,5451,6.72,5451,6.72
1986-01-21 02:34:37,19.326,-155.1912,5.92,1.51,14.5801,1,4553,6.72,5452,6.72,5452,6.72
1986-01-21 07:08:00,19.3287,-155.1493,6.54,1.57,17.7196,1,4553,6.72,5453,6.72,5453,6.72
1986-01-21 15:48:11,19.3385,-155.2233,6.93,1.58,11.3492,1,4552,6.72,5454,6.72,5454,6.72
1986-01-23 10:42:30,19.348,-155.2508,9.15,1.59,8.9615,1,4548,6.72,5455,6.72,5455,6.72
1986-01-23 11:13:42,19.356,-155.063,2.29,1.83,24.582,1,4549,6.72,5456,6.72,5456,6.72
1986-01-23 22:35:58,19.3412,-155.1948,9.57,3.52,13.1253,1,4549,6.72,5457,6.72,5457,6.72
1986-01-24 00:06:10,19.3377,-155.1868,0.01,2.34,14.0096,1,4550,6.72,5458,6.72,5458,6.72
1986-01-24 06:37:03,19.4375,-155.4797,9.47,1.97,20.2899,1,4550,6.72,5459,6.72,5459,6.72
1986-01-24 09:06:29,19.3768,-155.43,10.42,1.98,15.7826,1,4551,6.72,5460,6.72,5460,6.72
1986-01-24 18:55:43,19.2798,-155.239,7.41,2.54,16.4886,1,4552,6.72,5461,6.72,5461,6.72
1986-01-24 20:56:58,19.3318,-155.2077,11.24,1.57,12.9451,1,4553,6.72,5462,6.72,5462,6.72
1986-01-25 03:08:29,19.3577,-155.1113,8.52,1.84,19.7275,1,4554,6.72,5463,6.72,5463,6.72
1986-01-25 06:52:12,19.3698,-155.0815,7.61,2.23,22.2932,1,4552,6.72,5464,6.72,5464,6.72
1986-01-25 08:05:02,19.3753,-155.4482,10.45,1.7,17.654,1,4553,6.72,5465,6.72,5465,6.72
1986-01-25 13:01:21,19.3162,-155.2592,7.03,1.62,12.0126,1,4554,6.72,5466,6.72,5466,6.72
1986-01-25 14:50:06,19.4683,-155.2282,29.05,2.08,8.1042,1,4555,6.72,5467,6.72,5467,6.72
1986-01-25 17:41:34,19.3377,-155.2138,7.24,2.06,12.0314,1,4556,6.72,5468,6.72,5468,6.72
1986-01-26 08:07:05,19.2998,-155.2498,7.2,1.64,14.0305,1,4556,6.72,5469,6.72,5469,6.72
1986-01-26 16:14:41,19.4215,-155.3197,7.91,1.85,3.4294,1,4555,6.72,5470,6.72,5470,6.72
1986-01-27 05:02:58,19.4002,-155.2622,2.88,2.73,3.4807,1,4554,6.72,5471,6.72,5471,6.72
1986-01-27 12:56:53,19.3583,-155.042,5.96,1.84,26.6268,1,4555,6.72,5472,6.72,5472,6.72
1986-01-27 13:14:12,19.3392,-155.2028,8.0,2.18,12.6784,1,4556,6.72,5473,6.72,5473,6.72
1986-01-27 23:36:28,19.3233,-155.2253,8.48,3.82,12.6457,1,4557,6.72,5474,6.72,5474,6.72
1986-01-27 23:37:57,19.316,-155.2245,7.47,2.61,13.3905,1,4558,6.72,5475,6.72,5475,6.72
1986-01-27 23:41:01,19.3225,-155.2297,4.93,1.6,12.4937,1,4559,6.72,5476,6.72,5476,6.72
1986-01-27 23:59:22,19.3143,-155.2243,7.86,1.61,13.5658,1,4560,6.72,5477,6.72,5477,6.72
1986-01-28 04:02:23,19.4735,-155.4675,8.38,1.62,19.8053,1,4561,6.72,5478,6.72,5478,6.72
1986-01-28 11:41:41,19.3347,-155.1955,0.36,2.42,13.5724,1,4562,6.72,5479,6.72,5479,6.72
1986-01-28 11:54:09,19.3308,-155.186,6.87,1.58,14.5893,1,4563,6.72,5480,6.72,5480,6.72
1986-01-28 13:50:40,19.3807,-155.5065,9.84,2.05,23.4532,1,4564,6.72,5481,6.72,5481,6.72
1986-01-28 15:03:24,19.4022,-155.2687,2.82,2.58,2.838,1,4565,6.72,5482,6.72,5482,6.72
1986-01-28 22:32:53,19.3673,-155.4622,9.91,2.32,19.3214,1,4566,6.72,5483,6.72,5483,6.72
1986-01-29 06:07:20,19.389,-155.2688,0.89,1.54,4.038,1,4566,6.72,5484,6.72,5484,6.72
1986-01-30 06:46:40,19.3673,-155.4415,10.06,1.7,17.2696,1,4565,6.72,5485,6.72,5485,6.72
1986-01-30 07:39:12,19.3297,-155.2282,9.19,2.44,11.879,1,4565,6.72,5486,6.72,5486,6.72
1986-01-30 12:57:35,19.3423,-155.1318,7.6,1.56,18.4827,1,4565,6.72,5487,6.72,5487,6.72
1986-01-30 15:10:09,19.3167,-155.2248,8.7,2.85,13.3072,1,4566,6.72,5488,6.72,5488,6.72
1986-01-30 15:18:28,19.3102,-155.2185,8.0,1.61,14.263,1,4567,6.72,5489,6.72,5489,6.72
1986-01-30 15:42:00,19.3178,-155.2203,1.65,1.6,13.4403,1,4568,6.72,5490,6.72,5490,6.72
1986-01-30 16:06:28,19.305,-155.2212,6.15,1.62,14.6296,1,4569,6.72,5491,6.72,5491,6.72
1986-01-30 16:54:34,19.3235,-155.1912,7.22,1.89,14.7828,1,4570,6.72,5492,6.72,5492,6.72
1986-01-30 19:20:36,19.3503,-155.0402,5.79,2.02,27.0547,1,4571,6.72,5493,6.72,5493,6.72
1986-01-30 19:34:09,19.3652,-155.0437,0.82,1.83,26.2625,1,4572,6.72,5494,6.72,5494,6.72
1986-01-31 09:34:07,19.3013,-155.5142,8.51,2.15,27.2991,1,4568,6.72,5495,6.72,5495,6.72
1986-01-31 11:02:27,19.3288,-155.127,8.5,2.42,19.6674,1,4569,6.72,5496,6.72,5496,6.72
1986-01-31 12:29:31,19.3703,-155.0723,8.36,2.37,23.2139,1,4570,6.72,5497,6.72,5497,6.72
1986-01-31 13:56:07,19.3327,-155.148,7.21,1.57,17.5785,1,4571,6.72,5498,6.72,5498,6.72
1986-02-01 07:43:16,19.394,-155.4325,10.94,1.66,15.5518,1,4571,6.72,5499,6.72,5499,6.72
1986-02-01 10:51:43,19.4735,-155.4613,6.81,2.31,19.185,1,4572,6.72,5500,6.72,5500,6.72
1986-02-01 14:15:23,19.3222,-155.1948,6.27,2.07,14.637,1,4573,6.72,5501,6.72,5501,6.72
1986-02-01 17:38:38,19.354,-155.4968,9.84,2.07,23.2325,1,4574,6.72,5502,6.72,5502,6.72
1986-02-01 17:56:30,19.3715,-155.3165,29.47,1.55,6.314,1,4575,6.72,5503,6.72,5503,6.72
1986-02-02 01:35:27,19.444,-155.3683,9.66,2.04,8.9003,1,4575,6.72,5504,6.72,5504,6.72
1986-02-02 21:51:44,19.4258,-155.3367,8.3,2.03,5.2389,1,4573,6.72,5505,6.72,5505,6.72
1986-02-03 06:35:55,19.4377,-155.48,9.53,2.27,20.3232,1,4573,6.72,5506,6.72,5506,6.72
1986-02-03 11:01:22,19.357,-155.022,7.0,4.0,28.6923,1,4574,6.72,5507,6.72,5507,6.72
1986-02-03 11:40:58,19.3383,-155.22,7.78,1.58,11.574,1,4575,6.72,5508,6.72,5508,6.72
1986-02-03 18:04:52,19.363,-155.0823,5.87,1.83,22.4183,1,4576,6.72,5509,6.72,5509,6.72
1986-02-03 20:03:57,19.3798,-155.0385,6.22,1.52,26.4628,1,4577,6.72,5510,6.72,5510,6.72
1986-02-03 21:01:22,19.3545,-155.0232,8.26,3.49,28.6411,1,4578,6.72,5511,6.72,5511,6.72
1986-02-04 01:05:13,19.4103,-155.2812,7.5,1.84,1.3363,1,4577,6.72,5512,6.72,5512,6.72
1986-02-04 02:22:48,19.4665,-155.4532,9.01,2.63,18.1459,1,4577,6.72,5513,6.72,5513,6.72
1986-02-04 03:37:39,19.3712,-155.4828,9.0,1.73,21.2695,1,4576,6.72,5514,6.72,5514,6.72
1986-02-04 04:52:53,19.4065,-155.269,11.48,1.54,2.4827,1,4577,6.72,5515,6.72,5515,6.72
1986-02-04 04:54:27,19.4762,-155.2362,20.35,2.5,8.127,1,4578,6.72,5516,6.72,5516,6.72
1986-02-04 07:23:19,19.4023,-155.2892,9.87,1.85,2.092,1,4579,6.72,5517,6.72,5517,6.72
1986-02-04 08:44:13,19.4322,-155.272,14.84,1.54,2.0065,1,4580,6.72,5518,6.72,5518,6.72
1986-02-04 08:45:42,19.3373,-155.0632,7.99,2.5,25.2533,1,4581,6.72,5519,6.72,5519,6.72
1986-02-04 11:52:53,19.4205,-155.2818,9.08,1.53,0.5484,1,4581,6.72,5520,6.72,5520,6.72
1986-02-04 13:11:02,19.4048,-155.2715,11.43,1.55,2.4265,1,4582,6.72,5521,6.72,5521,6.72
1986-02-04 15:53:15,19.4058,-155.309,11.29,1.87,2.8598,1,4582,6.72,5522,6.72,5522,6.72
1986-02-04 16:52:43,19.4168,-155.2953,9.61,1.57,0.9875,1,4583,6.72,5523,6.72,5523,6.72
1986-02-04 16:59:55,19.4467,-155.298,16.59,1.55,3.0817,1,4584,6.72,5524,6.72,5524,6.72
1986-02-04 17:17:04,19.401,-155.2975,10.89,1.58,2.4814,1,4585,6.72,5525,6.72,5525,6.72
1986-02-04 18:57:36,19.4048,-155.3278,9.61,1.57,4.6423,1,4585,6.72,5526,6.72,5526,6.72
1986-02-04 18:58:37,19.3885,-155.326,13.79,1.6,5.4578,1,4586,6.72,5527,6.72,5527,6.72
1986-02-04 19:08:08,19.3818,-155.2758,8.41,1.56,4.5144,1,4587,6.72,5528,6.72,5528,6.72
1986-02-04 19:28:59,19.3935,-155.3142,15.6,1.59,4.1817,1,4588,6.72,5529,6.72,5529,6.72
1986-02-04 19:31:17,19.3797,-155.2962,6.95,1.57,4.6925,1,4589,6.72,5530,6.72,5530,6.72
1986-02-04 19:59:34,19.4592,-155.3358,5.28,1.52,6.6501,1,4590,6.72,5531,6.72,5531,6.72
1986-02-04 20:15:54,19.383,-155.3173,3.92,1.58,5.2868,1,4591,6.72,5532,6.72,5532,6.72
1986-02-04 20:48:57,19.3507,-155.3337,6.82,1.62,9.2248,1,4592,6.72,5533,6.72,5533,6.72
1986-02-04 20:56:33,19.5458,-155.2375,23.97,3.63,14.8157,1,4593,6.72,5534,6.72,5534,6.72
1986-02-04 21:39:35,19.2292,-155.4692,8.33,2.53,28.6416,1,4594,6.72,5535,6.72,5535,6.72
1986-02-06 07:25:57,19.3728,-155.4425,10.07,2.69,17.1672,1,4590,6.72,5536,6.72,5536,6.72
1986-02-06 09:03:47,19.343,-155.1263,7.17,1.56,18.957,1,4590,6.72,5537,6.72,5537,6.72
1986-02-06 09:55:00,19.3737,-155.4488,9.96,2.17,17.7662,1,4591,6.72,5538,6.72,5538,6.72
1986-02-06 22:12:30,19.4645,-155.4032,8.98,2.05,13.1088,1,4592,6.72,5539,6.72,5539,6.72
1986-02-06 23:02:48,19.392,-155.2492,12.48,1.55,5.1104,1,4592,6.72,5540,6.72,5540,6.72
1986-02-07 09:45:31,19.3277,-155.2162,7.2,1.59,12.7589,1,4592,6.72,5541,6.72,5541,6.72
1986-02-07 18:07:44,19.4208,-155.2803,11.72,1.54,0.7032,1,4590,6.72,5542,6.72,5542,6.72
1986-02-07 21:57:33,19.4267,-155.2807,12.69,1.54,0.9158,1,4591,6.72,5543,6.72,5543,6.72
1986-02-08 06:38:17,19.326,-155.1227,7.29,1.57,20.2147,1,4592,6.72,5544,6.72,5544,6.72
1986-02-08 09:04:40,19.3635,-155.3215,6.65,1.9,7.3465,1,4593,6.72,5545,6.72,5545,6.72
1986-02-08 09:18:41,19.4095,-155.2825,12.69,1.55,1.3631,1,4594,6.72,5546,6.72,5546,6.72
1986-02-08 12:07:07,19.3522,-155.1838,8.22,2.56,13.2553,1,4595,6.72,5547,6.72,5547,6.72
1986-02-08 20:29:00,19.3382,-155.0718,6.08,2.03,24.379,1,4596,6.72,5548,6.72,5548,6.72
1986-02-08 20:49:21,19.3907,-155.3093,3.38,1.65,4.1012,1,4597,6.72,5549,6.72,5549,6.72
1986-02-09 01:10:33,19.416,-155.2942,5.82,1.53,0.9374,1,4592,6.72,5550,6.72,5550,6.72
1986-02-09 11:15:52,19.4105,-155.2782,12.43,1.85,1.4884,1,4591,6.72,5551,6.72,5551,6.72
1986-02-09 11:44:24,19.3283,-155.2053,7.61,1.59,13.4053,1,4592,6.72,5552,6.72,5552,6.72
1986-02-09 17:39:30,19.4092,-155.2598,16.57,1.56,3.14,1,4592,6.72,5553,6.72,5553,6.72
1986-02-10 01:56:03,19.4437,-155.2887,6.87,1.81,2.5304,1,4591,6.72,5554,6.72,5554,6.72
1986-02-10 06:58:46,19.3792,-155.2735,3.22,1.55,4.8589,1,4592,6.72,5555,6.72,5555,6.72
1986-02-10 09:17:29,19.2965,-155.3525,6.52,1.7,15.4552,1,4593,6.72,5556,6.72,5556,6.72
1986-02-10 11:49:54,19.4172,-155.3345,10.37,1.57,4.9989,1,4594,6.72,5557,6.72,5557,6.72
1986-02-10 16:23:23,19.4575,-155.4965,9.63,1.97,22.3389,1,4594,6.72,5558,6.72,5558,6.72
1986-02-10 18:11:21,19.43,-155.2723,9.2,1.82,1.8381,1,4594,6.72,5559,6.72,5559,6.72
1986-02-11 07:56:25,19.4368,-155.2585,6.99,1.8,3.467,1,4592,6.72,5560,6.72,5560,6.72
1986-02-11 10:56:13,19.4422,-155.4843,9.24,1.67,20.8227,1,4593,6.72,5561,6.72,5561,6.72
1986-02-11 12:40:59,19.4487,-155.2732,10.87,1.51,3.4032,1,4594,6.72,5562,6.72,5562,6.72
1986-02-11 16:51:49,19.4483,-155.2538,14.67,1.82,4.6192,1,4595,6.72,5563,6.72,5563,6.72
1986-02-11 19:50:02,19.3437,-155.2168,4.65,1.57,11.3183,1,4596,6.72,5564,6.72,5564,6.72
1986-02-11 21:31:05,19.3898,-155.3167,0.48,1.57,4.6622,1,4597,6.72,5565,6.72,5565,6.72
1986-02-12 02:07:45,19.4127,-155.2753,14.23,1.55,1.5355,1,4597,6.72,5566,6.72,5566,6.72
1986-02-12 03:19:05,19.4153,-155.3317,5.73,2.68,4.7301,1,4598,6.72,5567,6.72,5567,6.72
1986-02-12 06:45:09,19.338,-155.1998,7.99,2.51,12.9941,1,4598,6.72,5568,6.72,5568,6.72
1986-02-12 08:08:13,19.3788,-155.058,5.39,1.81,24.4722,1,4598,6.72,5569,6.72,5569,6.72
1986-02-12 09:09:08,19.4507,-155.3047,23.54,1.59,3.7882,1,4599,6.72,5570,6.72,5570,6.72
1986-02-12 11:44:22,19.3998,-155.2633,3.23,1.53,3.4258,1,4600,6.72,5571,6.72,5571,6.72
1986-02-12 19:13:51,19.4805,-155.2333,6.39,1.75,8.6878,1,4598,6.72,5572,6.72,5572,6.72
1986-02-13 00:27:15,19.4427,-155.4817,9.22,1.97,20.5583,1,4596,6.72,5573,6.72,5573,6.72
1986-02-13 12:02:08,19.3668,-155.025,1.68,1.83,28.1334,1,4595,6.72,5574,6.72,5574,6.72
1986-02-14 03:49:40,19.4142,-155.3077,0.43,2.14,2.2985,1,4589,6.72,5575,6.72,5575,6.72
1986-02-14 07:04:27,19.4158,-155.3268,6.89,3.13,4.2134,1,4590,6.72,5576,6.72,5576,6.72
1986-02-14 11:40:53,19.3617,-155.0405,7.94,2.54,26.6825,1,4591,6.72,5577,6.72,5577,6.72
1986-02-14 12:42:26,19.3617,-155.1208,8.01,2.31,18.6379,1,4592,6.72,5578,6.72,5578,6.72
1986-02-14 14:25:27,19.3382,-155.1965,8.89,3.22,13.2245,1,4593,6.72,5579,6.72,5579,6.72
1986-02-14 23:01:30,19.299,-155.4597,10.46,1.79,22.6332,1,4594,6.72,5580,6.72,5580,6.72
1986-02-15 16:39:10,19.3613,-155.0445,6.58,1.84,26.2874,1,4593,6.72,5581,6.72,5581,6.72
1986-02-15 23:14:37,19.4452,-155.4855,9.55,1.97,20.9877,1,4593,6.72,5582,6.72,5582,6.72
1986-02-16 05:38:28,19.3112,-155.4327,10.33,2.45,19.5619,1,4594,6.72,5583,6.72,5583,6.72
1986-02-16 07:15:36,19.3285,-155.1277,6.24,1.57,19.6222,1,4595,6.72,5584,6.72,5584,6.72
1986-02-16 09:35:06,19.4448,-155.5007,9.53,1.68,22.5641,1,4596,6.72,5585,6.72,5585,6.72
1986-02-16 12:58:14,19.4118,-155.3172,5.95,1.55,3.3279,1,4596,6.72,5586,6.72,5586,6.72
1986-02-16 14:13:43,19.3787,-155.4413,9.83,1.68,16.8526,1,4597,6.72,5587,6.72,5587,6.72
1986-02-16 23:21:59,19.367,-155.0342,5.11,1.53,27.1867,1,4598,6.72,5588,6.72,5588,6.72
1986-02-17 00:52:44,19.3263,-155.1947,6.27,1.89,14.305,1,4599,6.72,5589,6.72,5589,6.72
1986-02-18 02:05:07,19.4373,-155.3502,7.98,1.55,6.8705,1,4594,6.72,5590,6.72,5590,6.72
1986-02-19 02:37:12,19.2952,-155.243,10.61,1.65,14.7303,1,4591,6.72,5591,6.72,5591,6.72
1986-02-19 12:02:49,19.3628,-155.1973,2.72,1.54,11.4194,1,4588,6.72,5592,6.72,5592,6.72
1986-02-20 07:17:48,19.3137,-155.1907,8.04,3.33,15.6336,1,4589,6.72,5593,6.72,5593,6.72
1986-02-20 16:34:06,19.3678,-155.0387,5.89,1.83,26.7066,1,4589,6.72,5594,6.72,5594,6.72
1986-02-20 20:06:59,19.324,-155.1693,7.46,1.58,16.3945,1,4590,6.72,5595,6.72,5595,6.72
1986-02-21 14:17:34,19.3737,-155.4518,10.32,2.0,18.067,1,4590,6.72,5596,6.72,5596,6.72
1986-02-21 18:42:14,19.2953,-155.34,7.46,1.69,15.0424,1,4589,6.72,5597,6.72,5597,6.72
1986-02-22 09:11:50,19.4037,-155.2573,2.72,2.51,3.6611,1,4587,6.72,5598,6.72,5598,6.72
1986-02-23 00:27:26,19.3148,-155.2607,6.4,1.62,12.1269,1,4587,6.72,5599,6.72,5599,6.72
1986-02-24 08:13:14,19.3332,-155.1967,6.07,2.08,13.6029,1,4583,6.72,5600,6.72,5600,6.72
1986-02-24 15:14:04,19.2677,-155.4665,10.36,2.27,25.4014,1,4581,6.72,5601,6.72,5601,6.72
1986-02-24 17:49:19,19.36,-155.0507,7.58,2.65,25.6966,1,4582,6.72,5602,6.72,5602,6.72
1986-02-24 20:14:29,19.3157,-155.2595,5.46,1.51,12.059,1,4583,6.72,5603,6.72,5603,6.72
1986-02-24 23:57:01,19.4282,-155.404,9.07,2.08,12.2951,1,4581,6.72,5604,6.72,5604,6.72
1986-02-25 06:20:05,19.4945,-155.4628,3.48,1.9,20.1621,1,4582,6.72,5605,6.72,5605,6.72
1986-02-25 08:47:52,19.327,-155.1367,5.47,1.57,18.9165,1,4582,6.72,5606,6.72,5606,6.72
1986-02-26 03:40:00,19.3302,-155.2083,7.75,2.55,13.042,1,4581,6.72,5607,6.72,5607,6.72
1986-02-27 00:54:36,19.3718,-155.0687,7.48,1.83,23.5409,1,4578,6.72,5608,6.72,5608,6.72
1986-02-27 03:30:38,19.4357,-155.278,6.6,1.51,1.8876,1,4579,6.72,5609,6.72,5609,6.72
1986-02-27 08:10:05,19.3457,-155.2203,6.84,1.87,10.9114,1,4580,6.72,5610,6.72,5610,6.72
1986-02-27 11:03:04,19.472,-155.4515,3.04,2.21,18.1562,1,4581,6.72,5611,6.72,5611,6.72
1986-02-28 00:11:00,19.3477,-155.1907,7.59,2.16,12.9795,1,4581,6.72,5612,6.72,5612,6.72
1986-02-28 00:20:15,19.3305,-155.256,8.06,1.91,10.5755,1,4582,6.72,5613,6.72,5613,6.72
1986-02-28 04:39:49,19.3703,-155.4573,9.8,2.01,18.7301,1,4583,6.72,5614,6.72,5614,6.72
1986-02-28 07:21:15,19.3212,-155.1905,8.15,3.55,15.0208,1,4584,6.72,5615,6.72,5615,6.72
1986-02-28 14:27:19,19.2838,-155.379,5.51,2.56,18.0526,1,4583,6.72,5616,6.72,5616,6.72
1986-02-28 22:57:32,19.3455,-155.102,7.42,1.85,21.1435,1,4583,6.72,5617,6.72,5617,6.72
1986-03-01 04:56:39,19.3237,-155.1215,8.49,2.53,20.4564,1,4584,6.72,5618,6.72,5618,6.72
1986-03-01 11:32:12,19.3167,-155.2318,7.78,2.63,12.9629,1,4585,6.72,5619,6.72,5619,6.72
1986-03-01 12:27:19,19.3565,-155.0983,7.52,2.72,21.0521,1,4586,6.72,5620,6.72,5620,6.72
1986-03-01 21:10:34,19.4038,-155.2927,16.34,3.47,2.0037,1,4587,6.72,5621,6.72,5621,6.72
1986-03-02 17:51:31,19.3568,-155.0388,7.68,2.45,26.9947,1,4584,6.72,5622,6.72,5622,6.72
1986-03-03 02:09:30,19.3095,-155.253,7.4,2.8,12.9011,1,4585,6.72,5623,6.72,5623,6.72
1986-03-03 04:58:10,19.3065,-155.2332,5.78,1.62,13.9268,1,4586,6.72,5624,6.72,5624,6.72
1986-03-03 06:43:17,19.3998,-155.438,9.41,1.66,16.0103,1,4587,6.72,5625,6.72,5625,6.72
1986-03-03 14:11:40,19.3315,-155.1337,8.32,2.35,18.9113,1,4588,6.72,5626,6.72,5626,6.72
1986-03-04 07:21:57,19.3475,-155.1032,6.98,2.03,20.9401,1,4584,6.72,5627,6.72,5627,6.72
1986-03-04 15:08:01,19.3448,-155.0503,6.87,1.85,26.2343,1,4585,6.72,5628,6.72,5628,6.72
1986-03-04 16:26:18,19.4425,-155.501,10.39,1.69,22.567,1,4586,6.72,5629,6.72,5629,6.72
1986-03-05 01:00:30,19.3362,-155.1793,8.42,1.57,14.7155,1,4586,6.72,5630,6.72,5630,6.72
1986-03-05 07:50:26,19.663,-155.3195,24.24,1.86,27.1238,1,4587,6.72,5631,6.72,5631,6.72
1986-03-05 13:44:13,19.3208,-155.1992,4.04,1.59,14.4558,1,4587,6.72,5632,6.72,5632,6.72
1986-03-06 04:14:33,19.368,-155.0433,6.53,1.83,26.2314,1,4585,6.72,5633,6.72,5633,6.72
1986-03-06 08:44:56,19.3422,-155.3492,29.47,2.57,10.9242,1,4585,6.72,5634,6.72,5634,6.72
1986-03-06 15:15:13,19.4072,-155.2788,13.93,1.56,1.7591,1,4586,6.72,5635,6.72,5635,6.72
1986-03-06 15:17:55,19.4418,-155.2735,9.97,1.51,2.7119,1,4587,6.72,5636,6.72,5636,6.72
1986-03-06 15:49:28,19.3862,-155.2912,9.09,1.57,3.8945,1,4588,6.72,5637,6.72,5637,6.72
1986-03-09 03:38:23,19.4572,-155.4733,9.06,1.64,19.9449,1,4579,6.72,5638,6.72,5638,6.72
1986-03-09 04:07:29,19.34,-155.1943,8.44,1.87,13.2543,1,4580,6.72,5639,6.72,5639,6.72
1986-03-09 04:22:33,19.284,-155.2105,7.37,1.94,17.2186,1,4581,6.72,5640,6.72,5640,6.72
1986-03-09 04:52:07,19.3177,-155.1873,4.28,1.59,15.5347,1,4582,6.72,5641,6.72,5641,6.72
1986-03-09 05:10:04,19.3225,-155.1982,3.47,1.59,14.3783,1,4583,6.72,5642,6.72,5642,6.72
1986-03-09 11:01:27,19.4783,-155.2243,10.53,2.24,9.1552,1,4584,6.72,5643,6.72,5643,6.72
1986-03-10 00:24:57,19.3685,-155.4808,9.82,2.04,21.1481,1,4585,6.72,5644,6.72,5644,6.72
1986-03-10 09:53:01,19.3402,-155.2062,8.59,2.18,12.3515,1,4586,6.72,5645,6.72,5645,6.72
1986-03-11 03:25:32,19.328,-155.2048,6.98,1.59,13.4645,1,4586,6.72,5646,6.72,5646,6.72
1986-03-11 10:50:56,19.3267,-155.2527,7.73,2.08,11.0859,1,4584,6.72,5647,6.72,5647,6.72
1986-03-11 11:42:12,19.4262,-155.367,10.88,1.88,8.4089,1,4585,6.72,5648,6.72,5648,6.72
1986-03-11 18:20:52,19.3297,-155.1863,7.87,1.88,14.651,1,4584,6.72,5649,6.72,5649,6.72
1986-03-11 20:49:40,19.378,-155.4508,9.84,2.3,17.8323,1,4585,6.72,5650,6.72,5650,6.72
1986-03-11 22:09:08,19.3107,-155.1988,6.0,2.08,15.3635,1,4584,6.72,5651,6.72,5651,6.72
1986-03-11 23:28:18,19.3517,-155.1108,7.58,2.15,20.024,1,4583,6.72,5652,6.72,5652,6.72
1986-03-12 22:29:35,19.3163,-155.2237,11.31,3.77,13.4028,1,4581,6.72,5653,6.72,5653,6.72
1986-03-12 22:33:52,19.3173,-155.2237,9.3,2.83,13.3063,1,4582,6.72,5654,6.72,5654,6.72
1986-03-12 22:55:39,19.2927,-155.223,8.52,2.12,15.7674,1,4583,6.72,5655,6.72,5655,6.72
1986-03-12 23:33:19,19.2993,-155.2235,6.49,1.69,15.0833,1,4584,6.72,5656,6.72,5656,6.72
1986-03-12 23:40:29,19.3057,-155.2195,7.69,1.62,14.6464,1,4584,6.72,5657,6.72,5657,6.72
1986-03-13 09:32:20,19.2933,-155.2222,5.79,2.11,15.7431,1,4585,6.72,5658,6.72,5658,6.72
1986-03-14 02:41:36,19.3667,-155.0817,8.33,2.01,22.3637,1,4583,6.72,5659,6.72,5659,6.72
1986-03-14 08:01:17,19.3523,-155.4878,6.13,1.75,22.4042,1,4584,6.72,5660,6.72,5660,6.72
1986-03-14 12:48:18,19.2937,-155.5042,8.39,1.84,26.8247,1,4585,6.72,5661,6.72,5661,6.72
1986-03-14 16:34:37,19.2972,-155.2142,9.25,1.63,15.7427,1,4586,6.72,5662,6.72,5662,6.72
1986-03-14 16:41:21,19.3025,-155.2232,8.18,2.1,14.7791,1,4587,6.72,5663,6.72,5663,6.72
1986-03-14 16:45:02,19.2988,-155.2163,9.24,1.93,15.4806,1,4588,6.72,5664,6.72,5664,6.72
1986-03-14 19:27:40,19.3467,-155.0498,5.86,2.03,26.2165,1,4589,6.72,5665,6.72,5665,6.72
1986-03-15 11:22:00,19.296,-155.2203,7.86,1.93,15.5614,1,4590,6.72,5666,6.72,5666,6.72
1986-03-15 13:06:50,19.3817,-155.4587,10.1,1.7,18.5304,1,4590,6.72,5667,6.72,5667,6.72
1986-03-15 20:15:29,19.3685,-155.043,7.82,2.13,26.2496,1,4590,6.72,5668,6.72,5668,6.72
1986-03-16 00:49:45,19.4165,-155.3212,4.4,2.53,3.621,1,4590,6.72,5669,6.72,5669,6.72
1986-03-16 02:21:33,19.3265,-155.1057,8.73,2.48,21.7282,1,4591,6.72,5670,6.72,5670,6.72
1986-03-16 03:09:08,19.3557,-155.0677,6.85,2.24,24.1212,1,4592,6.72,5671,6.72,5671,6.72
1986-03-16 03:10:09,19.3568,-155.0712,7.84,2.69,23.7343,1,4593,6.72,5672,6.72,5672,6.72
1986-03-16 04:34:57,19.3567,-155.0752,7.73,2.54,23.3379,1,4594,6.72,5673,6.72,5673,6.72
1986-03-16 19:52:06,19.4232,-155.2992,6.13,2.32,1.3023,1,4595,6.72,5674,6.72,5674,6.72
1986-03-18 22:48:49,19.3582,-155.401,12.72,2.77,13.8467,1,4591,6.72,5675,6.72,5675,6.72
1986-03-20 10:44:33,19.4117,-155.322,6.27,2.88,3.8131,0,4589,6.72,5676,6.72,5676,6.72
1986-03-20 11:20:41,19.4125,-155.3253,6.85,2.74,4.126,0,4590,6.72,5677,6.72,5677,6.72
1986-03-20 11:27:32,19.4102,-155.3198,5.59,2.52,3.6431,0,4591,6.72,5678,6.72,5678,6.72
1986-03-21 17:31:09,19.3737,-155.0363,7.81,1.55,26.8154,0,4587,6.72,5679,6.72,5679,6.72
1986-03-22 13:50:43,19.315,-155.2492,6.68,1.52,12.4358,1,4588,6.72,5680,6.72,5680,6.72
1986-03-22 17:14:12,19.302,-155.2205,6.05,1.52,14.9587,1,4589,6.72,5681,6.72,5681,6.72
1986-03-23 00:45:48,19.3098,-155.2202,6.83,1.61,14.2126,1,4589,6.72,5682,6.72,5682,6.72
1986-03-23 02:10:02,19.314,-155.2222,4.02,1.61,13.7029,1,4590,6.72,5683,6.72,5683,6.72
1986-03-23 08:14:53,19.3298,-155.1885,6.95,2.21,14.4777,1,4590,6.72,5684,6.72,5684,6.72
1986-03-24 14:26:44,19.35,-155.0475,7.5,2.69,26.333,1,4587,6.72,5685,6.72,5685,6.72
1986-03-24 17:09:30,19.3823,-155.0463,1.11,1.81,25.6091,1,4587,6.72,5686,6.72,5686,6.72
1986-03-24 22:28:56,19.3008,-155.2248,6.62,1.93,14.8735,1,4588,6.72,5687,6.72,5687,6.72
1986-03-25 18:19:53,19.3348,-155.1155,3.59,1.86,20.384,1,4587,6.72,5688,6.72,5688,6.72
1986-03-26 00:58:49,19.3158,-155.2542,7.48,1.62,12.1933,1,4588,6.72,5689,6.72,5689,6.72
1986-03-27 09:00:40,19.3783,-155.4793,8.75,2.42,20.7198,1,4582,6.72,5690,6.72,5690,6.72
1986-03-27 15:12:10,19.3043,-155.216,9.67,2.84,14.9622,1,4583,6.72,5691,6.72,5691,6.72
1986-03-27 15:15:21,19.2982,-155.2183,6.02,1.63,15.4401,1,4584,6.72,5692,6.72,5692,6.72
1986-03-27 16:04:49,19.351,-155.1048,7.6,2.5,20.6356,1,4585,6.72,5693,6.72,5693,6.72
1986-03-27 16:06:22,19.2962,-155.2218,5.67,1.63,15.4714,1,4586,6.72,5694,6.72,5694,6.72
1986-03-27 16:08:09,19.2762,-155.2143,11.73,2.27,17.8163,1,4587,6.72,5695,6.72,5695,6.72
1986-03-27 17:10:17,19.3622,-155.0783,6.87,1.83,22.8458,1,4588,6.72,5696,6.72,5696,6.72
1986-03-27 17:34:16,19.3328,-155.135,8.95,3.02,18.7193,1,4589,6.72,5697,6.72,5697,6.72
1986-03-28 15:07:38,19.4168,-155.339,1.55,1.56,5.4729,1,4585,6.72,5698,6.72,5698,6.72
1986-03-28 22:29:49,19.377,-155.0422,8.52,1.82,26.1374,1,4584,6.72,5699,6.72,5699,6.72
1986-03-29 04:28:25,19.342,-155.097,7.11,1.86,21.7801,1,4584,6.72,5700,6.72,5700,6.72
1986-03-29 08:33:46,19.3302,-155.0668,6.36,2.04,25.2088,1,4585,6.72,5701,6.72,5701,6.72
1986-03-29 10:02:43,19.3868,-155.4517,10.35,1.99,17.687,1,4585,6.72,5702,6.72,5702,6.72
1986-03-29 15:56:35,19.3113,-155.2217,7.43,2.31,13.99,1,4585,6.72,5703,6.72,5703,6.72
1986-03-29 19:51:27,19.329,-155.2075,6.99,1.89,13.1985,1,4586,6.72,5704,6.72,5704,6.72
1986-03-29 20:01:10,19.3703,-155.0125,6.88,2.01,29.3378,1,4587,6.72,5705,6.72,5705,6.72
1986-03-29 21:22:57,19.3363,-155.0642,6.41,1.56,25.1973,1,4588,6.72,5706,6.72,5706,6.72
1986-03-30 04:06:22,19.317,-155.1643,8.85,1.59,17.3035,1,4589,6.72,5707,6.72,5707,6.72
1986-03-30 06:23:09,19.3173,-155.2262,7.11,1.61,13.1774,1,4590,6.72,5708,6.72,5708,6.72
1986-03-30 19:48:03,19.3452,-155.0497,8.87,3.75,26.2795,1,4591,6.72,5709,6.72,5709,6.72
1986-03-30 21:28:45,19.344,-155.0992,7.56,2.46,21.4794,1,4592,6.72,5710,6.72,5710,6.72
1986-03-30 21:37:05,19.3295,-155.2528,7.88,1.91,10.7883,1,4593,6.72,5711,6.72,5711,6.72
1986-03-30 23:37:06,19.4332,-155.3543,10.74,3.63,7.1863,1,4594,6.72,5712,6.72,5712,6.72
1986-03-31 23:22:20,19.4243,-155.5137,9.01,1.86,23.7759,1,4591,6.72,5713,6.72,5713,6.72
1986-04-01 03:11:17,19.3248,-155.1782,7.28,2.06,15.6425,1,4592,6.72,5714,6.72,5714,6.72
1986-04-02 15:53:28,19.3258,-155.2033,7.33,1.89,13.7532,1,4587,6.72,5715,6.72,5715,6.72
1986-04-03 04:34:37,19.3358,-155.2027,7.38,1.88,12.9596,1,4588,6.72,5716,6.72,5716,6.72
1986-04-03 10:06:41,19.492,-155.491,2.07,1.93,22.7987,1,4588,6.72,5717,6.72,5717,6.72
1986-04-03 14:38:13,19.3178,-155.4712,9.09,1.78,22.4731,1,4588,6.72,5718,6.72,5718,6.72
1986-04-04 22:57:31,19.3057,-155.2197,7.6,2.33,14.6363,1,4585,6.72,5719,6.72,5719,6.72
1986-04-04 22:58:14,19.3043,-155.2155,8.41,1.86,14.9884,1,4586,6.72,5720,6.72,5720,6.72
1986-04-05 08:52:42,19.3683,-155.2167,3.26,1.62,9.4186,1,4587,6.72,5721,6.72,5721,6.72
1986-04-05 16:52:15,19.3557,-155.053,6.55,2.72,25.5958,1,4587,6.72,5722,6.72,5722,6.72
1986-04-05 23:34:15,19.3318,-155.1973,6.47,2.41,13.6717,1,4588,6.72,5723,6.72,5723,6.72
1986-04-06 04:04:32,19.4137,-155.3267,7.23,1.54,4.2415,1,4589,6.72,5724,6.72,5724,6.72
1986-04-06 09:32:54,19.3595,-155.0465,7.05,1.57,26.1363,1,4590,6.72,5725,6.72,5725,6.72
1986-04-06 13:54:51,19.3825,-155.4122,10.82,1.73,13.811,1,4591,6.72,5726,6.72,5726,6.72
1986-04-06 18:06:02,19.3823,-155.4452,10.33,2.71,17.1408,1,4591,6.72,5727,6.72,5727,6.72
1986-04-07 12:07:30,19.363,-155.0763,6.7,1.55,23.0217,1,4588,6.72,5728,6.72,5728,6.72
1986-04-07 17:44:35,19.3348,-155.1398,5.28,1.82,18.174,1,4589,6.72,5729,6.72,5729,6.72
1986-04-08 02:33:08,19.3678,-155.477,10.13,2.03,20.7874,1,4590,6.72,5730,6.72,5730,6.72
1986-04-09 09:09:22,19.3468,-155.0437,6.82,1.57,26.821,1,4587,6.72,5731,6.72,5731,6.72
1986-04-10 12:43:15,19.3947,-155.2615,2.75,1.77,3.963,1,4586,6.72,5732,6.72,5732,6.72
1986-04-10 13:32:08,19.3948,-155.2607,2.82,2.03,4.012,1,4587,6.72,5733,6.72,5733,6.72
1986-04-10 14:53:08,19.3002,-155.2505,5.68,1.96,13.9675,1,4588,6.72,5734,6.72,5734,6.72
1986-04-10 22:24:17,19.3892,-155.3463,10.6,2.99,7.1539,1,4588,6.72,5735,6.72,5735,6.72
1986-04-11 12:34:30,19.3793,-155.4408,9.54,1.66,16.7837,1,4586,6.72,5736,6.72,5736,6.72
1986-04-12 01:04:35,19.5247,-155.3162,8.49,1.52,11.9303,1,4586,6.72,5737,6.72,5737,6.72
1986-04-12 14:36:51,19.4177,-155.0645,7.69,1.7,23.3365,1,4584,6.72,5738,6.72,5738,6.72
1986-04-12 18:18:47,19.3488,-155.073,7.79,2.3,23.8395,1,4584,6.72,5739,6.72,5739,6.72
1986-04-13 19:37:49,19.3833,-155.4433,10.04,1.88,16.92,1,4580,6.72,5740,6.72,5740,6.72
1986-04-14 09:58:04,19.3753,-155.0355,5.8,2.37,26.8633,1,4579,6.72,5741,6.72,5741,6.72
1986-04-14 11:54:15,19.4012,-155.2655,2.98,2.98,3.1516,1,4580,6.72,5742,6.72,5742,6.72
1986-04-14 13:18:00,19.3662,-155.0355,4.9,2.37,27.0737,1,4581,6.72,5743,6.72,5743,6.72
1986-04-15 00:41:05,19.336,-155.2177,7.17,2.09,11.9238,1,4581,6.72,5744,6.72,5744,6.72
1986-04-16 04:48:08,19.2912,-155.2193,7.54,1.85,16.086,1,4578,6.72,5745,6.72,5745,6.72
1986-04-16 06:21:32,19.29,-155.2188,6.2,2.34,16.2289,1,4577,6.72,5746,6.72,5746,6.72
1986-04-16 06:44:07,19.2935,-155.2173,6.42,2.69,15.952,1,4578,6.72,5747,6.72,5747,6.72
1986-04-16 07:20:51,19.3248,-155.189,6.64,1.89,14.8361,1,4579,6.72,5748,6.72,5748,6.72
1986-04-16 12:02:19,19.4892,-155.4532,6.09,2.74,19.0038,1,4580,6.72,5749,6.72,5749,6.72
1986-04-16 12:49:12,19.3527,-155.042,7.39,1.85,26.797,1,4581,6.72,5750,6.72,5750,6.72
1986-04-16 14:49:15,19.3538,-155.0455,4.79,2.32,26.4102,1,4582,6.72,5751,6.72,5751,6.72
1986-04-16 20:46:12,19.4865,-155.451,2.6,1.82,18.6736,1,4582,6.72,5752,6.72,5752,6.72
1986-04-17 00:30:16,19.2572,-155.4612,3.43,1.84,25.8028,1,4583,6.72,5753,6.72,5753,6.72
1986-04-17 00:31:03,19.3478,-155.2922,27.72,2.72,8.1577,1,4584,6.72,5754,6.72,5754,6.72
1986-04-17 18:02:21,19.3412,-155.154,5.7,2.31,16.5339,1,4582,6.72,5755,6.72,5755,6.72
1986-04-18 00:00:57,19.3012,-155.5043,11.38,2.14,26.4028,1,4583,6.72,5756,6.72,5756,6.72
1986-04-18 04:19:19,19.3212,-155.2002,8.12,2.66,14.3548,1,4584,6.72,5757,6.72,5757,6.72
1986-04-18 08:33:29,19.4025,-155.483,10.69,1.7,20.6577,1,4584,6.72,5758,6.72,5758,6.72
1986-04-18 11:02:40,19.3253,-155.124,5.58,1.87,20.1397,1,4584,6.72,5759,6.72,5759,6.72
1986-04-19 04:26:40,19.5005,-155.4508,6.08,3.15,19.3146,1,4584,6.72,5760,6.72,5760,6.72
1986-04-19 16:57:40,19.3222,-155.1995,8.19,2.29,14.316,1,4584,6.72,5761,6.72,5761,6.72
1986-04-19 23:49:13,19.3453,-155.2155,8.61,1.88,11.274,1,4585,6.72,5762,6.72,5762,6.72
1986-04-20 11:48:28,19.2515,-155.4948,8.48,1.89,28.8198,1,4585,6.72,5763,6.72,5763,6.72
1986-04-20 20:49:19,19.3273,-155.114,7.16,1.87,20.9259,1,4585,6.72,5764,6.72,5764,6.72
1986-04-21 06:16:18,19.3578,-155.11,6.71,1.84,19.851,1,4585,6.72,5765,6.72,5765,6.72
1986-04-21 12:57:26,19.3553,-155.3003,27.59,2.79,7.4374,1,4585,6.72,5766,6.72,5766,6.72
1986-04-21 19:31:33,19.3302,-155.1385,7.88,1.87,18.5633,1,4585,6.72,5767,6.72,5767,6.72
1986-04-22 02:06:41,19.549,-155.3817,13.13,1.82,17.3528,1,4584,6.72,5768,6.72,5768,6.72
1986-04-22 04:11:00,19.3602,-155.1182,7.68,2.32,18.9521,1,4585,6.72,5769,6.72,5769,6.72
1986-04-23 01:11:10,19.4255,-155.4887,9.12,1.69,21.1572,1,4586,6.72,5770,6.72,5770,6.72
1986-04-23 04:56:27,19.2968,-155.2715,29.6,2.79,13.9058,1,4587,6.72,5771,6.72,5771,6.72
1986-04-23 05:40:06,19.3012,-155.266,29.12,1.82,13.5021,1,4588,6.72,5772,6.72,5772,6.72
1986-04-23 11:49:52,19.3105,-155.2655,29.81,3.44,12.4923,1,4589,6.72,5773,6.72,5773,6.72
1986-04-24 06:44:01,19.4823,-155.4172,4.06,2.26,15.2581,1,4590,6.72,5774,6.72,5774,6.72
1986-04-24 15:19:54,19.2762,-155.4705,9.84,1.83,25.0971,1,4590,6.72,5775,6.72,5775,6.72
1986-04-25 06:33:26,19.354,-155.0225,7.35,2.15,28.7264,1,4589,6.72,5776,6.72,5776,6.72
1986-04-25 23:20:39,19.3215,-155.1845,6.46,1.89,15.4281,1,4585,6.72,5777,6.72,5777,6.72
1986-04-26 10:44:25,19.619,-155.1698,7.0,2.11,25.2113,1,4583,6.72,5778,6.72,5778,6.72
1986-04-26 12:25:54,19.3003,-155.2297,9.15,2.11,14.706,1,4584,6.72,5779,6.72,5779,6.72
1986-04-26 14:56:47,19.3477,-155.0412,7.1,2.15,27.0403,1,4583,6.72,5780,6.72,5780,6.72
1986-04-26 23:56:42,19.2662,-155.4917,10.06,2.47,27.5231,1,4582,6.72,5781,6.72,5781,6.72
1986-04-27 12:45:39,19.363,-155.0155,3.75,2.01,29.1982,1,4580,6.72,5782,6.72,5782,6.72
1986-04-27 18:32:30,19.3298,-155.2002,6.64,2.06,13.6289,1,4581,6.72,5783,6.72,5783,6.72
1986-04-27 20:54:02,19.3477,-155.5062,9.64,2.09,24.3939,1,4580,6.72,5784,6.72,5784,6.72
1986-04-27 23:57:51,19.3233,-155.122,7.65,2.05,20.4355,1,4580,6.72,5785,6.72,5785,6.72
1986-04-28 16:15:59,19.3343,-155.1938,7.83,2.1,13.7303,1,4579,6.72,5786,6.72,5786,6.72
1986-04-28 22:35:01,19.3187,-155.1425,5.14,1.51,18.9519,1,4578,6.72,5787,6.72,5787,6.72
1986-04-30 04:49:00,19.354,-155.0757,7.46,1.72,23.3821,1,4575,6.72,5788,6.72,5788,6.72
1986-04-30 12:30:32,19.3522,-155.1213,5.41,2.02,18.9897,1,4574,6.72,5789,6.72,5789,6.72
1986-05-01 07:13:27,19.361,-155.074,7.74,1.84,23.3162,1,4574,6.72,5790,6.72,5790,6.72
1986-05-01 07:32:36,19.3653,-155.06,3.87,1.83,24.6018,1,4575,6.72,5791,6.72,5791,6.72
1986-05-01 21:37:27,19.3643,-155.0778,6.91,1.83,22.8303,1,4575,6.72,5792,6.72,5792,6.72
1986-05-02 03:28:13,19.321,-155.129,7.15,1.88,19.9589,1,4576,6.72,5793,6.72,5793,6.72
1986-05-03 00:11:38,19.3707,-155.0445,0.01,1.82,26.0424,1,4574,6.72,5794,6.72,5794,6.72
1986-05-03 02:44:24,19.2583,-155.4995,8.89,2.19,28.712,1,4575,6.72,5795,6.72,5795,6.72
1986-05-04 01:42:12,19.4735,-155.4457,6.17,3.1,17.6339,1,4574,6.72,5796,6.72,5796,6.72
1986-05-04 03:49:39,19.4033,-155.265,3.08,2.16,3.0328,1,4575,6.72,5797,6.72,5797,6.72
1986-05-04 15:27:44,19.4817,-155.4125,11.0,1.58,14.7883,1,4574,6.72,5798,6.72,5798,6.72
1986-05-04 18:29:01,19.3292,-155.1928,7.34,1.88,14.2071,1,4575,6.72,5799,6.72,5799,6.72
1986-05-04 22:57:06,19.3812,-155.0705,7.73,2.12,23.1342,1,4575,6.72,5800,6.72,5800,6.72
1986-05-05 01:28:01,19.3377,-155.1773,7.08,2.17,14.7719,1,4576,6.72,5801,6.72,5801,6.72
1986-05-05 05:42:24,19.3222,-155.2563,6.91,2.09,11.4484,0,4577,6.72,5802,6.72,5802,6.72
1986-05-05 11:54:30,19.3808,-155.4453,9.85,2.58,17.1936,0,4577,6.72,5803,6.72,5803,6.72
1986-05-05 19:53:16,19.3302,-155.1377,7.72,1.87,18.6338,0,4577,6.72,5804,6.72,5804,6.72
1986-05-06 03:19:15,19.459,-155.4947,11.42,1.97,22.1844,0,4577,6.72,5805,6.72,5805,6.72
1986-05-06 04:17:33,19.3843,-155.0572,7.67,1.51,24.4447,0,4578,6.72,5806,6.72,5806,6.72
1986-05-06 06:26:05,19.3528,-155.0247,7.01,2.15,28.5389,0,4579,6.72,5807,6.72,5807,6.72
1986-05-06 06:51:39,19.3588,-155.0265,5.46,1.54,28.1854,0,4580,6.72,5808,6.72,5808,6.72
1986-05-06 17:11:10,19.5152,-155.3865,13.67,2.55,14.7826,0,4578,6.72,5809,6.72,5809,6.72
1986-05-07 01:10:02,19.3403,-155.2137,8.82,3.08,11.817,1,4578,6.72,5810,6.72,5810,6.72
1986-05-07 05:24:34,19.5155,-155.3878,13.78,2.99,14.9026,1,4579,6.72,5811,6.72,5811,6.72
1986-05-07 06:30:06,19.3262,-155.1393,7.08,1.98,18.7397,1,4580,6.72,5812,6.72,5812,6.72
1986-05-07 10:11:47,19.3622,-155.1995,2.56,1.61,11.2686,1,4581,6.72,5813,6.72,5813,6.72
1986-05-07 10:18:16,19.5132,-155.3853,13.56,2.55,14.5364,1,4582,6.72,5814,6.72,5814,6.72
1986-05-07 10:48:08,19.5152,-155.3907,13.78,2.73,15.0965,1,4583,6.72,5815,6.72,5815,6.72
1986-05-07 15:02:22,19.3747,-155.4843,9.49,2.33,21.3239,1,4584,6.72,5816,6.72,5816,6.72
1986-05-08 01:45:26,19.2988,-155.2348,11.19,3.27,14.6501,1,4582,6.72,5817,6.72,5817,6.72
1986-05-08 01:46:31,19.2852,-155.2348,7.93,2.65,16.0627,1,4583,6.72,5818,6.72,5818,6.72
1986-05-08 15:47:25,19.4197,-155.3225,4.73,1.55,3.7254,1,4583,6.72,5819,6.72,5819,6.72
1986-05-08 21:47:28,19.4065,-155.286,1.84,1.77,1.6157,1,4584,6.72,5820,6.72,5820,6.72
1986-05-09 02:56:50,19.4053,-155.2735,0.65,1.6,2.2478,1,4585,6.72,5821,6.72,5821,6.72
1986-05-09 08:49:08,19.318,-155.2265,8.81,2.21,13.094,1,4586,6.72,5822,6.72,5822,6.72
1986-05-09 14:25:18,19.432,-155.501,9.55,1.65,22.474,1,4586,6.72,5823,6.72,5823,6.72
1986-05-09 17:17:59,19.5118,-155.3917,13.87,2.8,14.9138,1,4587,6.72,5824,6.72,5824,6.72
1986-05-09 20:52:07,19.3993,-155.2572,3.61,1.81,3.9485,1,4588,6.72,5825,6.72,5825,6.72
1986-05-09 22:38:41,19.3725,-155.4843,9.73,2.04,21.3845,1,4589,6.72,5826,6.72,5826,6.72
1986-05-10 16:33:49,19.5132,-155.385,13.23,2.24,14.5142,1,4585,6.72,5827,6.72,5827,6.72
1986-05-10 19:19:58,19.3303,-155.1272,6.62,1.57,19.5629,1,4585,6.72,5828,6.72,5828,6.72
1986-05-11 10:50:50,19.3475,-155.1113,6.87,1.85,20.1606,1,4583,6.72,5829,6.72,5829,6.72
1986-05-12 14:46:37,19.3022,-155.2223,5.74,1.51,14.8518,1,4576,6.72,5830,6.72,5830,6.72
1986-05-12 16:19:15,19.5113,-155.3893,13.79,2.68,14.6915,1,4577,6.72,5831,6.72,5831,6.72
1986-05-12 19:50:32,19.4042,-155.4233,8.86,2.64,14.4155,1,4573,6.72,5832,6.72,5832,6.72
1986-05-13 04:06:41,19.2908,-155.2592,8.96,1.73,14.7684,1,4571,6.72,5833,6.72,5833,6.72
1986-05-13 08:55:23,19.3668,-155.0847,6.36,1.54,22.0579,1,4570,6.72,5834,6.72,5834,6.72
1986-05-13 17:08:39,19.419,-155.2677,16.75,3.45,2.0364,1,4571,6.72,5835,6.72,5835,6.72
1986-05-16 05:27:08,19.4248,-155.4888,9.87,2.17,21.1661,1,4564,6.72,5836,6.72,5836,6.72
1986-05-16 10:29:25,19.369,-155.4847,10.01,1.99,21.5265,1,4563,6.72,5837,6.72,5837,6.72
1986-05-16 15:42:47,19.312,-155.2172,5.88,1.61,14.1604,1,4564,6.72,5838,6.72,5838,6.72
1986-05-17 00:25:05,19.3267,-155.2037,6.46,1.51,13.6494,1,4564,6.72,5839,6.72,5839,6.72
1986-05-17 11:21:33,19.519,-155.388,13.7,2.5,15.194,1,4562,6.72,5840,6.72,5840,6.72
1986-05-17 16:52:45,19.4263,-155.3323,7.93,1.85,4.7866,1,4563,6.72,5841,6.72,5841,6.72
1986-05-18 05:07:58,19.3248,-155.1838,8.8,1.59,15.2192,1,4563,6.72,5842,6.72,5842,6.72
1986-05-18 20:14:00,19.3427,-155.187,8.26,2.17,13.6321,1,4562,6.72,5843,6.72,5843,6.72
1986-05-18 21:51:01,19.2833,-155.4643,8.85,1.72,24.0921,1,4563,6.72,5844,6.72,5844,6.72
1986-05-19 23:49:42,19.3025,-155.263,8.18,2.12,13.415,1,4559,6.72,5845,6.72,5845,6.72
1986-05-20 01:48:08,19.402,-155.2642,3.14,1.63,3.1909,1,4560,6.72,5846,6.72,5846,6.72
1986-05-20 02:28:18,19.309,-155.4403,8.62,1.85,20.3399,1,4561,6.72,5847,6.72,5847,6.72
1986-05-20 08:24:34,19.4228,-155.383,8.9,1.89,10.069,1,4561,6.72,5848,6.72,5848,6.72
1986-05-20 10:22:47,19.3098,-155.2235,7.23,1.92,14.0452,1,4562,6.72,5849,6.72,5849,6.72
1986-05-20 10:25:49,19.325,-155.2052,3.76,1.59,13.6961,1,4563,6.72,5850,6.72,5850,6.72
1986-05-20 11:39:34,19.3205,-155.2487,6.57,1.61,11.8754,1,4564,6.72,5851,6.72,5851,6.72
1986-05-20 12:27:23,19.2823,-155.374,8.71,2.21,17.921,1,4565,6.72,5852,6.72,5852,6.72
1986-05-20 20:41:02,19.3663,-155.273,27.51,2.13,6.2571,1,4565,6.72,5853,6.72,5853,6.72
1986-05-21 18:37:17,19.3898,-155.3027,29.28,3.09,3.84,1,4562,6.72,5854,6.72,5854,6.72
1986-05-22 00:43:27,19.3542,-155.0185,8.17,2.03,29.1262,1,4563,6.72,5855,6.72,5855,6.72
1986-05-23 00:27:56,19.325,-155.1273,6.69,1.54,19.8645,1,4560,6.72,5856,6.72,5856,6.72
1986-05-23 04:26:34,19.3373,-155.1213,6.81,1.56,19.7163,1,4560,6.72,5857,6.72,5857,6.72
1986-05-23 06:04:51,19.324,-155.19,8.95,2.94,14.8282,1,4561,6.72,5858,6.72,5858,6.72
1986-05-23 06:18:14,19.3262,-155.1845,7.77,1.59,15.0576,1,4562,6.72,5859,6.72,5859,6.72
1986-05-23 12:31:19,19.4683,-155.4445,6.2,1.6,17.3314,1,4561,6.72,5860,6.72,5860,6.72
1986-05-24 02:18:58,19.392,-155.5037,9.24,1.73,22.9543,1,4561,6.72,5861,6.72,5861,6.72
1986-05-24 02:47:53,19.512,-155.3928,13.43,1.85,15.0138,1,4562,6.72,5862,6.72,5862,6.72
1986-05-27 11:02:18,19.4038,-155.2615,3.3,3.2,3.288,1,4552,6.72,5863,6.72,5863,6.72
1986-05-28 20:41:29,19.364,-155.2108,2.85,1.54,10.2006,1,4549,6.72,5864,6.72,5864,6.72
1986-05-28 22:55:43,19.3043,-155.4348,11.14,2.07,20.2184,1,4550,6.72,5865,6.72,5865,6.72
1986-05-29 09:10:07,19.3275,-155.1337,6.85,2.05,19.1493,1,4548,6.72,5866,6.72,5866,6.72
1986-05-29 16:39:23,19.3227,-155.2275,8.72,2.08,12.5871,1,4549,6.72,5867,6.72,5867,6.72
1986-05-29 20:58:01,19.3352,-155.1888,7.37,1.88,14.0404,1,4550,6.72,5868,6.72,5868,6.72
1986-05-29 21:24:44,19.3328,-155.2098,8.31,2.06,12.7187,1,4550,6.72,5869,6.72,5869,6.72
1986-05-29 23:32:32,19.3413,-155.2122,7.85,1.58,11.8365,1,4550,6.72,5870,6.72,5870,6.72
1986-05-30 04:15:10,19.3248,-155.2093,6.51,1.89,13.4485,1,4550,6.72,5871,6.72,5871,6.72
1986-05-30 05:30:44,19.3405,-155.1055,7.87,2.63,21.0378,1,4551,6.72,5872,6.72,5872,6.72
1986-05-30 12:29:58,19.4222,-155.3318,6.68,1.55,4.6997,0,4552,6.72,5873,6.72,5873,6.72
1986-05-30 22:48:19,19.3633,-155.2097,3.39,1.85,10.3394,0,4553,6.72,5874,6.72,5874,6.72
1986-05-31 00:32:46,19.3902,-155.2433,28.26,1.94,5.7216,0,4554,6.72,5875,6.72,5875,6.72
1986-05-31 03:49:00,19.3602,-155.2002,2.34,1.76,11.3401,0,4555,6.72,5876,6.72,5876,6.72
1986-05-31 06:14:30,19.3417,-155.2132,7.66,1.58,11.7338,0,4556,6.72,5877,6.72,5877,6.72
1986-05-31 07:39:15,19.319,-155.2545,8.31,1.62,11.8432,0,4557,6.72,5878,6.72,5878,6.72
1986-06-01 14:25:28,19.3913,-155.2525,3.13,2.03,4.899,0,4556,6.72,5879,6.72,5879,6.72
1986-06-02 02:18:54,19.3417,-155.2097,7.19,1.57,11.9792,1,4557,6.72,5880,6.72,5880,6.72
1986-06-02 07:02:09,19.3728,-155.0232,7.97,1.83,28.1829,1,4556,6.72,5881,6.72,5881,6.72
1986-06-02 10:09:24,19.3493,-155.1943,8.05,2.59,12.5743,1,4556,6.72,5882,6.72,5882,6.72
1986-06-02 19:29:44,19.3975,-155.2587,2.97,1.63,3.9545,1,4556,6.72,5883,6.72,5883,6.72
1986-06-02 23:03:10,19.3988,-155.2658,3.24,2.04,3.3223,1,4557,6.72,5884,6.72,5884,6.72
1986-06-02 23:15:10,19.3995,-155.265,2.74,2.65,3.3226,1,4558,6.72,5885,6.72,5885,6.72
1986-06-02 23:59:48,19.2715,-155.362,7.35,1.84,18.3917,1,4559,6.72,5886,6.72,5886,6.72
1986-06-03 00:02:07,19.282,-155.3632,3.17,1.78,17.401,1,4560,6.72,5887,6.72,5887,6.72
1986-06-03 03:19:22,19.4132,-155.3315,6.99,2.58,4.7464,1,4560,6.72,5888,6.72,5888,6.72
1986-06-03 05:26:16,19.3042,-155.2207,6.87,1.62,14.7328,1,4561,6.72,5889,6.72,5889,6.72
1986-06-03 14:50:08,19.3287,-155.5068,5.56,2.1,25.2374,1,4562,6.72,5890,6.72,5890,6.72
1986-06-03 18:26:31,19.3443,-155.2158,7.06,1.57,11.3366,1,4562,6.72,5891,6.72,5891,6.72
1986-06-03 22:52:42,19.3438,-155.0677,5.63,1.85,24.5528,1,4561,6.72,5892,6.72,5892,6.72
1986-06-04 03:51:41,19.3607,-155.1172,6.39,1.83,19.0305,1,4561,6.72,5893,6.72,5893,6.72
1986-06-04 10:08:29,19.2127,-155.4683,11.2,1.92,29.9733,1,4560,6.72,5894,6.72,5894,6.72
1986-06-04 22:18:56,19.3263,-155.1962,6.87,2.19,14.1989,1,4561,6.72,5895,6.72,5895,6.72
1986-06-04 23:00:57,19.3232,-155.1395,6.64,1.69,18.9123,1,4562,6.72,5896,6.72,5896,6.72
1986-06-05 01:08:58,19.4582,-155.4633,10.73,1.64,18.943,1,4563,6.72,5897,6.72,5897,6.72
1986-06-05 01:27:15,19.487,-155.4617,7.41,3.39,19.732,1,4564,6.72,5898,6.72,5898,6.72
1986-06-05 07:09:53,19.3545,-155.0288,6.44,2.15,28.074,1,4565,6.72,5899,6.72,5899,6.72
1986-06-05 07:48:59,19.3325,-155.175,5.28,2.05,15.3255,1,4566,6.72,5900,6.72,5900,6.72
1986-06-05 08:38:30,19.3828,-155.5043,9.27,1.74,23.1827,1,4567,6.72,5901,6.72,5901,6.72
1986-06-06 06:19:10,19.3262,-155.1788,8.26,1.58,15.4902,1,4554,6.72,5902,6.72,5902,6.72
1986-06-06 10:25:57,19.4035,-155.448,9.78,1.67,16.9961,1,4555,6.72,5903,6.72,5903,6.72
1986-06-06 12:32:19,19.379,-155.0498,8.02,2.42,25.3127,1,4555,6.72,5904,6.72,5904,6.72
1986-06-06 22:18:46,19.5372,-155.2622,21.75,2.61,13.1799,1,4553,6.72,5905,6.72,5905,6.72
1986-06-07 03:54:21,19.365,-155.4398,10.53,2.0,17.1935,1,4553,6.72,5906,6.72,5906,6.72
1986-06-07 05:23:13,19.3608,-155.0793,7.91,2.49,22.7906,1,4554,6.72,5907,6.72,5907,6.72
1986-06-07 09:43:58,19.4285,-155.3743,8.27,2.28,9.1924,1,4552,6.72,5908,6.72,5908,6.72
1986-06-07 20:10:45,19.3645,-155.0847,6.16,1.83,22.1293,1,4553,6.72,5909,6.72,5909,6.72
1986-06-08 00:16:14,19.3365,-155.174,8.19,1.57,15.1257,1,4553,6.72,5910,6.72,5910,6.72
1986-06-08 06:13:51,19.4203,-155.3028,15.0,1.89,1.6585,1,4554,6.72,5911,6.72,5911,6.72
1986-06-08 21:33:10,19.3433,-155.0212,9.25,3.32,29.1888,1,4553,6.72,5912,6.72,5912,6.72
1986-06-08 21:36:50,19.3652,-155.0245,5.75,1.83,28.2233,1,4554,6.72,5913,6.72,5913,6.72
1986-06-08 21:42:42,19.4193,-155.3412,0.83,1.86,5.6867,1,4555,6.72,5914,6.72,5914,6.72
1986-06-09 06:27:06,19.3648,-155.0265,8.21,1.54,28.0286,1,4552,6.72,5915,6.72,5915,6.72
1986-06-09 13:30:38,19.3103,-155.4797,29.09,1.86,23.6675,1,4553,6.72,5916,6.72,5916,6.72
1986-06-09 23:27:21,19.357,-155.0755,7.6,2.38,23.2977,1,4553,6.72,5917,6.72,5917,6.72
1986-06-10 12:48:18,19.3582,-155.5023,9.73,2.88,23.6372,1,4554,6.72,5918,6.72,5918,6.72
1986-06-10 16:23:30,19.4223,-155.2725,12.61,1.54,1.5277,1,4555,6.72,5919,6.72,5919,6.72
1986-06-10 19:27:13,19.4123,-155.2765,12.71,1.55,1.4659,1,4556,6.72,5920,6.72,5920,6.72
1986-06-11 15:28:09,19.3662,-155.4343,10.54,3.01,16.6076,1,4554,6.72,5921,6.72,5921,6.72
1986-06-11 15:55:03,19.4003,-155.4382,9.72,1.66,16.023,1,4555,6.72,5922,6.72,5922,6.72
1986-06-12 01:20:08,19.3113,-155.217,8.65,2.31,14.2379,1,4555,6.72,5923,6.72,5923,6.72
1986-06-12 07:45:54,19.3598,-155.0487,5.29,1.83,25.9048,1,4554,6.72,5924,6.72,5924,6.72
1986-06-13 10:42:17,19.5158,-155.39,13.79,2.25,15.0903,1,4546,6.72,5925,6.72,5925,6.72
1986-06-13 16:23:00,19.2492,-155.4412,7.81,1.84,25.0338,1,4546,6.72,5926,6.72,5926,6.72
1986-06-13 16:23:52,19.3377,-155.3817,9.36,1.68,13.5817,1,4547,6.72,5927,6.72,5927,6.72
1986-06-14 14:47:27,19.3452,-155.2132,7.84,1.87,11.4441,1,4545,6.72,5928,6.72,5928,6.72
1986-06-14 14:57:22,19.4243,-155.4877,9.55,1.69,21.0497,1,4546,6.72,5929,6.72,5929,6.72
1986-06-15 03:13:00,19.3282,-155.116,7.8,2.35,20.694,1,4544,6.72,5930,6.72,5930,6.72
1986-06-15 03:30:33,19.3513,-155.2193,8.26,2.85,10.5117,1,4545,6.72,5931,6.72,5931,6.72
1986-06-15 05:22:59,19.3438,-155.212,7.7,1.87,11.644,1,4546,6.72,5932,6.72,5932,6.72
1986-06-15 22:42:57,19.3568,-155.0262,7.58,2.15,28.2714,1,4545,6.72,5933,6.72,5933,6.72
1986-06-16 16:27:19,19.4335,-155.485,9.64,1.98,20.8093,1,4542,6.72,5934,6.72,5934,6.72
1986-06-16 17:57:21,19.3735,-155.4838,9.47,2.33,21.3058,1,4543,6.72,5935,6.72,5935,6.72
1986-06-17 00:14:02,19.3715,-155.0233,0.02,1.82,28.2005,1,4543,6.72,5936,6.72,5936,6.72
1986-06-19 06:27:03,19.331,-155.1225,4.07,1.56,19.9478,1,4534,6.72,5937,6.72,5937,6.72
1986-06-19 19:24:40,19.322,-155.1738,7.11,2.19,16.1925,1,4532,6.72,5938,6.72,5938,6.72
1986-06-20 13:44:12,19.3127,-155.228,5.79,1.82,13.5399,1,4532,6.72,5939,6.72,5939,6.72
1986-06-20 16:42:34,19.3322,-155.126,4.81,1.96,19.5633,1,4533,6.72,5940,6.72,5940,6.72
1986-06-21 11:16:01,19.213,-155.3278,9.6,2.11,23.5214,1,4533,6.72,5941,6.72,5941,6.72
1986-06-22 10:56:11,19.2982,-155.2142,10.36,2.74,15.6455,1,4533,6.72,5942,6.72,5942,6.72
1986-06-22 13:50:52,19.2928,-155.2145,10.86,2.79,16.1574,1,4533,6.72,5943,6.72,5943,6.72
1986-06-22 19:37:51,19.3257,-155.1255,7.19,1.71,19.9826,1,4534,6.72,5944,6.72,5944,6.72
1986-06-23 05:43:18,19.354,-155.0337,6.55,2.02,27.5936,1,4534,6.72,5945,6.72,5945,6.72
1986-06-23 06:53:14,19.3618,-155.2155,2.92,1.61,9.9788,1,4535,6.72,5946,6.72,5946,6.72
1986-06-23 07:46:23,19.4285,-155.322,6.93,1.54,3.7636,1,4535,6.72,5947,6.72,5947,6.72
1986-06-24 07:14:09,19.4692,-155.4498,9.35,3.27,17.8914,1,4532,6.72,5948,6.72,5948,6.72
1986-06-25 01:40:21,19.369,-155.1005,7.07,2.13,20.398,1,4531,6.72,5949,6.72,5949,6.72
1986-06-25 12:12:03,19.3005,-155.2102,10.47,2.11,15.6349,1,4531,6.72,5950,6.72,5950,6.72
1986-06-25 12:14:00,19.4168,-155.3113,5.43,3.32,2.5905,1,4532,6.72,5951,6.72,5951,6.72
1986-06-26 02:55:07,19.44,-155.2835,16.85,2.76,2.1444,1,4532,6.72,5952,6.72,5952,6.72
1986-06-26 13:31:57,19.3323,-155.1918,9.12,2.89,14.0359,1,4531,6.72,5953,6.72,5953,6.72
1986-06-28 06:08:59,19.3207,-155.258,8.42,2.32,11.5603,1,4532,6.72,5954,6.72,5954,6.72
1986-06-28 08:37:37,19.324,-155.1048,8.32,1.88,21.9463,1,4533,6.72,5955,6.72,5955,6.72
1986-06-30 09:21:14,19.315,-155.2455,6.24,1.62,12.565,1,4528,6.72,5956,6.72,5956,6.72
1986-07-01 11:12:12,19.3298,-155.2008,8.46,1.59,13.5869,1,4524,6.72,5957,6.72,5957,6.72
1986-07-01 18:14:35,19.311,-155.4175,10.28,1.56,18.3579,1,4525,6.72,5958,6.72,5958,6.72
1986-07-02 19:42:43,19.3253,-155.1967,8.77,2.37,14.2467,1,4520,6.72,5959,6.72,5959,6.72
1986-07-02 21:39:38,19.3228,-155.1215,8.47,1.58,20.5095,1,4521,6.72,5960,6.72,5960,6.72
1986-07-02 23:50:30,19.496,-155.4617,5.16,3.53,20.1252,1,4522,6.72,5961,6.72,5961,6.72
1986-07-03 00:51:20,19.3432,-155.2133,8.95,2.99,11.6019,1,4523,6.72,5962,6.72,5962,6.72
1986-07-03 18:57:16,19.3397,-155.2107,8.22,1.58,12.074,1,4522,6.72,5963,6.72,5963,6.72
1986-07-04 16:29:37,19.3563,-155.035,6.32,2.02,27.3938,1,4521,6.72,5964,6.72,5964,6.72
1986-07-04 22:21:13,19.3397,-155.2127,8.15,1.53,11.936,1,4522,6.72,5965,6.72,5965,6.72
1986-07-05 18:39:29,19.4267,-155.3217,7.96,1.85,3.6934,1,4520,6.72,5966,6.72,5966,6.72
1986-07-05 22:40:46,19.3927,-155.2765,11.04,1.88,3.334,1,4520,6.72,5967,6.72,5967,6.72
1986-07-07 01:53:02,19.3228,-155.1192,7.28,1.55,20.7142,1,4521,6.72,5968,6.72,5968,6.72
1986-07-07 15:26:34,19.327,-155.1242,8.29,2.57,20.0224,1,4521,6.72,5969,6.72,5969,6.72
1986-07-07 21:22:48,19.3263,-155.1748,8.21,1.88,15.7928,1,4522,6.72,5970,6.72,5970,6.72
1986-07-07 22:24:24,19.33,-155.1692,10.04,1.58,15.9715,1,4523,6.72,5971,6.72,5971,6.72
1986-07-07 23:13:29,19.4217,-155.333,7.11,1.86,4.8243,1,4524,6.72,5972,6.72,5972,6.72
1986-07-08 04:39:02,19.402,-155.2623,2.87,1.63,3.3429,1,4524,6.72,5973,6.72,5973,6.72
1986-07-08 18:17:52,19.4012,-155.2633,3.53,1.92,3.3206,1,4522,6.72,5974,6.72,5974,6.72
1986-07-08 18:25:20,19.4212,-155.2778,13.6,1.78,0.9653,1,4523,6.72,5975,6.72,5975,6.72
1986-07-08 22:40:14,19.3255,-155.1205,7.44,1.57,20.4407,1,4524,6.72,5976,6.72,5976,6.72
1986-07-10 00:59:08,19.272,-155.4367,9.24,1.87,22.8291,1,4523,6.72,5977,6.72,5977,6.72
1986-07-11 09:57:10,19.3207,-155.1882,5.0,1.59,15.2252,1,4522,6.72,5978,6.72,5978,6.72
1986-07-12 01:41:31,19.4545,-155.4778,7.85,1.95,20.3503,1,4520,6.72,5979,6.72,5979,6.72
1986-07-12 04:42:28,19.2955,-155.213,10.17,1.94,15.9691,1,4521,6.72,5980,6.72,5980,6.72
1986-07-12 05:08:13,19.2968,-155.2195,5.76,1.68,15.5201,1,4522,6.72,5981,6.72,5981,6.72
1986-07-12 05:37:02,19.4162,-155.3158,7.97,2.77,3.0668,1,4523,6.72,5982,6.72,5982,6.72
1986-07-12 06:31:35,19.2765,-155.213,8.64,1.56,17.8451,1,4524,6.72,5983,6.72,5983,6.72
1986-07-12 07:58:31,19.4187,-155.3147,6.1,1.54,2.9158,1,4525,6.72,5984,6.72,5984,6.72
1986-07-12 17:03:40,19.4132,-155.319,6.79,1.55,3.4658,1,4525,6.72,5985,6.72,5985,6.72
1986-07-12 18:27:52,19.2902,-155.2197,7.48,1.94,16.1675,1,4526,6.72,5986,6.72,5986,6.72
1986-07-12 19:06:28,19.4867,-155.4515,8.8,1.9,18.7305,1,4527,6.72,5987,6.72,5987,6.72
1986-07-13 03:15:35,19.4413,-155.4748,8.76,1.66,19.8217,1,4527,6.72,5988,6.72,5988,6.72
1986-07-13 03:25:32,19.31,-155.2205,9.41,2.82,14.1778,1,4528,6.72,5989,6.72,5989,6.72
1986-07-13 10:58:38,19.4347,-155.4893,9.45,1.68,21.2683,1,4527,6.72,5990,6.72,5990,6.72
1986-07-13 20:52:53,19.3352,-155.14,7.22,1.54,18.1327,1,4526,6.72,5991,6.72,5991,6.72
1986-07-14 20:05:45,19.3862,-155.0172,6.43,2.12,28.56,1,4523,6.72,5992,6.72,5992,6.72
1986-07-14 20:47:29,19.3405,-155.2082,7.6,1.58,12.1839,1,4523,6.72,5993,6.72,5993,6.72
1986-07-15 06:44:49,19.3872,-155.1427,4.29,1.66,15.594,1,4521,6.72,5994,6.72,5994,6.72
1986-07-15 12:38:28,19.3478,-155.2268,1.56,2.13,10.3018,1,4522,6.72,5995,6.72,5995,6.72
1986-07-15 16:39:12,19.3268,-155.205,5.21,1.59,13.5539,1,4522,6.72,5996,6.72,5996,6.72
1986-07-15 21:59:38,19.3075,-155.5085,10.62,2.14,26.4423,1,4521,6.72,5997,6.72,5997,6.72
1986-07-16 22:20:02,19.3987,-155.4492,10.0,1.97,17.1903,1,4519,6.72,5998,6.72,5998,6.72
1986-07-17 00:15:11,19.3608,-155.1957,2.94,1.62,11.6841,1,4519,6.72,5999,6.72,5999,6.72
1986-07-17 11:36:12,19.3802,-155.0402,7.13,1.82,26.2795,1,4518,6.72,6000,6.72,6000,6.72
1986-07-18 10:59:30,19.3362,-155.2128,6.53,1.58,12.2268,1,4516,6.72,6001,6.72,6001,6.72
1986-07-18 20:27:22,19.3875,-155.2458,2.88,2.01,5.7052,1,4514,6.72,6002,6.72,6002,6.72
1986-07-19 14:26:44,19.3273,-155.1923,7.57,2.36,14.3959,0,4512,6.72,6003,6.72,6003,6.72
1986-07-19 22:21:52,19.3228,-155.1828,6.24,1.59,15.4504,0,4512,6.72,6004,6.72,6004,6.72
1986-07-20 08:19:14,19.3537,-155.0352,6.1,1.84,27.4512,1,4513,6.72,6005,6.72,6005,6.72
1986-07-21 13:36:53,19.3585,-155.107,8.04,2.14,20.1186,1,4509,6.72,6006,6.72,6006,6.72
1986-07-21 21:02:15,19.3525,-155.0562,7.19,1.87,25.3789,1,4509,6.72,6007,6.72,6007,6.72
1986-07-22 03:34:41,19.3403,-155.214,8.17,2.68,11.7966,1,4510,6.72,6008,6.72,6008,6.72
1986-07-22 04:59:04,19.3388,-155.1953,8.09,3.7,13.2691,1,4511,6.72,6009,6.72,6009,6.72
1986-07-22 05:10:35,19.3172,-155.2298,6.25,1.52,13.0086,1,4512,6.72,6010,6.72,6010,6.72
1986-07-22 06:44:29,19.483,-155.4743,10.72,2.19,20.8128,1,4513,6.72,6011,6.72,6011,6.72
1986-07-23 07:34:29,19.3252,-155.5088,9.38,2.72,25.589,1,4513,6.72,6012,6.72,6012,6.72
1986-07-23 16:27:41,19.3323,-155.1985,7.6,1.84,13.5449,1,4514,6.72,6013,6.72,6013,6.72
1986-07-23 16:36:11,19.333,-155.1938,9.07,1.55,13.8322,1,4515,6.72,6014,6.72,6014,6.72
1986-07-24 03:07:13,19.3558,-155.0228,7.68,2.53,28.6446,1,4516,6.72,6015,6.72,6015,6.72
1986-07-24 16:01:04,19.37,-155.482,8.75,1.56,21.2238,1,4513,6.72,6016,6.72,6016,6.72
1986-07-24 19:55:00,19.4045,-155.2898,2.03,2.15,1.858,1,4514,6.72,6017,6.72,6017,6.72
1986-07-25 00:16:59,19.3253,-155.1802,6.93,2.21,15.4517,1,4514,6.72,6018,6.72,6018,6.72
1986-07-25 00:41:28,19.3875,-155.0497,7.41,1.73,25.1652,1,4515,6.72,6019,6.72,6019,6.72
1986-07-25 08:11:06,19.3152,-155.2172,4.8,1.8,13.8571,1,4515,6.72,6020,6.72,6020,6.72
1986-07-25 08:40:34,19.3308,-155.2018,6.4,2.2,13.4341,1,4516,6.72,6021,6.72,6021,6.72
1986-07-26 13:47:24,19.371,-155.0718,8.28,1.83,23.246,1,4513,6.72,6022,6.72,6022,6.72
1986-07-27 01:05:01,19.2913,-155.2192,8.96,2.12,16.0807,1,4513,6.72,6023,6.72,6023,6.72
1986-07-27 01:11:14,19.3987,-155.2512,1.82,1.61,4.4997,1,4514,6.72,6024,6.72,6024,6.72
1986-07-27 07:39:07,19.4103,-155.4453,5.94,1.95,16.6435,1,4510,6.72,6025,6.72,6025,6.72
1986-07-27 22:28:44,19.3637,-155.0198,4.52,1.83,28.7411,1,4510,6.72,6026,6.72,6026,6.72
1986-07-28 02:43:32,19.2943,-155.3618,8.16,2.01,16.1262,1,4511,6.72,6027,6.72,6027,6.72
1986-07-28 11:48:16,19.3278,-155.1245,5.33,1.57,19.9492,1,4512,6.72,6028,6.72,6028,6.72
1986-07-29 09:15:53,19.4305,-155.4018,9.09,1.6,12.0845,1,4512,6.72,6029,6.72,6029,6.72
1986-07-29 19:24:12,19.4495,-155.497,7.54,1.67,22.247,1,4512,6.72,6030,6.72,6030,6.72
1986-07-30 04:47:22,19.3683,-155.0512,3.37,1.52,25.4169,1,4513,6.72,6031,6.72,6031,6.72
1986-07-30 08:04:26,19.3498,-155.1025,8.34,3.09,20.9094,1,4514,6.72,6032,6.72,6032,6.72
1986-07-30 10:04:09,19.3187,-155.2288,4.91,1.6,12.9102,1,4514,6.72,6033,6.72,6033,6.72
1986-07-30 17:49:33,19.2897,-155.4955,9.87,2.14,26.2984,1,4514,6.72,6034,6.72,6034,6.72
1986-07-30 18:17:27,19.2257,-155.4643,6.98,1.89,28.5956,1,4515,6.72,6035,6.72,6035,6.72
1986-07-30 20:38:33,19.4248,-155.4885,9.0,1.69,21.1346,1,4516,6.72,6036,6.72,6036,6.72
1986-08-01 03:58:40,19.3635,-155.4775,10.16,1.74,20.9787,1,4512,6.72,6037,6.72,6037,6.72
1986-08-01 08:05:52,19.3972,-155.4273,10.81,1.66,14.9499,1,4513,6.72,6038,6.72,6038,6.72
1986-08-01 22:11:12,19.259,-155.38,6.61,2.07,20.4864,1,4513,6.72,6039,6.72,6039,6.72
1986-08-02 01:52:09,19.3897,-155.3417,10.81,1.9,6.7098,1,4512,6.72,6040,6.72,6040,6.72
1986-08-02 16:24:35,19.4277,-155.4852,8.52,1.98,20.7975,1,4513,6.72,6041,6.72,6041,6.72
1986-08-03 05:20:17,19.3265,-155.1208,7.03,2.05,20.3562,1,4513,6.72,6042,6.72,6042,6.72
1986-08-03 06:54:04,19.3877,-155.0195,7.88,1.82,28.2986,1,4514,6.72,6043,6.72,6043,6.72
1986-08-03 07:59:07,19.3232,-155.2495,5.75,1.91,11.5645,1,4515,6.72,6044,6.72,6044,6.72
1986-08-03 19:02:39,19.4047,-155.2878,1.3,1.89,1.8144,1,4514,6.72,6045,6.72,6045,6.72
1986-08-04 16:51:34,19.337,-155.1973,7.52,1.58,13.2581,1,4511,6.72,6046,6.72,6046,6.72
1986-08-04 17:12:35,19.3103,-155.408,10.95,1.56,17.6814,1,4512,6.72,6047,6.72,6047,6.72
1986-08-05 18:44:49,19.3478,-155.0428,7.02,1.85,26.8769,1,4509,6.72,6048,6.72,6048,6.72
1986-08-06 04:59:12,19.3687,-155.4433,10.28,2.0,17.3942,1,4509,6.72,6049,6.72,6049,6.72
1986-08-06 08:07:49,19.4043,-155.2912,2.0,2.26,1.9084,1,4510,6.72,6050,6.72,6050,6.72
1986-08-06 10:06:06,19.3472,-155.0412,7.8,2.25,27.0571,1,4511,6.72,6051,6.72,6051,6.72
1986-08-06 19:34:11,19.3358,-155.0988,7.33,2.26,21.8971,1,4511,6.72,6052,6.72,6052,6.72
1986-08-06 20:00:17,19.368,-155.486,10.06,1.58,21.6879,1,4512,6.72,6053,6.72,6053,6.72
1986-08-07 03:25:02,19.3245,-155.1908,6.27,1.59,14.7302,1,4512,6.72,6054,6.72,6054,6.72
1986-08-07 13:33:45,19.3477,-155.18,7.72,1.86,13.8709,1,4513,6.72,6055,6.72,6055,6.72
1986-08-08 02:44:29,19.3195,-155.44,9.77,2.62,19.6206,1,4512,6.72,6056,6.72,6056,6.72
1986-08-08 16:14:17,19.3012,-155.2795,8.87,2.25,13.3443,1,4507,6.72,6057,6.72,6057,6.72
1986-08-08 16:29:50,19.4123,-155.3197,5.55,1.55,3.5628,1,4508,6.72,6058,6.72,6058,6.72
1986-08-09 04:09:53,19.3307,-155.1015,8.16,1.87,21.8966,1,4504,6.72,6059,6.72,6059,6.72
1986-08-09 21:34:21,19.4273,-155.3298,6.72,1.55,4.5423,1,4500,6.72,6060,6.72,6060,6.72
1986-08-10 01:48:25,19.3708,-155.0212,7.29,2.23,28.4318,1,4499,6.72,6061,6.72,6061,6.72
1986-08-11 03:16:12,19.3558,-155.0808,8.95,3.31,22.8111,1,4497,6.72,6062,6.72,6062,6.72
1986-08-11 16:11:14,19.3523,-155.0485,8.59,3.66,26.1569,1,4494,6.72,6063,6.72,6063,6.72
1986-08-11 19:39:50,19.333,-155.2085,8.11,2.06,12.789,1,4495,6.72,6064,6.72,6064,6.72
1986-08-12 10:10:45,19.3763,-155.0597,7.96,1.82,24.3527,1,4495,6.72,6065,6.72,6065,6.72
1986-08-12 11:09:47,19.3753,-155.0282,4.95,1.82,27.6155,1,4496,6.72,6066,6.72,6066,6.72
1986-08-12 21:21:08,19.325,-155.131,7.28,1.88,19.5383,1,4469,4.85,6067,6.72,6067,6.72
1986-08-13 04:58:08,19.4173,-155.2737,1.1,2.02,1.4544,0,4381,4.85,6068,6.72,6068,6.72
1986-08-13 17:33:48,19.4467,-155.5027,9.54,1.6,22.7978,0,4278,4.85,6069,6.72,6069,6.72
1986-08-14 18:00:21,19.4717,-155.448,2.2,2.53,17.7974,0,4147,4.85,6070,6.72,6070,6.72
1986-08-15 14:15:34,19.2925,-155.4727,7.08,1.54,24.1596,0,4067,4.85,6071,6.72,6071,6.72
1986-08-15 17:37:17,19.3265,-155.2365,8.09,2.2,11.7678,0,4059,4.85,6072,6.72,6072,6.72
1986-08-16 07:41:37,19.2658,-155.4147,9.39,1.63,21.8476,0,4020,4.85,6073,6.72,6073,6.72
1986-08-16 11:43:12,19.4513,-155.4972,9.15,2.59,22.297,0,4018,4.85,6074,6.72,6074,6.72
1986-08-17 00:21:21,19.373,-155.3425,11.89,1.62,7.8973,0,3983,4.85,6075,6.72,6075,6.72
1986-08-18 07:40:35,19.3368,-155.182,8.46,1.57,14.4558,0,3924,4.85,6076,6.72,6076,6.72
1986-08-19 06:37:43,19.3317,-155.215,15.49,2.09,12.4757,0,3909,4.85,6077,6.72,6077,6.72
1986-08-19 23:17:28,19.3702,-155.0372,10.79,1.84,26.8024,0,3889,4.85,6078,6.72,6078,6.72
1986-08-20 13:34:12,19.2918,-155.2183,6.32,1.94,16.073,0,3866,4.85,6079,6.72,6079,6.72
1986-08-20 13:42:00,19.319,-155.1897,9.26,1.9,15.2585,0,3866,4.85,6080,6.72,6080,6.72
1986-08-20 18:11:11,19.6198,-155.157,10.57,2.31,25.9671,0,3862,4.85,6081,6.72,6081,6.72
1986-08-21 07:44:51,19.3273,-155.1393,3.7,1.57,18.6711,0,3847,4.85,6082,6.72,6082,6.72
1986-08-21 23:14:52,19.6277,-155.1582,18.39,3.61,26.6548,0,3831,4.85,6083,6.72,6083,6.72
1986-08-22 04:28:38,19.2513,-155.4463,9.47,1.84,25.2076,0,3827,4.85,6084,6.72,6084,6.72
1986-08-22 05:26:51,19.3173,-155.2348,7.79,2.31,12.7651,0,3828,4.85,6085,6.72,6085,6.72
1986-08-22 18:55:43,19.3625,-155.0777,7.13,1.53,22.8965,0,3815,4.85,6086,6.72,6086,6.72
1986-08-23 05:45:00,19.3222,-155.214,1.46,2.29,13.3917,0,3808,4.85,6087,6.72,6087,6.72
1986-08-23 06:33:30,19.326,-155.2038,4.99,1.89,13.7026,0,3808,4.85,6088,6.72,6088,6.72
1986-08-23 20:25:40,19.3475,-155.2207,6.8,1.57,10.7313,0,3793,4.85,6089,6.72,6089,6.72
1986-08-24 10:03:49,19.369,-155.4587,10.8,1.66,18.9139,0,3783,4.85,6090,6.72,6090,6.72
1986-08-24 11:31:03,19.3232,-155.2757,6.87,1.92,10.9393,0,3784,4.85,6091,6.72,6091,6.72
1986-08-24 22:11:41,19.3757,-155.4937,9.67,2.99,22.2565,0,3772,4.85,6092,6.72,6092,6.72
1986-08-25 08:48:58,19.3783,-155.4963,7.75,1.56,22.4591,0,3770,4.85,6093,6.72,6093,6.72
1986-08-25 16:47:54,19.3728,-155.484,8.41,1.73,21.3456,0,3764,4.85,6094,6.72,6094,6.72
1986-08-25 16:48:12,19.2653,-155.4957,3.04,2.34,27.9138,0,3765,4.85,6095,6.72,6095,6.72
1986-08-25 16:56:33,19.3262,-155.1827,7.8,1.89,15.193,0,3766,4.85,6096,6.72,6096,6.72
1986-08-25 23:09:40,19.3298,-155.192,8.76,2.19,14.2179,0,3762,4.85,6097,6.72,6097,6.72
1986-08-26 15:05:09,19.422,-155.4932,8.41,1.69,21.6237,0,3754,4.85,6098,6.72,6098,6.72
1986-08-26 18:04:07,19.3215,-155.201,5.57,1.51,14.2758,0,3754,4.85,6099,6.72,6099,6.72
1986-08-27 00:12:27,19.3957,-155.4537,10.64,2.72,17.7075,0,3755,4.85,6100,6.72,6100,6.72
1986-08-27 00:47:36,19.349,-155.4938,7.92,1.55,23.1215,0,3756,4.85,6101,6.72,6101,6.72
1986-08-27 05:54:26,19.3302,-155.2045,6.62,1.58,13.2979,0,3753,4.85,6102,6.72,6102,6.72
1986-08-27 10:43:13,19.2698,-155.4498,7.46,1.82,23.9666,0,3753,4.85,6103,6.72,6103,6.72
1986-08-28 15:08:04,19.3867,-155.51,7.53,2.05,23.6967,0,3739,4.85,6104,6.72,6104,6.72
1986-08-29 05:37:04,19.3332,-155.1108,7.33,1.57,20.903,0,3728,4.85,6105,6.72,6105,6.72
1986-08-29 07:33:10,19.3168,-155.1883,4.18,1.59,15.5387,0,3729,4.85,6106,6.72,6106,6.72
1986-08-29 08:31:20,19.3153,-155.2708,7.53,1.63,11.8755,0,3730,4.85,6107,6.72,6107,6.72
1986-08-29 09:01:23,19.4095,-155.3298,6.83,1.56,4.6668,0,3731,4.85,6108,6.72,6108,6.72
1986-08-29 15:19:28,19.3273,-155.2015,7.73,1.59,13.7477,0,3726,4.85,6109,6.72,6109,6.72
1986-08-30 03:30:54,19.4467,-155.4787,9.28,1.66,20.3035,0,3723,4.85,6110,6.72,6110,6.72
1986-08-30 05:00:18,19.2998,-155.4335,9.19,2.59,20.4406,0,3724,4.85,6111,6.72,6111,6.72
1986-08-30 08:14:24,19.3533,-155.0967,8.21,2.8,21.3331,0,3723,4.85,6112,6.72,6112,6.72
1986-08-30 12:39:37,19.3245,-155.2,5.09,2.06,14.0866,0,3722,4.85,6113,6.72,6113,6.72
1986-08-30 19:26:57,19.3277,-155.144,2.52,1.87,18.2387,0,3717,4.85,6114,6.72,6114,6.72
1986-08-31 00:17:23,19.3082,-155.2588,6.78,1.93,12.8869,0,3714,4.85,6115,6.72,6115,6.72
1986-09-03 10:41:10,19.3387,-155.5085,3.72,2.51,24.9712,0,3660,4.85,6116,6.72,6116,6.72
1986-09-03 15:00:27,19.4362,-155.4982,10.17,2.29,22.2112,0,3658,4.85,6117,6.72,6117,6.72
1986-09-04 02:55:11,19.3518,-155.4995,9.35,3.35,23.5797,0,3650,4.85,6118,6.72,6118,6.72
1986-09-04 02:57:07,19.3463,-155.4983,9.96,2.02,23.6688,0,3651,4.85,6119,6.72,6119,6.72
1986-09-04 05:58:41,19.3965,-155.2613,3.14,1.78,3.8324,0,3651,4.85,6120,6.72,6120,6.72
1986-09-04 06:02:00,19.3333,-155.1983,7.23,1.58,13.4786,0,3652,4.85,6121,6.72,6121,6.72
1986-09-04 19:01:10,19.3373,-155.0622,6.31,1.56,25.3509,0,3648,4.85,6122,6.72,6122,6.72
1986-09-04 23:58:37,19.3437,-155.1752,8.69,1.57,14.5399,0,3647,4.85,6123,6.72,6123,6.72
1986-09-05 07:29:10,19.444,-155.4803,9.61,2.14,20.43,0,3644,4.85,6124,6.72,6124,6.72
1986-09-05 12:33:47,19.3203,-155.2163,6.22,1.6,13.4308,0,3643,4.85,6125,6.72,6125,6.72
1986-09-05 14:55:28,19.3275,-155.2017,7.53,2.07,13.7171,0,3643,4.85,6126,6.72,6126,6.72
1986-09-06 07:13:54,19.4452,-155.4708,8.73,1.58,19.46,0,3636,4.85,6127,6.72,6127,6.72
1986-09-06 13:29:24,19.3908,-155.4292,10.48,1.66,15.2867,0,3636,4.85,6128,6.72,6128,6.72
1986-09-06 23:33:08,19.3613,-155.075,7.71,2.14,23.2061,0,3632,4.85,6129,6.72,6129,6.72
1986-09-07 01:43:48,19.3635,-155.0235,4.16,1.83,28.3678,0,3632,4.85,6130,6.72,6130,6.72
1986-09-07 21:46:07,19.2385,-155.4948,10.93,1.91,29.7859,0,3619,4.85,6131,6.72,6131,6.72
1986-09-08 11:55:19,19.3495,-155.043,7.11,1.85,26.8001,0,3614,4.85,6132,6.72,6132,6.72
1986-09-08 17:46:19,19.3843,-155.4537,11.13,1.69,17.9531,0,3612,4.85,6133,6.72,6133,6.72
1986-09-08 21:30:43,19.3973,-155.1117,2.64,1.97,18.5729,0,3611,4.85,6134,6.72,6134,6.72
1986-09-08 22:30:24,19.3403,-155.1945,8.55,2.18,13.2162,0,3612,4.85,6135,6.72,6135,6.72
1986-09-09 05:36:21,19.3228,-155.135,8.04,1.58,19.3255,0,3610,4.85,6136,6.72,6136,6.72
1986-09-09 06:12:55,19.3202,-155.2032,9.81,3.13,14.2446,0,3611,4.85,6137,6.72,6137,6.72
1986-09-09 06:14:01,19.3162,-155.1988,6.27,1.6,14.8798,0,3612,4.85,6138,6.72,6138,6.72
1986-09-09 17:25:57,19.3483,-155.0437,7.37,2.15,26.7701,0,3605,4.85,6139,6.72,6139,6.72
1986-09-10 05:11:18,19.3303,-155.1902,8.66,1.58,14.3117,0,3600,4.85,6140,6.72,6140,6.72
1986-09-10 05:42:14,19.3245,-155.1963,5.88,1.59,14.3411,0,3601,4.85,6141,6.72,6141,6.72
1986-09-10 07:43:06,19.3415,-155.2287,7.7,1.58,10.7492,0,3599,4.85,6142,6.72,6142,6.72
1986-09-11 16:45:43,19.3385,-155.1862,7.32,1.87,13.9984,0,3581,4.85,6143,6.72,6143,6.72
1986-09-11 17:13:54,19.325,-155.1447,6.89,1.88,18.3514,0,3582,4.85,6144,6.72,6144,6.72
1986-09-12 03:57:55,19.4458,-155.473,9.78,1.59,19.6977,0,3578,4.85,6145,6.72,6145,6.72
1986-09-12 05:34:10,19.31,-155.2328,6.91,1.62,13.5894,0,3579,4.85,6146,6.72,6146,6.72
1986-09-12 15:56:00,19.422,-155.3267,7.12,1.55,4.1645,0,3569,4.85,6147,6.72,6147,6.72
1986-09-13 04:00:13,19.4218,-155.5063,9.17,2.11,22.9974,0,3567,4.85,6148,6.72,6148,6.72
1986-09-13 18:14:35,19.325,-155.1237,8.25,2.28,20.184,0,3560,4.85,6149,6.72,6149,6.72
1986-09-13 22:06:38,19.4283,-155.3245,7.04,3.31,4.0151,0,3556,4.85,6150,6.72,6150,6.72
1986-09-13 22:23:04,19.4302,-155.3238,7.34,2.84,3.9921,0,3556,4.85,6151,6.72,6151,6.72
1986-09-13 22:55:00,19.4348,-155.3173,7.97,2.81,3.5283,0,3555,4.85,6152,6.72,6152,6.72
1986-09-13 23:33:36,19.4198,-155.3283,6.76,2.98,4.3328,0,3556,4.85,6153,6.72,6153,6.72
1986-09-13 23:36:38,19.4237,-155.3222,7.45,2.76,3.7032,0,3557,4.85,6154,6.72,6154,6.72
1986-09-13 23:39:40,19.4227,-155.3237,8.38,2.03,3.853,0,3558,4.85,6155,6.72,6155,6.72
1986-09-14 00:18:08,19.426,-155.3213,8.16,2.02,3.6394,0,3558,4.85,6156,6.72,6156,6.72
1986-09-14 02:41:29,19.4262,-155.3217,6.83,1.54,3.6843,0,3557,4.85,6157,6.72,6157,6.72
1986-09-14 04:04:51,19.4213,-155.3248,6.61,1.85,3.9639,0,3557,4.85,6158,6.72,6158,6.72
1986-09-14 05:58:27,19.4233,-155.3163,8.87,1.55,3.083,0,3558,4.85,6159,6.72,6159,6.72
1986-09-14 08:04:12,19.4812,-155.4195,4.14,1.57,15.4208,0,3557,4.85,6160,6.72,6160,6.72
1986-09-14 13:18:46,19.353,-155.2517,9.82,1.58,8.4192,0,3554,4.85,6161,6.72,6161,6.72
1986-09-14 16:47:53,19.328,-155.126,8.0,2.05,19.8033,0,3555,4.85,6162,6.72,6162,6.72
1986-09-14 23:38:35,19.3878,-155.3402,10.16,1.6,6.69,0,3551,4.85,6163,6.72,6163,6.72
1986-09-15 12:02:56,19.3155,-155.2292,5.63,1.61,13.2055,0,3550,4.85,6164,6.72,6164,6.72
1986-09-15 16:55:15,19.4263,-155.317,7.63,1.72,3.2005,0,3547,4.85,6165,6.72,6165,6.72
1986-09-15 17:42:22,19.373,-155.4967,10.98,1.75,22.6321,0,3548,4.85,6166,6.72,6166,6.72
1986-09-15 18:29:08,19.3527,-155.0497,6.92,2.02,26.0235,0,3549,4.85,6167,6.72,6167,6.72
1986-09-15 20:17:08,19.2642,-155.5192,7.76,2.37,29.9581,0,3549,4.85,6168,6.72,6168,6.72
1986-09-15 20:59:08,19.3373,-155.214,7.19,1.58,12.0523,0,3550,4.85,6169,6.72,6169,6.72
1986-09-16 02:16:55,19.3257,-155.2023,5.55,1.59,13.8289,0,3550,4.85,6170,6.72,6170,6.72
1986-09-16 05:24:38,19.3022,-155.2407,7.67,2.11,14.0747,0,3549,4.85,6171,6.72,6171,6.72
1986-09-16 22:22:45,19.3472,-155.1368,8.55,2.03,17.764,0,3541,4.85,6172,6.72,6172,6.72
1986-09-17 14:57:37,19.3223,-155.2007,6.68,1.59,14.227,0,3532,4.85,6173,6.72,6173,6.72
1986-09-17 18:36:49,19.3175,-155.2227,7.49,2.31,13.3398,0,3533,4.85,6174,6.72,6174,6.72
1986-09-17 22:50:51,19.3272,-155.1153,6.89,1.87,20.8133,0,3534,4.85,6175,6.72,6175,6.72
1986-09-18 01:34:57,19.3433,-155.1027,6.89,1.85,21.1749,0,3535,4.85,6176,6.72,6176,6.72
1986-09-18 11:44:28,19.3327,-155.2138,8.09,2.06,12.4645,0,3532,4.85,6177,6.72,6177,6.72
1986-09-18 12:16:05,19.4345,-155.5115,11.4,1.71,23.5894,0,3533,4.85,6178,6.72,6178,6.72
1986-09-18 16:52:40,19.333,-155.2242,5.95,2.06,11.7961,0,3534,4.85,6179,6.72,6179,6.72
1986-09-19 01:23:21,19.4452,-155.4782,8.95,1.96,20.2288,0,3533,4.85,6180,6.72,6180,6.72
1986-09-19 02:32:20,19.3192,-155.1712,7.92,1.54,16.6043,0,3534,4.85,6181,6.72,6181,6.72
1986-09-19 15:52:02,19.3268,-155.3152,29.54,1.82,10.8841,0,3530,4.85,6182,6.72,6182,6.72
1986-09-20 09:32:21,19.2685,-155.3823,1.55,1.77,19.6853,0,3521,4.85,6183,6.72,6183,6.72
1986-09-21 00:19:06,19.3382,-155.3473,29.31,1.63,11.1701,0,3522,4.85,6184,6.72,6184,6.72
1986-09-21 02:04:40,19.348,-155.0438,6.08,1.85,26.7702,0,3523,4.85,6185,6.72,6185,6.72
1986-09-21 07:49:21,19.3842,-155.041,7.57,1.51,26.1232,0,3524,4.85,6186,6.72,6186,6.72
1986-09-22 01:47:11,19.4557,-155.4893,6.78,1.66,21.5603,0,3522,4.85,6187,6.72,6187,6.72
1986-09-22 11:10:48,19.3187,-155.2557,8.27,2.91,11.8397,0,3521,4.85,6188,6.72,6188,6.72
1986-09-22 11:50:48,19.335,-155.1943,7.12,2.05,13.6383,0,3522,4.85,6189,6.72,6189,6.72
1986-09-22 12:39:41,19.366,-155.0342,6.4,1.83,27.2115,0,3523,4.85,6190,6.72,6190,6.72
1986-09-23 12:47:22,19.3302,-155.1085,8.81,2.57,21.2731,0,3511,4.85,6191,6.72,6191,6.72
1986-09-23 20:33:39,19.378,-155.3437,10.43,1.61,7.6304,0,3509,4.85,6192,6.72,6192,6.72
1986-09-24 00:48:54,19.3648,-155.0722,9.09,1.84,23.3804,0,3508,4.85,6193,6.72,6193,6.72
1986-09-24 04:45:06,19.2358,-155.4358,8.19,1.85,25.8427,0,3506,4.85,6194,6.72,6194,6.72
1986-09-24 22:48:56,19.372,-155.4782,10.03,1.58,20.7805,0,3497,4.85,6195,6.72,6195,6.72
1986-09-25 06:20:14,19.4005,-155.2692,2.92,1.99,2.9465,0,3497,4.85,6196,6.72,6196,6.72
1986-09-25 08:43:10,19.3208,-155.1923,7.51,1.53,14.9274,0,3497,4.85,6197,6.72,6197,6.72
1986-09-25 09:06:14,19.343,-155.0445,6.41,1.86,26.8748,0,3498,4.85,6198,6.72,6198,6.72
1986-09-25 14:12:03,19.3342,-155.196,6.45,2.5,13.5749,0,3496,4.85,6199,6.72,6199,6.72
1986-09-25 14:31:45,19.3228,-155.1967,6.6,1.59,14.4556,0,3497,4.85,6200,6.72,6200,6.72
1986-09-26 00:54:55,19.3408,-155.1967,8.67,2.05,13.0096,0,3493,4.85,6201,6.72,6201,6.72
1986-09-26 10:31:35,19.3348,-155.1918,8.26,1.58,13.8419,0,3493,4.85,6202,6.72,6202,6.72
1986-09-26 14:19:48,19.4868,-155.4517,5.0,2.07,18.7541,0,3494,4.85,6203,6.72,6203,6.72
1986-09-27 01:01:30,19.295,-155.2205,7.02,1.69,15.6515,0,3494,4.85,6204,6.72,6204,6.72
1986-09-27 05:30:37,19.3947,-155.265,2.85,1.84,3.7252,0,3494,4.85,6205,6.72,6205,6.72
1986-09-27 20:19:29,19.533,-155.1238,25.67,2.79,21.1615,0,3489,4.85,6206,6.72,6206,6.72
1986-09-27 23:52:16,19.3958,-155.2582,3.81,2.53,4.1202,0,3490,4.85,6207,6.72,6207,6.72
1986-09-28 11:26:24,19.4608,-155.4573,9.24,1.59,18.3968,0,3484,4.85,6208,6.72,6208,6.72
1986-09-28 14:40:00,19.3657,-155.0807,8.47,2.31,22.495,0,3484,4.85,6209,6.72,6209,6.72
1986-10-02 05:31:51,19.3263,-155.5123,9.89,2.29,25.8731,0,3474,4.85,6210,6.72,6210,6.72
1986-10-03 01:03:49,19.3907,-155.027,8.31,2.21,27.4758,0,3470,4.85,6211,6.72,6211,6.72
1986-10-04 01:25:46,19.324,-155.2102,5.96,1.59,13.4626,0,3468,4.85,6212,6.72,6212,6.72
1986-10-04 13:00:36,19.37,-155.4993,9.34,1.75,22.9775,0,3462,4.85,6213,6.72,6213,6.72
1986-10-04 14:58:14,19.3833,-155.0408,6.26,1.81,26.1598,0,3462,4.85,6214,6.72,6214,6.72
1986-10-04 16:02:30,19.4335,-155.4845,9.46,1.68,20.757,0,3462,4.85,6215,6.72,6215,6.72
1986-10-05 04:48:13,19.3105,-155.2467,5.74,1.92,12.994,0,3457,4.85,6216,6.72,6216,6.72
1986-10-05 08:18:48,19.4163,-155.2947,5.96,2.5,0.9616,0,3455,4.85,6217,6.72,6217,6.72
1986-10-05 08:47:09,19.4045,-155.2663,1.37,1.83,2.8425,0,3456,4.85,6218,6.72,6218,6.72
1986-10-05 10:15:57,19.3772,-155.31,0.43,1.57,5.4348,0,3455,4.85,6219,6.72,6219,6.72
1986-10-05 10:37:31,19.4285,-155.3582,10.91,1.88,7.5126,0,3456,4.85,6220,6.72,6220,6.72
1986-10-05 11:17:17,19.4448,-155.0363,4.91,2.63,26.4216,0,3457,4.85,6221,6.72,6221,6.72
1986-10-05 11:23:43,19.4922,-155.2643,10.02,1.77,8.2672,0,3458,4.85,6222,6.72,6222,6.72
1986-10-05 12:24:03,19.3028,-155.2203,5.42,1.62,14.8899,0,3459,4.85,6223,6.72,6223,6.72
1986-10-07 09:17:45,19.3713,-155.4805,10.01,3.09,21.0338,0,3447,4.85,6224,6.72,6224,6.72
1986-10-08 04:31:06,19.3147,-155.169,6.37,1.89,17.1156,0,3439,4.85,6225,6.72,6225,6.72
1986-10-09 04:26:14,19.3283,-155.1198,8.41,2.58,20.3439,0,3427,4.85,6226,6.72,6226,6.72
1986-10-09 20:05:08,19.478,-155.4238,2.14,2.05,15.6811,0,3421,4.85,6227,6.72,6227,6.72
1986-10-10 02:57:20,19.4005,-155.4522,9.67,1.97,17.4743,0,3418,4.85,6228,6.72,6228,6.72
1986-10-10 11:18:22,19.3427,-155.115,7.36,2.03,20.0328,0,3417,4.85,6229,6.72,6229,6.72
1986-10-11 16:24:39,19.306,-155.2225,6.54,1.62,14.4674,0,3415,4.85,6230,6.72,6230,6.72
1986-10-12 02:07:48,19.3208,-155.2565,7.67,1.92,11.592,0,3415,4.85,6231,6.72,6231,6.72
1986-10-12 11:14:36,19.3265,-155.1348,8.82,2.42,19.1134,0,3413,4.85,6232,6.72,6232,6.72
1986-10-12 11:23:14,19.3302,-155.132,7.12,1.57,19.1391,0,3414,4.85,6233,6.72,6233,6.72
1986-10-13 10:14:28,19.3368,-155.0537,6.8,1.56,26.2021,0,3409,4.85,6234,6.72,6234,6.72
1986-10-14 03:59:49,19.3308,-155.1463,6.79,1.87,17.8447,0,3407,4.85,6235,6.72,6235,6.72
1986-10-14 17:09:16,19.2682,-155.4783,8.42,1.85,26.2964,0,3404,4.85,6236,6.72,6236,6.72
1986-10-14 20:05:26,19.3622,-155.482,3.86,1.66,21.4723,0,3404,4.85,6237,6.72,6237,6.72
1986-10-15 07:03:12,19.3252,-155.1907,6.14,1.89,14.6808,0,3403,4.85,6238,6.72,6238,6.72
1986-10-15 15:58:41,19.4562,-155.491,8.88,1.96,21.7456,0,3403,4.85,6239,6.72,6239,6.72
1986-10-15 16:15:18,19.3705,-155.475,9.72,3.05,20.502,0,3404,4.85,6240,6.72,6240,6.72
1986-10-15 18:56:47,19.366,-155.2375,13.49,2.05,8.0224,0,3404,4.85,6241,6.72,6241,6.72
1986-10-16 00:42:04,19.4355,-155.479,6.52,1.96,20.1979,0,3404,4.85,6242,6.72,6242,6.72
1986-10-16 02:36:36,19.4745,-155.4468,3.62,1.9,17.7797,0,3404,4.85,6243,6.72,6243,6.72
1986-10-16 06:33:26,19.3245,-155.1207,7.66,1.88,20.4809,0,3404,4.85,6244,6.72,6244,6.72
1986-10-16 15:46:41,19.3623,-155.0438,3.66,1.83,26.3306,0,3401,4.85,6245,6.72,6245,6.72
1986-10-16 19:00:53,19.3683,-155.4788,10.25,2.21,20.9528,0,3402,4.85,6246,6.72,6246,6.72
1986-10-16 22:13:55,19.3235,-155.255,7.37,2.21,11.3493,0,3402,4.85,6247,6.72,6247,6.72
1986-10-17 10:38:24,19.3402,-155.1408,7.25,1.86,17.7738,0,3400,4.85,6248,6.72,6248,6.72
1986-10-17 10:38:49,19.3328,-155.1393,6.99,1.57,18.3366,0,3401,4.85,6249,6.72,6249,6.72
1986-10-18 01:18:15,19.399,-155.2603,3.02,2.66,3.7184,0,3400,4.85,6250,6.72,6250,6.72
1986-10-18 05:34:13,19.3972,-155.2678,3.02,1.63,3.3255,0,3399,4.85,6251,6.72,6251,6.72
1986-10-19 07:01:22,19.3153,-155.2513,5.17,1.62,12.3356,0,3393,4.85,6252,6.72,6252,6.72
1986-10-19 13:22:01,19.3317,-155.1347,6.84,1.57,18.8104,0,3393,4.85,6253,6.72,6253,6.72
1986-10-19 16:25:39,19.3292,-155.2063,8.02,1.59,13.2613,0,3394,4.85,6254,6.72,6254,6.72
1986-10-19 17:50:19,19.4408,-155.5043,10.26,1.69,22.8923,0,3395,4.85,6255,6.72,6255,6.72
1986-10-20 04:58:11,19.2838,-155.5023,8.25,1.85,27.2567,0,3391,4.85,6256,6.72,6256,6.72
1986-10-20 19:53:05,19.3288,-155.1335,7.69,2.65,19.0888,0,3386,4.85,6257,6.72,6257,6.72
1986-10-21 01:11:51,19.3635,-155.067,7.95,2.23,23.9447,0,3386,4.85,6258,6.72,6258,6.72
1986-10-21 02:26:10,19.3407,-155.2135,7.78,1.88,11.797,0,3386,4.85,6259,6.72,6259,6.72
1986-10-21 08:34:36,19.299,-155.2195,6.99,1.93,15.3028,0,3385,4.85,6260,6.72,6260,6.72
1986-10-21 09:51:42,19.4798,-155.447,3.46,2.07,18.0047,0,3386,4.85,6261,6.72,6261,6.72
1986-10-21 16:24:00,19.3985,-155.2665,2.93,1.72,3.2989,0,3387,4.85,6262,6.72,6262,6.72
1986-10-21 16:28:46,19.4025,-155.2697,3.02,1.54,2.743,0,3388,4.85,6263,6.72,6263,6.72
1986-10-21 18:40:01,19.4033,-155.269,3.2,1.63,2.7273,0,3389,4.85,6264,6.72,6264,6.72
1986-10-22 01:26:46,19.3617,-155.0773,6.84,2.01,22.9622,0,3390,4.85,6265,6.72,6265,6.72
1986-10-22 10:50:30,19.3963,-155.3648,10.67,1.61,8.6089,0,3388,4.85,6266,6.72,6266,6.72
1986-10-22 15:05:47,19.366,-155.081,8.34,2.31,22.4556,0,3388,4.85,6267,6.72,6267,6.72
1986-10-22 16:53:46,19.4998,-155.4877,3.95,1.62,22.7931,0,3388,4.85,6268,6.72,6268,6.72
1986-10-23 00:54:36,19.3838,-155.285,11.59,2.05,4.1417,0,3387,4.85,6269,6.72,6269,6.72
1986-10-23 08:55:59,19.3957,-155.5073,24.4,1.78,23.2746,0,3387,4.85,6270,6.72,6270,6.72
1986-10-23 23:13:18,19.4415,-155.3725,9.97,1.57,9.2506,0,3383,4.85,6271,6.72,6271,6.72
1986-10-24 02:08:03,19.4143,-155.3172,6.27,2.5,3.2532,0,3384,4.85,6272,6.72,6272,6.72
1986-10-24 21:42:57,19.4818,-155.4478,1.86,2.19,18.1644,0,3381,4.85,6273,6.72,6273,6.72
1986-10-25 02:26:26,19.3352,-155.2018,7.43,1.88,13.0728,0,3381,4.85,6274,6.72,6274,6.72
1986-10-26 00:38:26,19.3623,-155.0405,4.76,1.53,26.6661,0,3377,4.85,6275,6.72,6275,6.72
1986-10-26 08:12:33,19.3338,-155.205,7.33,2.06,12.9617,0,3378,4.85,6276,6.72,6276,6.72
1986-10-26 15:04:54,19.3312,-155.1808,6.81,1.88,14.9604,0,3379,4.85,6277,6.72,6277,6.72
1986-10-27 02:41:51,19.3508,-155.032,8.1,3.05,27.8631,0,3380,4.85,6278,6.72,6278,6.72
1986-10-27 03:08:51,19.3565,-155.0318,7.72,2.5,27.7121,0,3381,4.85,6279,6.72,6279,6.72
1986-10-27 17:25:44,19.3262,-155.1932,6.99,1.52,14.4201,0,3382,4.85,6280,6.72,6280,6.72
1986-10-27 19:10:39,19.236,-155.4612,10.7,2.18,27.5183,0,3382,4.85,6281,6.72,6281,6.72
1986-10-28 01:43:07,19.4165,-155.2632,14.65,1.85,2.5458,0,3380,4.85,6282,6.72,6282,6.72
1986-10-28 03:03:23,19.379,-155.2828,8.35,1.57,4.6909,0,3380,4.85,6283,6.72,6283,6.72
1986-10-28 10:25:40,19.3727,-155.012,7.84,2.13,29.339,0,3378,4.85,6284,6.72,6284,6.72
1986-10-28 12:27:51,19.5383,-155.26,4.05,1.71,13.3468,0,3379,4.85,6285,6.72,6285,6.72
1986-10-28 22:04:33,19.3897,-155.2808,12.32,1.87,3.5406,0,3379,4.85,6286,6.72,6286,6.72
1986-10-29 07:49:41,19.3713,-155.0708,8.13,2.13,23.3399,0,3380,4.85,6287,6.72,6287,6.72
1986-10-29 07:55:31,19.4442,-155.2585,8.66,1.8,3.9482,0,3381,4.85,6288,6.72,6288,6.72
1986-10-29 10:31:18,19.3985,-155.2668,3.11,1.53,3.2785,0,3380,4.85,6289,6.72,6289,6.72
1986-10-29 13:36:57,19.401,-155.2697,3.0,2.69,2.8702,0,3381,4.85,6290,6.72,6290,6.72
1986-10-29 20:13:24,19.3,-155.2262,5.71,1.93,14.89,0,3381,4.85,6291,6.72,6291,6.72
1986-10-30 00:16:04,19.3447,-155.2127,8.38,1.57,11.5206,0,3382,4.85,6292,6.72,6292,6.72
1986-10-30 02:22:45,19.4315,-155.497,9.7,1.99,22.0522,0,3383,4.85,6293,6.72,6293,6.72
1986-10-30 02:22:58,19.4278,-155.4975,8.93,2.27,22.0869,0,3384,4.85,6294,6.72,6294,6.72
1986-10-30 05:00:50,19.4367,-155.5105,9.42,2.0,23.5015,0,3385,4.85,6295,6.72,6295,6.72
1986-10-31 04:35:00,19.4287,-155.3225,7.59,1.55,3.8197,0,3384,4.85,6296,6.72,6296,6.72
1986-10-31 05:49:03,19.3733,-155.4982,9.64,2.54,22.7773,0,3385,4.85,6297,6.72,6297,6.72
1986-10-31 08:27:33,19.3158,-155.2507,8.32,1.62,12.3019,0,3383,4.85,6298,6.72,6298,6.72
1986-10-31 14:05:01,19.3138,-155.228,7.63,1.61,13.4312,0,3383,4.85,6299,6.72,6299,6.72
1986-11-01 04:43:02,19.3788,-155.0273,7.63,1.52,27.6393,0,3381,4.85,6300,6.72,6300,6.72
1986-11-01 11:39:40,19.3698,-155.0855,7.78,2.13,21.8879,0,3381,4.85,6301,6.72,6301,6.72
1986-11-01 12:18:59,19.3953,-155.2825,2.86,2.55,2.8964,0,3382,4.85,6302,6.72,6302,6.72
1986-11-01 16:52:39,19.2875,-155.2102,10.56,1.95,16.8903,0,3383,4.85,6303,6.72,6303,6.72
1986-11-01 17:49:13,19.3992,-155.0198,7.77,1.98,28.1275,0,3383,4.85,6304,6.72,6304,6.72
1986-11-01 18:31:56,19.418,-155.506,11.26,1.72,22.9685,0,3384,4.85,6305,6.72,6305,6.72
1986-11-01 22:53:51,19.464,-155.4703,10.31,2.34,19.8053,0,3384,4.85,6306,6.72,6306,6.72
1986-11-02 03:08:18,19.3853,-155.2475,29.23,3.24,5.7378,0,3384,4.85,6307,6.72,6307,6.72
1986-11-02 17:13:26,19.3377,-155.1968,8.51,2.57,13.2408,0,3383,4.85,6308,6.72,6308,6.72
1986-11-02 20:07:00,19.3877,-155.5107,8.98,2.22,23.7515,0,3383,4.85,6309,6.72,6309,6.72
1986-11-03 03:07:46,19.2892,-155.2158,6.86,1.94,16.4494,0,3384,4.85,6310,6.72,6310,6.72
1986-11-03 04:06:59,19.2862,-155.2178,6.76,1.64,16.6547,0,3384,4.85,6311,6.72,6311,6.72
1986-11-03 10:11:27,19.3422,-155.2002,8.28,2.55,12.6363,0,3383,4.85,6312,6.72,6312,6.72
1986-11-03 14:42:58,19.3023,-155.2188,9.24,2.1,15.0133,0,3381,4.85,6313,6.72,6313,6.72
1986-11-03 15:32:19,19.3068,-155.2165,3.5,1.61,14.6953,0,3382,4.85,6314,6.72,6314,6.72
1986-11-04 02:14:16,19.3572,-155.1258,8.25,2.14,18.3363,0,3383,4.85,6315,6.72,6315,6.72
1986-11-04 15:51:15,19.4325,-155.4838,8.54,1.67,20.6766,0,3379,4.85,6316,6.72,6316,6.72
1986-11-04 16:43:53,19.3478,-155.0825,7.11,2.15,22.9429,0,3380,4.85,6317,6.72,6317,6.72
1986-11-04 18:03:08,19.43,-155.357,10.12,1.87,7.4082,0,3381,4.85,6318,6.72,6318,6.72
1986-11-05 11:47:36,19.3225,-155.1275,8.92,2.06,19.9978,0,3378,4.85,6319,6.72,6319,6.72
1986-11-05 14:18:16,19.4523,-155.4318,8.04,1.61,15.577,0,3379,4.85,6320,6.72,6320,6.72
1986-11-05 19:13:06,19.3227,-155.1755,6.57,1.89,16.0089,0,3378,4.85,6321,6.72,6321,6.72
1986-11-05 20:35:43,19.3207,-155.142,6.7,1.58,18.8614,0,3379,4.85,6322,6.72,6322,6.72
1986-11-06 00:50:28,19.4788,-155.4695,9.52,2.81,20.1853,0,3379,4.85,6323,6.72,6323,6.72
1986-11-06 09:25:18,19.3222,-155.213,10.33,3.51,13.4519,0,3379,4.85,6324,6.72,6324,6.72
1986-11-06 12:19:04,19.3235,-155.1962,5.26,1.85,14.4314,0,3380,4.85,6325,6.72,6325,6.72
1986-11-06 22:33:03,19.3238,-155.1202,7.16,2.05,20.5664,0,3381,4.85,6326,6.72,6326,6.72
1986-11-07 04:52:01,19.3257,-155.1232,7.4,1.57,20.1876,0,3382,4.85,6327,6.72,6327,6.72
1986-11-07 10:39:32,19.3685,-155.442,10.47,2.17,17.2732,0,3382,4.85,6328,6.72,6328,6.72
1986-11-07 23:16:10,19.3365,-155.2037,8.41,2.36,12.8311,0,3382,4.85,6329,6.72,6329,6.72
1986-11-08 04:13:03,19.3825,-155.051,8.11,1.82,25.1195,0,3383,4.85,6330,6.72,6330,6.72
1986-11-09 01:41:28,19.3247,-155.1318,8.87,2.67,19.4864,0,3381,4.85,6331,6.72,6331,6.72
1986-11-09 04:54:14,19.4582,-155.4005,11.46,2.62,12.5993,0,3377,4.85,6332,6.72,6332,6.72
1986-11-09 09:57:03,19.4867,-155.4473,6.27,2.29,18.3258,0,3375,4.85,6333,6.72,6333,6.72
1986-11-09 13:14:42,19.39,-155.3065,10.11,2.64,4.0079,0,3376,4.85,6334,6.72,6334,6.72
1986-11-11 06:11:23,19.482,-155.4408,5.85,2.61,17.4939,0,3368,4.85,6335,6.72,6335,6.72
1986-11-11 14:52:39,19.3378,-155.2153,7.56,2.53,11.9229,0,3368,4.85,6336,6.72,6336,6.72
1986-11-12 01:07:55,19.3563,-155.2178,8.12,2.34,10.2198,0,3368,4.85,6337,6.72,6337,6.72
1986-11-12 05:25:16,19.357,-155.0732,7.59,2.14,23.5275,0,3369,4.85,6338,6.72,6338,6.72
1986-11-13 18:02:56,19.3822,-155.013,6.6,2.37,29.0596,0,3366,4.85,6339,6.72,6339,6.72
1986-11-14 01:42:08,19.4707,-155.445,7.82,2.61,17.4638,0,3366,4.85,6340,6.72,6340,6.72
1986-11-14 10:19:43,19.2997,-155.4602,8.89,1.86,22.6287,0,3366,4.85,6341,6.72,6341,6.72
1986-11-15 20:58:54,19.3407,-155.215,9.07,3.99,11.6948,0,3362,4.85,6342,6.72,6342,6.72
1986-11-15 23:58:33,19.3325,-155.3152,29.15,1.64,10.2756,0,3363,4.85,6343,6.72,6343,6.72
1986-11-16 06:49:43,19.395,-155.2593,3.09,1.63,4.0987,0,3364,4.85,6344,6.72,6344,6.72
1986-11-16 11:31:15,19.3953,-155.4985,9.6,2.87,22.3644,0,3365,4.85,6345,6.72,6345,6.72
1986-11-16 15:19:58,19.2895,-155.2178,6.44,1.69,16.3253,0,3366,4.85,6346,6.72,6346,6.72
1986-11-16 22:47:00,19.4167,-155.2658,8.87,1.55,2.2743,0,3366,4.85,6347,6.72,6347,6.72
1986-11-17 03:31:54,19.3765,-155.4548,9.87,2.0,18.2814,0,3367,4.85,6348,6.72,6348,6.72
1986-11-17 06:14:47,19.3235,-155.5003,10.28,2.28,24.863,0,3366,4.85,6349,6.72,6349,6.72
1986-11-17 14:20:33,19.3868,-155.2217,3.64,1.62,7.8338,0,3363,4.85,6350,6.72,6350,6.72
1986-11-17 19:38:24,19.4298,-155.2655,14.44,1.63,2.4581,0,3363,4.85,6351,6.72,6351,6.72
1986-11-17 19:52:20,19.3912,-155.2805,10.34,1.57,3.383,0,3364,4.85,6352,6.72,6352,6.72
1986-11-17 20:20:15,19.4177,-155.2728,13.17,1.61,1.5339,0,3365,4.85,6353,6.72,6353,6.72
1986-11-17 20:36:22,19.4307,-155.2548,15.52,1.64,3.545,0,3366,4.85,6354,6.72,6354,6.72
1986-11-17 20:57:56,19.4322,-155.2623,13.34,1.61,2.8743,0,3367,4.85,6355,6.72,6355,6.72
1986-11-17 21:06:38,19.4482,-155.2732,11.83,1.6,3.353,0,3368,4.85,6356,6.72,6356,6.72
1986-11-17 21:35:47,19.4442,-155.2572,15.1,1.8,4.0524,0,3369,4.85,6357,6.72,6357,6.72
1986-11-17 21:51:17,19.4383,-155.2682,2.25,1.78,2.7547,0,3370,4.85,6358,6.72,6358,6.72
1986-11-17 22:29:42,19.405,-155.294,9.8,1.88,1.9245,0,3371,4.85,6359,6.72,6359,6.72
1986-11-17 23:33:31,19.4113,-155.247,15.47,1.63,4.3315,0,3372,4.85,6360,6.72,6360,6.72
1986-11-17 23:51:31,19.416,-155.2188,15.41,1.63,7.174,0,3373,4.85,6361,6.72,6361,6.72
1986-11-18 00:11:16,19.4295,-155.2607,10.98,1.58,2.9157,0,3374,4.85,6362,6.72,6362,6.72
1986-11-18 00:37:34,19.3425,-155.1815,8.0,2.04,14.0946,0,3375,4.85,6363,6.72,6363,6.72
1986-11-18 02:06:39,19.4283,-155.2685,14.26,1.84,2.1033,0,3376,4.85,6364,6.72,6364,6.72
1986-11-19 11:20:59,19.371,-155.294,15.57,1.9,5.6079,0,3371,4.85,6365,6.72,6365,6.72
1986-11-19 12:05:58,19.3827,-155.2878,11.39,2.05,4.2595,0,3372,4.85,6366,6.72,6366,6.72
1986-11-19 14:12:24,19.3132,-155.2138,6.9,1.91,14.2356,0,3373,4.85,6367,6.72,6367,6.72
1986-11-19 19:13:42,19.3222,-155.1422,9.12,3.19,18.7462,0,3374,4.85,6368,6.72,6368,6.72
1986-11-20 02:37:52,19.3272,-155.146,7.98,2.68,18.0985,0,3375,4.85,6369,6.72,6369,6.72
1986-11-20 14:14:58,19.4252,-155.3173,14.64,1.8,3.2113,0,3376,4.85,6370,6.72,6370,6.72
1986-11-20 14:18:09,19.4667,-155.264,17.25,1.83,5.625,0,3377,4.85,6371,6.72,6371,6.72
1986-11-21 04:41:33,19.3267,-155.1198,6.75,1.98,20.4347,0,3377,4.85,6372,6.72,6372,6.72
1986-11-25 21:23:52,19.3523,-155.1148,7.6,2.32,19.6113,0,3342,4.85,6373,6.72,6373,6.72
1986-11-26 05:14:21,19.5072,-155.3093,10.87,1.79,9.866,0,3343,4.85,6374,6.72,6374,6.72
1986-11-27 06:48:17,19.3952,-155.2577,2.95,2.78,4.2041,0,3341,4.85,6375,6.72,6375,6.72
1986-11-27 08:18:07,19.4917,-155.4563,7.08,1.9,19.4131,0,3342,4.85,6376,6.72,6376,6.72
1986-11-27 10:01:55,19.3802,-155.4457,9.8,2.16,17.2516,0,3343,4.85,6377,6.72,6377,6.72
1986-11-27 12:27:44,19.2978,-155.2713,4.43,1.65,13.7979,0,3344,4.85,6378,6.72,6378,6.72
1986-11-27 16:36:24,19.3123,-155.2315,5.8,1.61,13.4161,0,3345,4.85,6379,6.72,6379,6.72
1986-11-27 20:20:38,19.3433,-155.1952,8.07,2.05,12.9373,0,3345,4.85,6380,6.72,6380,6.72
1986-11-27 22:56:11,19.3253,-155.1397,6.4,1.88,18.7616,0,3346,4.85,6381,6.72,6381,6.72
1986-11-29 01:26:11,19.3302,-155.1927,7.88,2.53,14.1348,0,3345,4.85,6382,6.72,6382,6.72
1986-11-29 15:05:12,19.3355,-155.1725,7.11,1.87,15.3181,0,3341,4.85,6383,6.72,6383,6.72
1986-11-29 15:50:36,19.3637,-155.0858,7.77,2.38,22.0443,0,3342,4.85,6384,6.72,6384,6.72
1986-11-30 09:13:56,19.3008,-155.2207,6.6,1.62,15.0671,0,3341,4.85,6385,6.72,6385,6.72
1986-11-30 13:43:13,19.3723,-155.0308,7.98,2.31,27.4117,0,3340,4.85,6386,6.72,6386,6.72
1986-11-30 14:23:49,19.4212,-155.3408,5.25,1.52,5.6417,0,3340,4.85,6387,6.72,6387,6.72
1986-11-30 17:01:25,19.3202,-155.1427,6.38,1.58,18.8353,0,3341,4.85,6388,6.72,6388,6.72
1986-11-30 19:20:46,19.4055,-155.325,6.12,2.87,4.3416,0,3342,4.85,6389,6.72,6389,6.72
1986-12-01 05:52:18,19.3812,-155.0382,8.05,2.12,26.4672,0,3342,4.85,6390,6.72,6390,6.72
1986-12-01 20:53:00,19.4985,-155.4973,3.41,1.63,23.6725,0,3340,4.85,6391,6.72,6391,6.72
1986-12-01 23:07:11,19.3093,-155.2215,6.66,1.86,14.1945,0,3340,4.85,6392,6.72,6392,6.72
1986-12-03 00:33:55,19.3207,-155.2567,7.56,1.92,11.597,0,3331,4.85,6393,6.72,6393,6.72
1986-12-04 10:37:04,19.3278,-155.1913,5.97,1.56,14.4284,0,3322,4.85,6394,6.72,6394,6.72
1986-12-04 10:51:19,19.3238,-155.2037,7.93,2.6,13.8987,0,3323,4.85,6395,6.72,6395,6.72
1986-12-04 12:42:05,19.6042,-155.349,6.94,1.75,21.3822,0,3324,4.85,6396,6.72,6396,6.72
1986-12-05 06:35:14,19.4728,-155.4475,6.87,2.56,17.7868,0,3324,4.85,6397,6.72,6397,6.72
1986-12-05 14:46:11,19.3965,-155.2673,2.98,2.01,3.4192,0,3322,4.85,6398,6.72,6398,6.72
1986-12-05 15:53:35,19.3353,-155.1982,8.93,2.85,13.3258,0,3323,4.85,6399,6.72,6399,6.72
1986-12-05 21:09:42,19.3395,-155.2172,8.4,2.81,11.6506,0,3323,4.85,6400,6.72,6400,6.72
1986-12-05 22:03:38,19.3242,-155.4992,10.39,2.11,24.7252,0,3324,4.85,6401,6.72,6401,6.72
1986-12-06 03:25:36,19.3672,-155.076,7.86,2.73,22.9254,0,3324,4.85,6402,6.72,6402,6.72
1986-12-06 04:08:40,19.321,-155.1632,7.24,1.59,17.0968,0,3325,4.85,6403,6.72,6403,6.72
1986-12-06 13:43:26,19.3438,-155.2087,9.03,1.88,11.8806,0,3323,4.85,6404,6.72,6404,6.72
1986-12-06 22:10:41,19.3587,-155.0378,8.1,3.6,27.0408,0,3321,4.85,6405,6.72,6405,6.72
1986-12-07 08:51:44,19.3008,-155.2193,7.59,1.63,15.1355,0,3322,4.85,6406,6.72,6406,6.72
1986-12-07 14:25:57,19.3102,-155.2172,8.43,1.61,14.3322,0,3320,4.85,6407,6.72,6407,6.72
1986-12-08 11:49:38,19.5957,-155.0912,25.42,2.66,28.2583,0,3317,4.85,6408,6.72,6408,6.72
1986-12-08 13:41:05,19.45,-155.36,1.88,2.02,8.3059,0,3317,4.85,6409,6.72,6409,6.72
1986-12-08 13:44:48,19.4502,-155.3657,1.21,1.85,8.8679,0,3318,4.85,6410,6.72,6410,6.72
1986-12-08 15:44:09,19.3278,-155.145,6.2,1.63,18.1462,0,3319,4.85,6411,6.72,6411,6.72
1986-12-08 15:44:41,19.3273,-155.1477,5.87,1.87,17.9466,0,3320,4.85,6412,6.72,6412,6.72
1986-12-08 16:26:48,19.3968,-155.2618,3.24,1.53,3.7719,0,3321,4.85,6413,6.72,6413,6.72
1986-12-08 16:57:27,19.4485,-155.3557,2.2,2.67,7.8257,0,3322,4.85,6414,6.72,6414,6.72
1986-12-08 17:05:57,19.4478,-155.3543,2.05,2.67,7.6602,0,3323,4.85,6415,6.72,6415,6.72
1986-12-08 17:07:54,19.3137,-155.2218,9.21,3.21,13.7527,0,3324,4.85,6416,6.72,6416,6.72
1986-12-08 17:35:20,19.3143,-155.2247,8.09,2.09,13.5455,0,3325,4.85,6417,6.72,6417,6.72
1986-12-08 22:03:12,19.4522,-155.3582,1.8,1.54,8.2324,0,3326,4.85,6418,6.72,6418,6.72
1986-12-09 02:37:23,19.3057,-155.222,9.38,2.5,14.5214,0,3326,4.85,6419,6.72,6419,6.72
1986-12-09 15:38:22,19.4782,-155.4533,1.71,1.6,18.5601,0,3324,4.85,6420,6.72,6420,6.72
1986-12-09 20:33:41,19.5038,-155.0948,19.42,1.78,22.1545,0,3325,4.85,6421,6.72,6421,6.72
1986-12-09 20:46:21,19.3837,-155.3153,13.01,1.89,5.1,0,3326,4.85,6422,6.72,6422,6.72
1986-12-09 21:29:03,19.3205,-155.3103,20.3,1.68,11.4391,0,3327,4.85,6423,6.72,6423,6.72
1986-12-10 00:32:54,19.3293,-155.3637,19.04,2.5,12.9883,0,3327,4.85,6424,6.72,6424,6.72
1986-12-10 00:39:50,19.4377,-155.2508,27.06,1.68,4.2262,0,3328,4.85,6425,6.72,6425,6.72
1986-12-10 03:27:14,19.5292,-155.2772,28.06,1.59,12.0752,0,3329,4.85,6426,6.72,6426,6.72
1986-12-10 04:42:00,19.3547,-155.2853,11.48,1.6,7.3743,0,3330,4.85,6427,6.72,6427,6.72
1986-12-10 06:16:57,19.2907,-155.354,6.89,1.71,16.1035,0,3331,4.85,6428,6.72,6428,6.72
1986-12-10 07:21:21,19.4882,-155.0453,6.68,1.71,26.4203,0,3331,4.85,6429,6.72,6429,6.72
1986-12-10 08:50:59,19.3983,-155.2828,16.58,1.58,2.5623,0,3332,4.85,6430,6.72,6430,6.72
1986-12-10 12:11:17,19.4845,-155.4395,7.54,2.91,17.4787,0,3333,4.85,6431,6.72,6431,6.72
1986-12-10 14:35:36,19.418,-155.2805,13.24,1.55,0.7591,0,3334,4.85,6432,6.72,6432,6.72
1986-12-10 15:20:51,19.4097,-155.2977,11.84,1.56,1.6844,0,3335,4.85,6433,6.72,6433,6.72
1986-12-10 15:42:34,19.4063,-155.2485,17.79,1.56,4.3562,0,3336,4.85,6434,6.72,6434,6.72
1986-12-10 16:08:15,19.4097,-155.2815,12.47,1.55,1.3826,0,3337,4.85,6435,6.72,6435,6.72
1986-12-10 17:07:16,19.3967,-155.2797,17.55,1.58,2.8084,0,3338,4.85,6436,6.72,6436,6.72
1986-12-10 18:39:36,19.4012,-155.2885,13.71,1.57,2.2072,0,3339,4.85,6437,6.72,6437,6.72
1986-12-10 21:05:18,19.405,-155.3138,18.61,1.6,3.3261,0,3340,4.85,6438,6.72,6438,6.72
1986-12-10 23:22:51,19.4108,-155.3318,17.27,1.9,4.8329,0,3341,4.85,6439,6.72,6439,6.72
1986-12-11 00:02:32,19.3747,-155.2838,19.2,1.61,5.1592,0,3342,4.85,6440,6.72,6440,6.72
1986-12-11 00:16:16,19.4055,-155.254,16.96,1.61,3.8665,0,3343,4.85,6441,6.72,6441,6.72
1986-12-11 00:47:43,19.3387,-155.0388,5.79,3.2,27.5966,0,3344,4.85,6442,6.72,6442,6.72
1986-12-11 05:32:52,19.3867,-155.022,7.47,1.82,28.0537,0,3345,4.85,6443,6.72,6443,6.72
1986-12-11 08:59:04,19.3353,-155.199,7.72,1.58,13.2673,0,3346,4.85,6444,6.72,6444,6.72
1986-12-12 03:48:43,19.3278,-155.1158,6.57,1.87,20.7345,0,3344,4.85,6445,6.72,6445,6.72
1986-12-12 04:03:58,19.3243,-155.2243,8.75,1.9,12.6047,0,3345,4.85,6446,6.72,6446,6.72
1986-12-12 09:09:40,19.4302,-155.323,5.83,1.54,3.911,0,3346,4.85,6447,6.72,6447,6.72
1986-12-12 17:07:09,19.3193,-155.44,10.17,2.05,19.6334,0,3346,4.85,6448,6.72,6448,6.72
1986-12-13 11:39:23,19.3088,-155.2622,7.05,1.93,12.7444,0,3342,4.85,6449,6.72,6449,6.72
1986-12-13 12:05:51,19.328,-155.1987,8.77,2.63,13.883,0,3343,4.85,6450,6.72,6450,6.72
1986-12-13 15:24:58,19.4265,-155.3293,8.13,1.55,4.4775,0,3343,4.85,6451,6.72,6451,6.72
1986-12-14 22:41:43,19.4548,-155.4948,9.42,1.66,22.1108,0,3339,4.85,6452,6.72,6452,6.72
1986-12-15 00:21:36,19.3325,-155.193,7.64,2.18,13.9309,0,3340,4.85,6453,6.72,6453,6.72
1986-12-15 08:18:21,19.4657,-155.446,2.78,2.08,17.3966,0,3340,4.85,6454,6.72,6454,6.72
1986-12-16 04:59:43,19.3793,-155.505,10.91,1.75,23.3293,0,3336,4.85,6455,6.72,6455,6.72
1986-12-16 19:53:40,19.3722,-155.0653,8.16,2.22,23.8777,0,3334,4.85,6456,6.72,6456,6.72
1986-12-17 08:02:37,19.3047,-155.2517,5.42,1.93,13.4518,0,3332,4.85,6457,6.72,6457,6.72
1986-12-18 04:44:25,19.4433,-155.5018,9.34,1.69,22.6599,0,3329,4.85,6458,6.72,6458,6.72
1986-12-18 09:41:50,19.4798,-155.4502,1.91,2.07,18.3177,0,3330,4.85,6459,6.72,6459,6.72
1986-12-19 20:10:02,19.3648,-155.0808,7.86,2.43,22.5125,0,3326,4.85,6460,6.72,6460,6.72
1986-12-20 13:03:19,19.426,-155.2842,14.04,1.55,0.6289,0,3324,4.85,6461,6.72,6461,6.72
1986-12-20 23:33:58,19.311,-155.2585,6.02,1.63,12.5915,0,3321,4.85,6462,6.72,6462,6.72
1986-12-21 01:29:03,19.3583,-155.0745,8.81,2.32,23.354,0,3321,4.85,6463,6.72,6463,6.72
1986-12-21 05:01:16,19.423,-155.2785,20.61,1.58,0.919,0,3322,4.85,6464,6.72,6464,6.72
1986-12-21 05:47:08,19.389,-155.0408,7.83,1.99,26.0653,0,3323,4.85,6465,6.72,6465,6.72
1986-12-21 08:25:06,19.4202,-155.265,14.99,1.55,2.3091,0,3324,4.85,6466,6.72,6466,6.72
1986-12-21 10:51:32,19.427,-155.4893,9.37,1.99,21.2246,0,3325,4.85,6467,6.72,6467,6.72
1986-12-21 14:06:04,19.4055,-155.266,15.04,1.56,2.7968,0,3326,4.85,6468,6.72,6468,6.72
1986-12-25 18:33:11,19.34,-155.0632,7.02,2.5,25.1441,0,3316,4.85,6469,6.72,6469,6.72
1986-12-25 22:28:48,19.3505,-155.0215,7.45,2.4,28.9311,0,3317,4.85,6470,6.72,6470,6.72
1986-12-25 22:41:57,19.3438,-155.0685,6.94,2.56,24.4742,0,3318,4.85,6471,6.72,6471,6.72
1986-12-26 14:55:20,19.4293,-155.3265,3.87,1.54,4.2435,0,3319,4.85,6472,6.72,6472,6.72
1986-12-28 06:33:01,19.3767,-155.4407,9.48,2.38,16.856,0,3315,4.85,6473,6.72,6473,6.72
1986-12-28 17:14:40,19.4578,-155.4833,9.61,2.13,20.9858,0,3314,4.85,6474,6.72,6474,6.72
1986-12-28 19:04:48,19.3393,-155.1888,7.05,2.05,13.7346,0,3315,4.85,6475,6.72,6475,6.72
1986-12-29 01:44:00,19.3303,-155.199,7.82,1.58,13.6722,0,3316,4.85,6476,6.72,6476,6.72
1986-12-29 06:05:27,19.5285,-155.2155,22.91,1.82,14.1094,0,3317,4.85,6477,6.72,6477,6.72
1986-12-29 07:34:29,19.4895,-155.1682,18.49,1.79,14.6003,0,3318,4.85,6478,6.72,6478,6.72
1986-12-29 09:27:31,19.4158,-155.2352,22.26,1.88,5.4632,0,3319,4.85,6479,6.72,6479,6.72
1986-12-29 13:40:36,19.3607,-155.302,12.43,1.91,6.8871,0,3320,4.85,6480,6.72,6480,6.72
1986-12-29 14:47:02,19.4293,-155.2362,18.28,1.55,5.4068,0,3321,4.85,6481,6.72,6481,6.72
1986-12-29 16:05:08,19.3692,-155.2317,21.2,1.61,8.1744,0,3321,4.85,6482,6.72,6482,6.72
1986-12-30 15:21:51,19.3442,-155.1078,0.03,1.85,20.646,0,3321,4.85,6483,6.72,6483,6.72
1986-12-30 21:57:33,19.3553,-155.0978,5.45,1.84,21.1472,0,3321,4.85,6484,6.72,6484,6.72
